employee_id,tasks_completed,average_task_quality,projects_led,client_satisfaction_score,hours_worked,deadline_met_score,innovation_score,efficiency_score,meetings_attended,collaboration_score,punctuality_score,training_hours_completed,work_engagement_score,peer_interaction_score,initiative_score,task_followup_score,speech_sentiment_score,speech_energy_level,speech_clarity_score,tone_consistency_score,speaking_speed,pause_frequency,pitch_variation,volume_stability_score,performance_rating
1001,42,5,1,94,41,7,4,5,8,8,6,13.2,5,7,9,9,0.54,6,7,7,109,4,5,5,Medium
1002,33,6,3,98,44,7,10,8,16,10,7,14.3,6,10,6,9,0.77,7,6,8,144,2,8,8,High
1003,47,8,5,89,53,7,7,10,18,9,7,13.0,10,6,7,10,0.92,9,6,9,178,3,8,10,High
1004,31,9,3,70,35,9,6,6,11,8,8,15.7,8,7,4,9,-0.35,7,2,4,93,6,5,5,Medium
1005,36,2,1,55,33,6,6,6,7,6,3,11.8,6,2,5,6,-0.34,6,4,2,78,8,1,5,Low
1006,33,6,2,57,33,5,4,6,7,5,7,10.8,5,3,6,4,0.08,4,6,4,94,8,4,5,Low
1007,29,3,2,43,35,2,6,6,8,3,6,6.1,4,6,3,2,-0.5,8,3,3,107,10,2,1,Low
1008,51,10,0,91,31,9,7,10,22,8,8,20.8,10,10,7,10,0.65,10,7,7,141,1,10,9,High
1009,44,8,1,57,35,8,6,4,13,5,5,7.6,7,4,7,5,0.31,6,5,5,129,4,9,7,Medium
1010,51,9,1,85,43,9,8,7,18,7,9,14.9,8,7,6,8,0.83,9,7,6,140,0,6,9,High
1011,30,6,1,51,44,4,5,2,9,4,5,6.3,1,3,4,5,-0.15,2,9,5,81,9,4,6,Low
1012,51,8,2,86,39,10,10,9,14,8,7,19.4,7,8,6,9,0.47,9,9,7,138,0,7,10,High
1013,56,8,1,97,47,5,8,9,16,8,8,17.2,10,8,10,7,0.85,9,9,8,124,2,8,10,High
1014,44,5,1,72,39,6,6,7,13,7,9,12.8,7,8,7,6,0.05,7,6,7,72,6,4,5,Medium
1015,25,5,4,43,27,6,3,4,7,3,6,9.7,2,3,3,1,-0.16,3,3,3,94,9,5,3,Low
1016,31,5,1,47,37,4,2,8,6,3,5,5.3,5,3,5,4,-0.24,2,5,3,94,9,5,2,Low
1017,42,7,1,44,36,7,5,8,15,7,6,16.9,5,8,1,8,0.27,7,5,8,114,2,7,6,Medium
1018,46,7,2,87,42,9,5,7,14,7,7,6.4,7,4,7,8,-0.27,5,4,4,124,5,7,6,Medium
1019,39,3,0,88,39,4,5,4,13,5,9,11.9,8,7,6,5,0.81,8,6,4,114,2,4,7,Medium
1020,41,5,2,72,41,8,4,6,14,4,6,11.2,7,5,6,7,0.11,3,5,6,112,6,3,9,Medium
1021,28,6,0,54,42,8,6,6,11,7,8,13.8,6,6,4,8,0.19,6,8,7,111,4,5,7,Medium
1022,35,4,2,49,31,7,3,4,13,1,6,3.6,3,6,6,6,-0.5,2,3,5,102,7,8,4,Low
1023,24,5,1,86,40,6,8,6,11,6,7,14.2,4,6,3,5,0.63,6,6,7,90,5,5,7,Medium
1024,35,6,1,80,41,7,5,5,11,5,7,8.2,6,6,7,8,0.35,7,4,6,122,4,7,7,Medium
1025,36,7,4,72,36,9,6,5,12,6,8,9.5,10,3,7,5,0.49,3,9,8,99,6,9,7,Medium
1026,52,8,5,62,39,10,7,10,12,7,10,15.8,7,9,10,9,0.6,6,10,8,143,5,8,8,High
1027,13,3,1,45,37,5,4,7,8,3,6,6.7,3,4,3,4,-0.25,1,2,6,81,7,7,2,Low
1028,33,4,2,77,40,8,9,6,17,9,10,11.1,8,8,3,9,0.3,6,5,6,142,2,6,7,Medium
1029,48,7,1,65,44,5,6,7,9,6,5,14.9,7,7,8,7,-0.09,5,3,9,96,1,4,7,Medium
1030,28,4,0,47,36,2,6,5,6,4,8,8.9,8,4,6,4,-0.27,1,6,7,89,11,8,5,Low
1031,49,5,4,84,46,7,5,9,12,6,7,19.2,5,7,9,7,-0.08,9,5,7,113,1,3,6,Medium
1032,42,3,0,49,28,4,4,8,10,5,4,7.2,8,3,4,3,-0.22,4,5,8,117,6,5,1,Low
1033,40,2,0,60,34,7,1,6,11,2,5,7.4,4,6,4,6,-0.05,5,6,1,111,5,2,3,Low
1034,47,7,5,78,43,10,8,7,17,10,8,18.0,8,7,10,9,0.78,8,9,7,146,2,6,7,High
1035,46,9,6,80,40,8,7,9,18,9,10,11.7,9,7,9,6,0.78,6,7,9,139,1,8,7,High
1036,45,10,3,91,55,9,10,9,16,8,8,15.5,10,9,8,7,0.92,7,6,8,121,3,9,9,High
1037,43,5,3,100,40,8,6,5,17,8,6,10.3,4,9,6,5,0.32,5,6,5,121,2,10,7,Medium
1038,29,7,1,59,34,3,2,6,9,9,3,9.4,4,6,5,3,-0.38,1,5,6,107,9,5,5,Low
1039,65,6,3,85,39,5,7,8,12,6,5,12.7,6,7,3,6,0.31,9,6,4,103,2,6,5,Medium
1040,54,4,1,68,38,6,6,6,12,9,8,12.6,9,4,7,6,0.25,8,5,10,97,0,2,6,Medium
1041,27,1,0,68,35,4,3,5,5,3,3,5.1,3,4,5,2,-0.33,5,4,5,108,11,3,5,Low
1042,35,5,3,84,31,7,4,7,13,7,4,12.9,5,3,7,5,0.64,6,5,7,107,4,6,6,Medium
1043,26,5,0,16,40,1,4,3,10,4,6,12.4,5,4,4,5,0.08,2,8,5,64,7,5,5,Low
1044,51,7,5,82,35,8,8,7,19,10,8,22.9,7,9,5,8,0.61,6,9,8,153,2,9,9,High
1045,32,3,1,61,41,8,3,5,9,7,7,12.6,5,6,3,8,0.46,6,7,9,111,2,8,5,Medium
1046,32,6,3,57,47,8,6,7,13,8,6,16.1,7,4,4,6,0.31,4,10,4,129,2,7,2,Medium
1047,43,6,2,96,38,5,6,8,14,6,6,13.8,7,8,7,7,0.1,7,7,6,99,4,6,7,Medium
1048,43,7,1,65,45,6,6,6,12,8,3,12.8,7,5,8,5,0.42,7,7,6,95,6,8,5,Medium
1049,43,8,2,68,32,8,3,6,15,5,8,6.9,7,8,8,6,0.34,6,5,5,97,7,7,6,Medium
1050,28,3,1,64,34,3,4,4,9,4,2,10.3,5,6,7,2,0.26,1,3,6,85,12,3,2,Low
1051,53,7,4,100,24,8,7,10,16,10,8,19.7,8,9,7,8,0.71,9,7,7,159,0,5,8,High
1052,46,6,4,84,52,9,8,7,15,8,8,19.0,10,8,8,9,0.99,10,8,10,135,2,9,10,High
1053,62,10,3,73,41,9,8,7,22,9,10,22.8,8,7,8,7,0.47,10,7,9,128,1,8,9,High
1054,45,10,2,71,46,10,8,7,16,10,8,16.6,8,10,8,7,0.76,10,9,6,149,0,8,9,High
1055,36,9,3,100,40,8,2,9,14,7,9,15.3,8,6,4,5,0.73,7,5,8,100,7,4,5,Medium
1056,51,10,1,83,41,7,9,7,16,9,8,14.8,8,9,8,8,0.86,9,10,7,155,0,7,8,High
1057,28,4,2,55,28,5,1,5,11,1,4,6.0,5,3,2,7,-0.04,2,5,5,97,6,5,2,Low
1058,35,4,2,75,32,8,3,3,13,5,2,4.9,4,7,2,3,0.09,4,1,7,66,4,4,2,Low
1059,31,3,2,58,31,6,5,3,3,2,9,9.8,4,5,6,5,-0.45,4,8,2,94,6,8,4,Low
1060,53,8,3,97,33,6,4,6,8,5,7,10.8,5,5,5,7,-0.05,2,6,3,113,1,3,6,Medium
1061,30,6,3,53,41,7,7,7,14,7,8,10.7,8,8,6,7,0.25,9,8,6,143,4,5,6,Medium
1062,36,7,3,90,45,7,6,4,15,7,6,15.1,5,8,5,7,0.43,6,8,5,98,1,3,9,Medium
1063,59,8,4,83,40,10,6,8,17,9,9,13.3,8,10,7,7,0.29,6,8,8,137,3,7,10,High
1064,40,7,1,87,37,5,5,3,8,6,3,10.0,4,9,6,4,0.57,8,2,7,127,5,7,5,Medium
1065,45,8,2,80,39,8,6,7,15,7,5,7.5,6,7,6,5,-0.01,7,7,3,121,4,6,8,Medium
1066,39,5,1,77,48,7,4,9,11,7,8,15.8,4,4,7,5,0.43,6,6,6,136,2,8,5,Medium
1067,29,6,0,40,41,3,4,5,8,5,7,3.7,4,3,4,5,-0.02,1,1,2,96,10,1,5,Low
1068,54,9,5,100,35,8,7,10,17,10,10,14.6,7,7,7,10,0.24,7,7,10,146,1,7,8,High
1069,35,2,1,56,30,8,1,9,7,2,6,6.5,7,5,3,7,-0.45,6,3,5,85,3,1,5,Low
1070,44,9,5,58,34,9,7,7,17,8,10,18.0,6,7,6,8,0.85,7,10,9,164,2,8,7,High
1071,45,8,5,86,38,8,7,10,12,9,7,13.4,8,9,8,8,0.73,7,10,8,129,2,8,7,High
1072,31,4,0,56,39,3,4,4,3,6,5,9.9,4,5,4,4,-0.34,1,4,7,89,7,6,6,Low
1073,38,2,0,45,41,7,3,2,9,7,3,4.7,2,5,1,7,-0.17,5,2,2,101,7,7,7,Low
1074,45,8,4,82,42,7,5,10,17,9,8,18.3,8,10,7,7,0.3,10,7,9,135,4,10,8,High
1075,51,8,4,85,48,9,10,8,15,8,8,20.0,10,9,7,8,0.28,9,9,8,142,1,6,10,High
1076,58,8,7,80,39,9,7,6,17,8,7,21.3,10,7,5,8,0.81,6,10,7,143,3,8,9,High
1077,38,8,3,69,38,10,9,9,15,8,10,15.0,8,7,8,9,0.35,8,7,9,135,2,8,9,High
1078,22,3,0,70,47,6,5,2,9,4,5,7.3,5,5,3,5,-0.11,7,4,2,112,6,3,4,Low
1079,44,7,2,83,42,6,5,4,9,7,6,10.2,9,7,8,8,0.85,3,7,6,113,0,6,6,Medium
1080,36,5,2,29,39,6,6,3,2,6,4,13.9,5,6,6,1,-0.38,3,3,4,92,5,3,3,Low
1081,48,7,4,81,39,9,6,8,16,8,6,14.3,9,9,6,8,0.77,6,7,9,134,2,9,8,High
1082,51,4,1,52,39,6,4,6,12,9,6,4.5,5,7,6,6,0.32,6,6,5,142,3,3,10,Medium
1083,51,4,2,55,43,5,3,5,15,8,7,6.4,6,6,2,9,0.47,5,8,5,120,5,6,5,Medium
1084,19,5,1,63,35,5,4,1,6,4,5,4.7,5,4,6,4,0.0,3,2,5,95,6,2,2,Low
1085,40,7,2,59,45,7,3,7,16,4,7,13.2,5,6,6,7,0.7,5,8,7,100,4,9,10,Medium
1086,31,4,3,60,35,8,5,6,13,6,7,14.2,8,6,7,7,0.78,9,6,7,78,6,7,8,Medium
1087,46,9,2,88,38,9,9,9,16,6,10,18.2,10,9,10,8,0.52,7,10,8,151,0,7,8,High
1088,50,6,2,43,45,9,6,7,11,7,8,9.3,7,9,6,7,0.22,6,5,7,99,1,9,8,Medium
1089,51,9,2,98,34,8,10,10,16,9,6,17.9,10,9,9,9,0.72,7,5,5,122,2,7,7,High
1090,41,5,4,75,33,6,3,7,16,7,7,12.7,7,6,6,7,0.51,7,8,9,121,3,5,8,Medium
1091,19,1,0,36,44,4,3,3,6,5,5,5.7,9,2,2,6,0.24,5,7,2,97,10,6,4,Low
1092,60,7,2,83,45,8,8,8,18,6,10,17.8,10,8,10,9,0.62,10,7,9,139,1,6,7,High
1093,54,9,2,97,44,8,9,9,11,9,7,16.3,8,9,10,9,0.49,8,8,7,154,0,8,9,High
1094,46,5,2,80,41,7,5,6,12,7,7,17.8,9,5,3,7,-0.08,5,8,6,112,3,7,3,Medium
1095,41,7,4,69,47,9,7,7,16,9,7,15.0,10,8,7,9,1.0,6,10,6,148,2,10,9,High
1096,29,8,1,47,32,8,4,8,11,10,5,8.3,9,6,7,6,0.4,9,8,5,100,8,6,5,Medium
1097,39,7,2,71,45,6,2,8,15,6,5,14.1,7,8,4,9,0.67,4,7,7,126,6,6,6,Medium
1098,43,6,1,73,41,9,5,7,9,6,7,11.2,7,5,5,9,0.16,4,6,4,114,5,10,9,Medium
1099,31,5,2,57,30,3,5,8,7,3,2,10.0,6,7,4,4,-0.26,2,1,7,98,7,3,1,Low
1100,40,6,1,28,39,1,2,9,12,4,4,6.4,6,6,5,4,-0.38,5,5,4,89,10,1,3,Low
1101,24,5,2,58,30,5,4,7,4,4,4,7.4,3,8,2,4,-0.36,1,4,9,88,10,6,5,Low
1102,40,6,2,70,40,4,7,9,15,8,5,11.3,8,7,4,7,0.05,9,2,5,107,5,6,8,Medium
1103,44,8,3,77,41,6,3,7,14,10,8,10.0,8,6,5,6,-0.27,7,7,4,110,6,8,6,Medium
1104,37,7,2,67,44,7,9,7,11,7,9,9.2,5,7,7,3,-0.13,5,7,6,102,1,7,8,Medium
1105,58,9,3,81,45,9,9,9,22,9,7,17.2,9,7,8,8,0.78,9,9,4,125,2,9,10,High
1106,33,6,4,100,36,6,5,6,13,5,5,8.9,8,5,4,8,0.54,8,5,4,87,3,2,7,Medium
1107,41,5,2,72,43,5,3,5,9,7,7,10.0,7,5,5,8,0.15,7,7,6,120,4,5,6,Medium
1108,42,9,4,88,51,9,9,9,16,9,10,20.1,8,8,8,9,1.0,8,9,8,140,3,8,7,High
1109,35,6,4,67,37,8,7,5,18,5,9,14.5,7,7,7,7,-0.22,6,7,7,146,6,8,7,Medium
1110,27,3,1,34,34,6,4,5,8,6,8,12.5,4,4,2,5,-0.5,5,3,4,79,4,4,6,Low
1111,42,7,1,57,39,9,6,6,9,6,3,15.6,8,5,6,8,0.41,3,5,6,113,3,5,7,Medium
1112,24,3,2,41,29,8,3,5,11,5,2,8.3,4,5,5,8,-0.23,8,6,6,114,6,3,4,Low
1113,54,9,5,83,46,10,10,10,20,8,9,17.3,7,8,8,8,0.54,9,6,7,136,2,8,9,High
1114,52,9,4,100,42,9,8,10,15,8,8,16.0,9,9,6,9,0.56,10,10,10,142,1,7,7,High
1115,47,6,2,70,40,6,8,7,11,6,7,12.5,7,7,6,6,0.14,7,10,4,138,5,7,6,Medium
1116,56,10,1,100,44,9,7,10,18,10,10,15.2,9,8,5,9,0.95,9,10,10,161,1,9,10,High
1117,41,10,5,54,45,10,7,9,16,9,8,22.3,8,8,8,8,0.91,8,9,8,137,4,7,8,High
1118,29,4,2,65,40,6,3,4,6,2,7,6.1,2,4,5,4,-0.13,6,2,1,73,7,6,3,Low
1119,51,7,5,100,50,7,7,10,16,7,8,18.4,8,8,9,8,0.95,7,10,7,154,2,7,9,High
1120,38,4,2,69,40,7,6,6,12,8,5,12.5,6,6,7,7,0.63,4,8,5,102,6,7,6,Medium
1121,46,9,4,98,42,8,9,8,19,6,7,18.1,9,10,8,8,0.3,9,7,5,139,3,8,8,High
1122,52,9,3,79,47,10,7,10,15,9,8,16.8,7,10,7,9,0.79,9,10,9,120,3,6,9,High
1123,37,9,1,38,37,8,6,5,15,7,5,9.9,4,3,5,7,0.68,7,8,4,104,0,9,6,Medium
1124,28,3,1,59,28,5,4,4,12,4,5,8.2,7,8,4,3,-0.44,5,1,3,89,8,6,4,Low
1125,38,5,2,80,40,10,8,5,18,8,9,9.8,9,5,3,7,0.18,7,6,3,123,3,6,4,Medium
1126,41,9,3,73,40,8,5,7,12,5,8,8.4,6,8,4,6,0.16,6,7,3,108,3,7,5,Medium
1127,51,7,3,97,40,6,8,7,17,10,8,17.3,7,8,9,9,0.99,9,10,8,136,4,5,10,High
1128,40,7,4,69,35,9,7,9,14,9,10,18.7,9,10,10,10,0.61,9,8,10,150,0,7,10,High
1129,32,2,2,48,49,6,3,5,8,3,4,6.1,5,6,3,2,-0.34,5,1,5,95,4,5,8,Low
1130,38,4,1,76,49,8,5,8,12,10,9,13.5,8,5,5,9,0.05,5,8,7,85,5,7,6,Medium
1131,29,6,4,67,46,8,2,7,14,8,8,15.3,8,5,6,8,0.23,5,5,7,109,4,7,6,Medium
1132,41,7,1,73,46,4,6,7,16,10,7,13.5,5,3,8,7,0.11,6,7,5,112,5,9,6,Medium
1133,27,3,0,61,32,3,3,2,8,5,4,10.8,5,2,3,8,0.01,2,1,3,75,9,7,6,Low
1134,40,7,2,69,45,5,6,6,6,6,9,11.8,4,7,7,4,0.6,6,6,3,117,7,8,3,Medium
1135,50,9,5,76,42,9,7,6,20,9,7,12.3,6,10,8,8,0.84,4,9,8,146,2,10,7,High
1136,30,3,2,94,45,4,8,4,8,4,7,11.2,6,7,8,5,0.41,6,4,5,111,7,8,5,Medium
1137,51,5,2,58,45,8,5,7,11,5,8,12.2,4,8,3,6,0.42,5,3,5,117,4,4,5,Medium
1138,52,10,4,100,43,6,7,6,16,9,8,12.5,7,7,7,9,0.72,8,8,8,131,1,6,6,High
1139,43,7,2,83,48,8,5,5,11,6,6,11.8,8,6,8,5,0.44,8,4,7,109,4,2,5,Medium
1140,50,8,2,84,38,7,9,10,14,9,7,18.8,8,8,10,9,0.56,8,9,8,131,0,9,7,High
1141,47,7,5,87,41,9,8,9,16,9,7,16.4,8,9,7,8,0.65,9,8,10,122,2,10,10,High
1142,45,7,4,96,42,5,5,9,14,4,7,10.5,8,6,6,8,0.17,3,9,7,97,4,10,5,Medium
1143,33,5,4,89,38,7,7,4,12,7,9,16.6,8,9,7,6,-0.24,7,7,9,114,2,3,4,Medium
1144,44,4,1,73,49,8,3,6,14,6,8,14.4,8,5,7,7,0.31,8,6,4,146,3,3,8,Medium
1145,38,6,1,64,32,9,4,8,21,4,9,10.9,9,6,7,5,0.28,8,10,5,157,0,8,8,Medium
1146,34,4,2,31,37,5,5,6,8,6,5,2.4,2,6,3,8,0.1,1,4,6,79,7,4,6,Low
1147,25,6,2,95,34,5,8,4,5,6,7,10.9,7,7,8,6,-0.14,9,9,5,92,2,5,8,Medium
1148,28,7,1,81,37,6,5,4,16,7,4,8.8,5,9,5,6,0.53,7,7,4,121,2,5,6,Medium
1149,31,3,0,53,42,6,7,4,8,4,2,16.0,6,3,5,4,0.03,2,4,3,100,6,3,3,Low
1150,35,3,5,88,41,8,4,8,13,6,8,13.3,7,7,4,6,0.22,6,7,6,123,5,6,6,Medium
1151,52,6,5,78,39,9,8,6,18,6,9,17.2,10,9,6,8,0.7,9,8,5,134,1,10,8,High
1152,40,6,2,48,37,5,6,9,10,6,8,8.3,6,7,6,4,0.2,7,10,8,126,3,8,6,Medium
1153,36,4,2,47,33,5,3,6,8,4,4,8.6,4,5,3,5,-0.24,4,5,5,117,3,5,6,Low
1154,36,6,2,80,38,6,7,7,7,7,8,15.7,7,5,3,9,0.06,5,6,10,124,2,6,6,Medium
1155,45,8,2,81,39,10,8,9,13,8,8,13.5,8,7,8,8,1.0,7,8,9,167,0,8,9,High
1156,42,5,3,74,42,7,4,5,12,8,7,15.0,6,5,9,6,0.37,5,7,6,112,4,5,9,Medium
1157,34,4,1,64,42,6,5,5,11,7,7,15.8,6,6,6,7,0.38,9,7,6,119,6,7,8,Medium
1158,43,8,3,72,40,7,9,9,17,9,9,18.4,8,8,7,8,0.67,6,9,7,135,0,8,9,High
1159,45,3,2,54,45,7,5,9,12,9,5,12.8,6,5,7,4,0.2,6,8,5,89,3,6,6,Medium
1160,57,10,2,83,38,8,9,9,18,10,8,14.8,9,8,9,9,0.67,8,8,7,132,2,8,8,High
1161,57,4,2,45,43,6,6,3,6,7,9,12.6,3,6,5,6,0.37,5,6,4,119,2,4,5,Medium
1162,34,5,1,94,39,5,6,7,19,8,8,7.2,9,7,4,6,-0.0,4,5,8,131,2,8,4,Medium
1163,31,6,2,72,45,5,5,6,15,6,6,9.4,4,8,5,5,0.21,7,8,10,92,6,8,8,Medium
1164,30,4,2,80,41,6,3,7,9,7,7,15.3,10,6,5,7,0.06,9,3,7,116,1,6,5,Medium
1165,26,3,3,50,33,3,2,5,4,4,4,3.8,1,4,4,6,-0.24,2,7,1,91,5,7,6,Low
1166,46,9,5,89,40,7,10,10,15,10,6,14.5,9,8,9,8,0.35,7,8,8,147,1,7,6,High
1167,40,6,4,72,42,10,6,7,19,7,5,11.5,9,3,4,5,0.45,5,6,7,141,3,7,4,Medium
1168,36,3,0,89,35,4,2,5,4,4,4,9.8,8,5,5,5,0.3,6,4,1,105,14,8,5,Low
1169,26,5,1,62,44,3,5,6,10,6,2,9.8,5,2,6,5,0.14,5,3,6,71,7,5,4,Low
1170,49,8,2,63,48,9,9,4,9,8,6,14.1,8,7,6,7,-0.0,9,7,7,93,6,6,5,Medium
1171,38,8,2,91,47,5,6,5,10,5,5,14.8,6,6,7,7,0.54,3,3,5,103,3,4,9,Medium
1172,32,5,3,53,40,6,5,2,9,4,4,9.9,3,6,6,2,-0.18,7,2,6,80,6,7,4,Low
1173,52,9,2,70,35,6,8,7,11,6,7,13.8,6,8,9,7,0.12,9,6,4,100,9,5,6,Medium
1174,46,5,4,99,41,4,4,5,13,9,6,5.9,4,7,8,7,0.29,5,4,1,128,4,7,4,Medium
1175,42,6,3,97,44,8,4,6,14,8,7,6.9,6,7,5,6,0.48,3,6,4,106,2,5,7,Medium
1176,20,5,1,72,27,2,4,6,11,6,7,8.6,3,3,3,6,-0.09,8,4,5,90,8,6,6,Low
1177,54,4,2,77,38,6,5,8,14,4,9,14.9,3,6,5,6,0.32,4,6,5,135,0,7,5,Medium
1178,38,7,2,93,33,8,8,7,9,3,5,15.1,9,6,6,7,0.23,9,5,5,113,5,7,5,Medium
1179,56,8,5,86,45,7,10,9,14,8,8,17.9,9,8,8,9,0.77,8,7,7,142,2,6,8,High
1180,25,3,2,100,36,3,3,6,3,3,7,12.5,2,5,4,1,-0.22,5,6,6,82,8,7,5,Low
1181,44,6,1,100,42,3,8,6,15,5,10,8.4,6,4,8,7,0.48,7,5,6,102,4,7,7,Medium
1182,23,6,1,54,20,3,4,5,6,3,4,5.9,7,2,3,8,-0.23,2,5,5,82,12,1,5,Low
1183,52,6,3,100,44,10,7,10,17,8,9,17.9,7,8,8,9,0.7,9,10,8,132,0,7,8,High
1184,46,8,2,82,44,9,7,8,16,8,9,18.8,8,9,8,9,0.62,7,6,7,152,3,8,10,High
1185,38,5,2,90,41,6,7,6,18,8,6,15.2,8,9,6,5,0.31,5,6,6,111,2,3,3,Medium
1186,44,1,3,49,43,6,3,6,16,5,9,10.5,10,9,8,5,0.26,3,7,3,125,8,7,5,Medium
1187,47,8,2,69,44,10,5,10,13,9,7,22.4,10,10,6,8,0.78,9,6,6,135,3,6,7,High
1188,49,7,2,65,35,10,5,9,11,4,6,12.0,7,4,1,7,0.33,9,8,8,125,7,8,9,Medium
1189,34,4,0,88,45,6,5,7,10,5,6,7.9,6,7,8,7,0.06,7,7,5,144,2,7,6,Medium
1190,32,5,1,78,39,7,6,7,11,7,6,8.2,7,9,8,6,0.23,5,7,9,113,8,7,6,Medium
1191,23,3,2,100,37,3,3,4,7,6,2,5.9,3,5,4,3,0.03,3,3,1,88,9,5,3,Low
1192,41,7,4,88,42,7,10,9,18,10,6,20.3,8,8,8,9,0.68,9,5,9,161,5,7,10,High
1193,56,8,3,85,41,9,9,7,17,7,9,18.3,7,9,8,7,0.64,9,6,9,147,0,8,8,High
1194,52,6,2,76,40,5,5,8,11,5,9,8.0,5,7,6,5,0.05,7,6,5,119,3,8,5,Medium
1195,34,5,2,69,44,7,5,7,12,7,9,9.2,7,6,5,7,0.07,7,4,7,129,6,5,7,Medium
1196,46,5,1,47,45,7,9,7,7,8,5,20.1,6,7,8,6,0.36,9,8,7,124,6,6,8,Medium
1197,54,8,6,80,41,9,6,10,17,7,9,22.7,10,10,10,8,0.75,10,7,9,158,1,7,10,High
1198,62,8,4,53,49,9,7,8,19,8,8,24.0,10,8,9,8,0.79,9,7,8,140,3,8,8,High
1199,48,10,5,85,46,9,8,8,15,9,8,15.1,10,9,9,6,0.73,8,7,7,134,2,9,10,High
1200,52,10,3,92,42,10,9,9,18,10,10,14.0,10,9,10,10,0.78,9,5,8,135,0,8,7,High
1201,43,7,2,74,36,7,6,7,12,6,6,14.9,8,6,5,5,0.07,10,8,6,121,4,7,5,Medium
1202,40,6,0,92,42,6,3,3,11,5,4,8.4,9,2,6,3,-0.37,2,5,5,76,8,6,4,Low
1203,36,1,1,56,37,6,3,4,6,3,5,7.2,2,5,1,4,-0.36,2,5,4,97,7,4,4,Low
1204,56,8,6,100,40,7,7,9,16,9,10,17.5,7,8,7,9,0.87,8,5,8,135,3,9,7,High
1205,44,7,0,76,37,5,5,9,12,8,6,7.8,6,3,5,5,0.38,4,5,5,122,4,8,6,Medium
1206,27,5,0,42,39,5,1,7,9,2,5,6.8,3,2,6,8,-0.24,5,7,5,78,6,3,3,Low
1207,32,8,0,35,35,6,4,4,13,2,1,9.3,7,2,5,1,0.11,7,4,4,87,3,2,5,Low
1208,41,8,2,74,42,10,6,3,16,6,6,9.0,5,5,3,9,0.64,7,8,7,113,7,5,10,Medium
1209,34,4,1,38,37,6,3,4,12,4,4,8.1,3,6,6,6,-0.27,3,4,4,75,8,7,2,Low
1210,31,4,1,33,35,3,4,2,7,4,3,9.7,4,3,3,2,0.14,4,1,2,77,6,8,2,Low
1211,50,7,1,90,43,6,6,6,11,8,8,10.5,8,8,8,6,0.41,4,7,6,131,6,5,4,Medium
1212,51,6,2,64,38,7,6,9,19,5,8,11.1,7,9,6,8,-0.1,10,6,6,110,4,6,5,Medium
1213,44,5,2,46,36,6,6,8,11,4,9,8.0,5,6,6,8,0.32,6,5,10,123,5,5,7,Medium
1214,44,7,1,66,45,7,5,6,10,5,9,12.4,5,4,3,6,-0.06,3,7,9,144,2,7,5,Medium
1215,45,9,7,89,49,10,9,8,18,9,9,17.4,10,8,9,6,0.63,8,8,6,129,4,8,10,High
1216,40,8,4,94,46,7,6,6,9,8,4,13.9,5,6,7,6,0.23,5,5,5,126,3,3,6,Medium
1217,43,5,2,78,47,6,4,7,15,7,6,6.7,7,4,7,4,-0.34,5,9,6,132,3,7,6,Medium
1218,44,10,4,79,47,10,10,8,19,8,8,13.4,9,7,9,9,0.86,10,7,9,176,2,5,9,High
1219,37,6,3,78,40,7,3,7,9,6,5,13.2,8,8,7,7,-0.29,9,5,2,91,3,7,6,Medium
1220,41,9,4,93,52,8,9,9,17,9,9,18.0,9,8,8,8,0.48,9,9,9,150,0,7,7,High
1221,37,7,4,46,43,6,7,8,16,8,8,9.8,7,8,4,8,0.44,6,6,6,89,4,6,6,Medium
1222,49,6,2,100,48,6,7,5,14,8,6,11.5,4,7,8,6,0.28,6,5,4,128,0,5,5,Medium
1223,28,6,0,56,32,7,4,4,7,4,4,12.4,6,4,5,7,0.14,6,7,2,95,10,5,2,Low
1224,37,6,3,54,36,7,7,5,10,4,8,12.3,5,7,6,8,0.31,6,9,2,97,0,3,7,Medium
1225,49,6,2,75,36,5,6,7,13,5,5,18.1,4,8,6,9,0.23,5,5,5,117,4,4,8,Medium
1226,37,7,0,97,37,5,5,5,6,4,7,11.7,7,7,5,6,0.21,9,5,5,117,3,6,4,Medium
1227,57,9,4,96,40,9,6,9,19,8,8,14.7,8,8,7,9,0.86,9,7,7,172,3,10,8,High
1228,38,4,3,49,41,7,8,6,15,7,9,13.0,7,4,9,5,-0.06,4,5,3,131,3,5,9,Medium
1229,44,7,4,98,46,9,10,7,15,8,9,21.2,8,7,8,9,0.56,7,6,6,131,2,8,8,High
1230,42,7,2,58,47,7,7,6,12,9,6,8.2,9,7,7,6,-0.05,1,7,4,108,6,4,8,Medium
1231,43,8,1,81,47,10,7,8,20,10,7,17.8,9,8,8,9,0.83,9,10,9,110,1,9,8,High
1232,39,8,2,81,33,8,4,9,12,5,7,9.1,6,7,5,5,0.56,6,5,3,126,5,4,6,Medium
1233,40,4,2,62,39,4,6,9,11,5,5,9.6,6,10,5,7,0.03,8,8,4,116,4,6,6,Medium
1234,41,7,3,50,44,7,8,8,9,6,9,10.7,7,4,6,7,0.49,4,8,6,117,3,7,6,Medium
1235,23,3,2,56,30,6,5,6,10,5,2,13.7,3,3,6,7,0.3,1,7,6,94,7,6,3,Low
1236,47,8,3,84,39,10,10,8,19,9,7,18.6,10,7,9,9,0.77,7,10,7,136,7,8,9,High
1237,33,8,1,70,44,8,6,6,15,7,8,8.8,4,9,4,4,0.73,8,6,4,86,4,6,4,Medium
1238,39,2,2,73,45,5,3,4,5,5,6,5.3,5,4,2,3,0.25,6,5,3,77,3,5,7,Low
1239,46,9,1,49,47,8,7,7,11,7,7,13.8,7,6,4,7,0.13,8,7,5,133,3,5,5,Medium
1240,33,5,1,60,36,2,5,7,8,3,6,8.3,3,1,4,7,-0.02,8,3,2,73,8,6,7,Low
1241,51,9,5,74,39,8,8,9,14,7,10,15.8,7,8,8,8,0.41,8,7,7,116,1,10,10,High
1242,66,9,5,100,42,8,6,7,16,9,9,16.7,10,8,8,9,0.59,7,10,8,145,3,9,8,High
1243,50,9,3,98,47,8,8,10,18,8,7,14.1,9,9,6,8,0.75,9,10,7,109,5,7,10,High
1244,45,4,4,95,50,5,3,6,10,7,8,16.9,5,8,4,6,0.07,6,6,7,102,5,7,9,Medium
1245,28,4,0,27,34,1,7,3,11,5,6,6.1,5,6,3,6,-0.43,4,4,3,81,11,3,10,Low
1246,47,9,1,89,45,7,7,5,14,7,8,16.2,7,7,8,8,0.84,9,7,7,138,1,10,8,High
1247,45,5,1,61,42,7,6,6,12,4,5,6.4,4,8,4,4,0.38,7,5,4,118,5,5,6,Medium
1248,51,9,1,89,34,9,8,9,19,10,9,18.3,8,10,8,9,0.95,8,6,7,139,1,5,9,High
1249,53,7,4,90,47,8,7,7,16,10,9,18.6,7,7,7,8,1.0,7,8,10,148,4,9,7,High
1250,43,7,1,84,48,7,7,8,21,9,8,21.0,8,7,9,10,0.83,3,10,7,145,6,9,9,High
1251,29,5,2,69,41,6,4,9,12,7,9,12.6,9,7,6,7,0.39,7,9,3,127,5,5,8,Medium
1252,33,5,0,59,28,10,4,7,9,8,3,13.8,6,8,8,7,0.2,4,6,7,114,0,4,6,Medium
1253,53,8,3,62,43,7,8,8,20,9,9,19.1,9,8,8,8,0.66,9,8,10,131,2,9,10,High
1254,42,6,1,53,38,7,5,7,12,7,8,15.5,7,6,6,6,0.39,7,4,8,109,5,5,9,Medium
1255,30,5,1,74,38,3,4,5,12,4,4,5.7,5,5,2,3,-0.5,7,5,4,85,10,2,4,Low
1256,48,7,2,84,42,8,5,9,14,6,7,6.6,5,5,4,7,0.06,6,8,8,115,7,3,6,Medium
1257,55,5,3,77,42,7,10,8,19,8,7,14.6,6,8,6,6,0.53,8,9,8,132,0,7,10,High
1258,33,2,1,67,44,6,6,10,15,4,7,8.5,7,5,6,8,0.22,4,4,6,116,5,7,6,Medium
1259,41,6,0,46,40,8,9,8,13,1,8,9.8,5,8,5,9,0.08,7,8,3,110,6,5,5,Medium
1260,29,2,0,33,34,6,4,4,9,4,6,10.7,3,2,3,4,-0.03,1,1,5,112,7,1,6,Low
1261,54,4,1,72,42,8,4,5,17,7,6,11.7,5,5,4,7,-0.15,7,4,10,124,4,5,8,Medium
1262,65,10,2,100,39,6,8,8,18,9,7,16.6,9,7,9,8,0.09,8,9,8,146,1,8,9,High
1263,31,3,1,75,28,4,1,6,12,6,5,10.5,4,3,3,5,0.53,9,6,6,91,8,4,5,Low
1264,33,4,2,63,42,9,6,6,13,6,8,7.4,4,10,6,6,0.38,5,4,1,96,5,3,7,Medium
1265,48,9,4,88,33,9,6,9,13,9,8,15.3,8,9,8,10,0.74,7,10,8,142,2,8,9,High
1266,53,10,2,77,48,8,9,8,14,9,9,17.7,10,7,7,10,0.6,6,10,8,133,0,9,7,High
1267,46,9,0,53,39,6,4,7,12,6,6,10.2,7,7,5,7,0.02,2,4,7,113,6,8,6,Medium
1268,52,8,4,87,36,10,8,9,19,10,10,16.8,9,10,8,9,0.75,8,10,7,127,3,6,9,High
1269,46,5,0,59,35,6,4,7,12,6,5,10.0,6,5,3,7,0.48,4,7,3,106,9,4,6,Medium
1270,35,9,2,87,42,8,5,7,14,8,4,15.4,3,7,6,7,0.45,7,7,7,116,6,7,6,Medium
1271,45,10,3,95,49,9,8,10,13,8,8,11.3,8,8,7,7,0.81,9,10,10,121,2,9,7,High
1272,51,8,3,65,38,9,5,8,19,10,8,15.0,9,8,8,8,0.93,7,8,8,179,2,9,8,High
1273,44,8,6,100,42,10,7,10,17,8,9,19.6,9,8,8,10,0.33,6,8,9,134,1,9,8,High
1274,52,8,4,94,34,10,6,9,20,7,10,16.8,9,7,9,7,0.99,8,10,7,148,5,7,8,High
1275,46,8,4,60,37,5,5,7,13,7,6,14.5,7,8,8,8,0.06,9,8,9,93,5,3,9,Medium
1276,50,6,3,57,39,9,4,7,12,10,10,11.6,8,8,3,6,0.55,9,6,6,127,5,5,9,Medium
1277,52,8,3,90,35,9,7,8,19,9,8,18.6,10,8,9,10,0.65,9,7,9,155,6,8,9,High
1278,39,7,3,68,35,8,4,4,17,7,8,15.5,7,6,4,7,0.01,7,6,4,146,3,8,8,Medium
1279,58,10,5,100,36,7,7,8,14,8,8,22.2,9,8,8,7,0.54,7,6,8,132,0,7,6,High
1280,53,6,4,86,40,8,8,8,14,10,6,17.4,8,7,9,6,0.33,9,8,10,152,4,6,9,High
1281,54,8,2,100,32,9,8,9,11,10,9,18.2,10,8,8,10,0.59,10,9,9,141,0,8,6,High
1282,38,6,4,95,45,5,6,8,11,5,5,14.2,7,7,6,6,0.37,7,4,7,117,5,6,7,Medium
1283,43,7,2,50,30,6,6,8,12,7,5,10.4,7,8,6,7,-0.48,7,5,6,109,8,6,9,Medium
1284,30,5,0,60,24,2,2,2,2,5,3,9.8,4,8,4,6,-0.36,6,3,2,97,9,4,4,Low
1285,49,5,1,94,35,8,5,5,12,6,5,6.8,6,9,3,4,0.46,7,4,8,115,7,7,7,Medium
1286,26,4,0,26,32,5,3,4,8,3,4,6.4,4,1,5,5,-0.01,5,5,4,109,9,6,6,Low
1287,50,8,3,94,52,8,6,8,4,5,6,12.8,9,5,7,4,0.29,9,4,6,111,5,5,7,Medium
1288,31,6,3,60,44,6,9,9,11,6,7,5.0,8,3,4,7,0.51,3,4,4,102,6,9,5,Medium
1289,44,6,4,68,39,5,5,5,15,7,6,11.7,7,5,6,4,0.36,7,5,7,123,1,7,10,Medium
1290,42,5,2,56,42,7,7,7,10,7,6,10.8,5,8,9,2,0.07,9,4,8,116,5,6,9,Medium
1291,37,3,1,79,31,5,5,2,11,7,2,6.7,4,3,5,4,-0.02,5,6,6,92,7,5,4,Low
1292,34,2,0,54,35,3,2,5,11,6,6,6.7,4,1,5,2,-0.27,7,2,4,71,9,2,2,Low
1293,54,8,2,81,40,9,7,7,20,8,9,16.2,8,8,5,7,0.87,7,9,9,129,1,10,9,High
1294,44,7,2,72,34,6,4,6,16,6,5,13.4,7,5,6,10,-0.26,8,6,6,134,5,7,6,Medium
1295,39,6,3,49,32,5,3,2,9,5,7,6.8,4,6,5,6,-0.21,2,4,5,82,5,6,3,Low
1296,37,6,1,74,40,6,6,4,15,5,8,6.6,6,7,4,5,0.42,5,4,6,103,6,5,6,Medium
1297,56,9,3,100,46,10,8,9,18,10,7,20.1,8,6,6,6,0.84,10,6,8,135,3,9,8,High
1298,43,5,2,62,46,7,4,7,11,9,5,17.5,4,6,6,8,0.06,9,8,7,115,5,6,8,Medium
1299,42,7,2,69,48,8,5,8,8,6,8,14.4,5,7,2,7,0.55,6,6,5,95,2,6,7,Medium
1300,26,5,1,75,33,4,2,7,9,6,7,7.6,5,3,1,5,0.07,4,5,1,106,7,4,7,Low
1301,37,2,2,53,41,3,3,5,15,4,1,4.8,4,2,1,2,-0.26,7,5,4,86,5,3,7,Low
1302,23,7,0,78,40,8,4,9,10,8,5,17.0,5,7,5,5,0.5,6,5,3,115,6,7,6,Medium
1303,36,6,1,46,42,7,6,9,12,6,7,15.1,6,5,3,7,0.46,4,7,5,112,2,4,8,Medium
1304,45,7,3,79,44,8,8,7,9,7,5,15.2,5,6,7,6,0.3,8,7,2,122,3,6,5,Medium
1305,43,9,2,97,45,7,9,10,14,9,9,14.6,9,9,9,9,0.77,6,8,8,146,2,10,7,High
1306,55,6,4,94,43,8,10,7,11,7,8,12.1,7,10,9,9,0.69,7,6,6,134,1,7,9,High
1307,40,9,1,77,33,6,6,6,14,4,5,11.4,6,8,6,9,0.27,5,7,8,117,4,7,5,Medium
1308,31,9,1,70,35,7,6,6,11,6,6,10.1,8,7,4,6,0.02,5,7,6,128,3,7,6,Medium
1309,41,6,4,84,32,8,6,7,11,10,9,13.7,7,10,6,10,0.63,7,7,10,134,2,7,10,High
1310,47,6,2,53,39,5,9,7,12,6,6,9.2,8,8,6,5,0.29,5,4,3,134,5,8,6,Medium
1311,39,6,3,76,41,7,4,6,15,6,6,9.7,10,6,5,6,0.32,5,5,8,114,2,6,4,Medium
1312,21,3,1,37,35,3,2,1,8,4,2,4.8,4,3,5,1,-0.5,1,3,4,60,10,3,9,Low
1313,33,2,1,53,41,4,4,5,4,7,6,7.7,6,6,1,6,0.18,5,6,6,99,9,4,3,Low
1314,56,10,3,78,38,8,8,8,16,8,7,18.9,7,10,6,9,0.61,8,8,6,131,1,7,8,High
1315,55,9,6,83,36,6,5,6,21,8,10,11.1,10,6,8,9,0.39,9,9,10,147,2,9,8,High
1316,50,6,4,100,46,10,7,8,6,6,7,12.2,7,4,6,5,0.08,6,9,6,131,7,8,10,Medium
1317,38,4,1,68,43,8,4,7,16,5,7,15.6,6,6,7,6,0.84,6,6,6,100,1,4,5,Medium
1318,38,3,2,55,34,1,1,5,11,6,4,15.3,7,5,1,7,-0.24,4,6,7,78,8,5,3,Low
1319,36,6,2,93,29,2,2,2,12,1,7,11.2,5,7,2,2,-0.31,4,8,3,97,7,3,6,Low
1320,44,6,2,62,37,4,5,8,9,7,3,12.8,2,5,4,9,0.51,7,9,4,126,6,8,5,Medium
1321,34,4,2,94,32,9,3,8,11,6,8,12.8,7,9,5,7,0.34,8,8,6,111,0,2,5,Medium
1322,48,7,5,66,49,9,8,9,18,10,8,18.1,9,10,8,8,0.84,8,8,8,161,0,10,8,High
1323,30,5,1,90,38,5,5,10,10,6,6,15.9,5,7,3,7,0.33,4,5,7,109,5,7,6,Medium
1324,45,5,1,65,37,5,8,5,19,7,4,18.6,6,5,8,4,-0.1,3,8,8,125,4,9,8,Medium
1325,52,9,0,88,31,8,7,6,16,8,8,21.5,8,9,10,10,0.72,7,8,9,133,3,7,8,High
1326,60,8,5,98,33,9,6,8,9,8,8,15.7,8,7,9,6,0.92,6,8,10,161,0,8,8,High
1327,46,8,0,91,41,9,7,6,11,8,9,13.5,6,6,5,5,0.08,10,7,10,121,6,6,8,Medium
1328,60,6,1,68,30,10,6,3,10,7,7,11.4,6,8,7,6,0.18,4,8,5,96,8,7,5,Medium
1329,45,4,3,54,38,5,5,7,7,8,7,16.0,8,6,4,8,-0.3,9,5,8,110,5,9,7,Medium
1330,42,6,2,51,37,5,5,9,12,6,8,15.1,4,9,5,5,0.06,4,6,6,109,3,6,7,Medium
1331,49,6,1,62,37,6,4,7,9,8,5,9.0,6,7,5,6,0.54,5,7,8,155,4,1,6,Medium
1332,52,10,5,88,25,7,10,10,18,6,9,16.0,9,9,7,9,0.65,8,8,8,148,2,6,7,High
1333,27,5,1,26,38,4,2,6,11,4,6,9.5,6,4,4,5,-0.24,1,3,1,71,10,3,1,Low
1334,15,5,1,64,33,3,7,4,8,5,4,7.3,4,6,5,3,-0.11,7,3,2,83,7,3,4,Low
1335,30,6,1,27,31,8,3,1,11,9,7,8.2,8,4,5,4,-0.39,2,1,2,81,10,3,3,Low
1336,23,5,2,76,40,6,2,6,9,4,6,8.9,6,3,4,2,-0.19,1,1,4,88,9,4,6,Low
1337,49,8,6,85,38,10,8,9,18,8,9,13.2,9,8,10,8,1.0,9,9,8,128,4,9,10,High
1338,27,9,2,100,34,8,8,10,18,9,8,17.2,8,8,7,9,0.66,10,9,6,156,0,6,9,High
1339,37,6,3,66,34,8,6,7,15,7,7,12.2,9,8,7,6,0.36,7,5,9,112,5,7,5,Medium
1340,27,5,1,51,28,6,2,5,7,7,1,14.3,3,2,1,7,-0.07,5,6,3,94,5,2,7,Low
1341,40,6,2,44,34,7,6,5,11,9,6,7.4,7,7,6,9,0.17,4,2,10,98,5,6,6,Medium
1342,40,7,1,74,42,6,5,5,12,4,4,13.0,7,7,3,5,0.16,6,5,6,113,4,8,6,Medium
1343,37,6,0,47,39,6,1,6,5,1,2,5.5,3,6,3,7,0.19,1,3,2,80,7,6,4,Low
1344,42,4,2,71,34,5,6,6,7,6,5,15.2,5,5,4,9,0.03,8,8,9,144,9,6,5,Medium
1345,41,4,0,45,34,6,6,5,11,7,8,12.1,6,5,8,5,0.22,8,5,4,93,2,6,7,Medium
1346,41,7,0,38,36,6,5,7,13,6,6,8.0,5,8,5,5,-0.49,6,4,6,83,6,5,4,Medium
1347,48,4,2,65,42,5,6,9,11,8,8,15.6,6,6,6,9,0.22,7,4,7,110,6,7,7,Medium
1348,34,5,0,60,26,7,3,4,5,3,5,9.1,8,5,3,3,0.7,2,5,8,92,5,3,5,Low
1349,33,7,1,74,40,7,5,5,9,6,8,12.8,5,7,6,8,0.19,7,6,4,135,4,6,6,Medium
1350,44,6,2,59,36,8,9,7,16,7,8,13.1,6,6,5,6,-0.04,7,7,6,132,2,5,6,Medium
1351,52,7,0,85,36,4,7,7,10,5,4,13.4,8,7,7,5,0.48,6,6,5,122,6,4,10,Medium
1352,48,9,1,90,43,7,8,10,20,10,8,14.7,8,8,10,7,0.97,10,8,7,138,2,8,9,High
1353,42,3,0,87,40,7,7,6,14,6,7,11.2,6,6,6,9,0.11,9,3,7,121,7,5,8,Medium
1354,26,3,2,70,25,6,2,3,9,7,6,14.0,6,6,7,7,-0.23,4,3,3,87,6,2,7,Low
1355,29,2,1,59,36,4,1,3,10,6,3,8.4,4,5,6,4,0.0,7,2,2,64,7,6,7,Low
1356,35,4,4,81,40,8,4,6,12,7,8,12.6,9,5,2,2,0.54,6,6,5,115,5,7,8,Medium
1357,25,5,1,37,32,4,3,3,6,5,2,7.1,1,5,6,7,-0.38,5,7,4,60,9,4,3,Low
1358,32,6,0,66,48,5,5,8,12,8,7,14.4,7,9,7,9,-0.01,9,5,3,105,2,7,8,Medium
1359,48,8,1,82,44,8,9,9,19,8,8,12.7,8,7,7,8,0.65,7,8,7,138,3,7,9,High
1360,32,4,2,76,43,7,3,7,10,7,8,5.3,8,10,6,7,0.13,5,6,7,109,5,6,6,Medium
1361,46,3,3,80,46,5,7,4,14,5,7,15.4,7,6,4,6,0.53,8,7,5,123,8,7,6,Medium
1362,41,5,3,86,39,8,4,6,7,9,8,11.6,6,7,9,7,-0.01,6,3,7,95,2,3,6,Medium
1363,38,8,0,66,42,7,7,6,14,4,6,15.7,5,4,3,7,0.1,5,7,7,108,0,8,4,Medium
1364,35,6,4,65,36,6,7,4,11,8,7,13.0,5,8,5,6,0.23,6,7,6,118,5,9,8,Medium
1365,46,9,3,96,50,10,10,10,16,9,8,20.9,8,9,9,10,0.6,9,9,8,153,1,7,7,High
1366,38,5,4,58,50,9,2,7,9,6,7,6.5,7,9,6,4,0.24,7,6,6,110,3,7,9,Medium
1367,48,10,3,100,39,8,10,9,15,7,10,17.9,9,8,7,9,0.97,9,8,10,146,0,10,8,High
1368,45,7,5,68,46,9,9,9,17,6,9,15.9,10,9,7,9,0.48,9,7,7,151,4,9,8,High
1369,31,3,3,75,22,6,4,3,11,5,4,4.6,6,2,3,7,0.04,4,1,2,67,8,7,4,Low
1370,24,5,4,66,34,3,5,6,4,6,1,8.1,5,5,3,6,-0.33,4,6,4,79,9,8,5,Low
1371,30,5,1,35,37,6,4,7,7,4,4,8.7,3,9,3,6,-0.34,3,7,5,103,7,2,4,Low
1372,30,6,1,35,28,5,1,3,8,2,3,5.1,4,2,4,7,0.08,6,3,3,68,4,5,5,Low
1373,26,4,1,47,40,4,3,5,12,7,6,6.7,7,6,4,5,-0.25,3,1,2,94,10,3,4,Low
1374,45,5,4,77,48,5,6,6,7,8,6,11.2,3,7,5,6,0.87,7,5,8,124,0,7,4,Medium
1375,35,1,0,67,44,3,3,5,10,3,5,6.0,6,4,2,5,-0.5,4,8,2,93,9,8,4,Low
1376,33,6,0,70,41,7,5,8,10,7,6,8.1,6,6,4,5,0.14,7,7,7,124,0,6,7,Medium
1377,46,10,3,88,38,7,9,7,19,8,8,16.9,9,8,8,10,0.81,5,9,6,116,2,8,9,High
1378,31,7,1,30,31,2,6,4,8,5,3,10.8,3,4,4,4,0.16,4,5,3,89,5,6,6,Low
1379,38,7,1,74,40,8,9,8,19,7,8,14.7,8,9,8,9,0.78,10,8,8,157,4,9,8,High
1380,40,6,2,96,39,5,7,6,10,9,6,14.3,7,7,6,5,0.44,3,7,4,99,3,8,8,Medium
1381,26,4,2,27,44,4,3,5,10,3,4,7.7,6,5,3,3,-0.5,3,3,3,92,10,4,2,Low
1382,46,7,1,71,41,4,4,5,14,6,6,10.9,7,8,5,8,0.51,7,4,8,128,6,6,7,Medium
1383,40,8,1,52,36,4,7,8,16,4,8,13.3,5,9,5,7,0.51,6,6,9,122,2,6,7,Medium
1384,52,7,6,71,48,7,10,8,21,10,8,16.0,10,9,6,10,0.68,9,9,10,132,2,8,7,High
1385,52,9,5,74,38,7,7,9,21,9,9,14.0,8,10,9,9,0.32,6,10,8,145,2,7,7,High
1386,54,8,3,82,39,9,10,8,17,9,9,17.4,7,8,8,8,0.66,9,9,9,159,0,7,9,High
1387,38,5,3,81,48,4,5,6,17,5,6,11.8,6,6,4,9,0.42,7,5,6,125,0,8,6,Medium
1388,26,2,0,72,43,4,4,4,8,4,5,7.7,8,3,4,1,-0.27,4,2,4,91,8,7,5,Low
1389,59,8,3,90,40,8,10,6,15,8,10,17.3,8,7,6,9,0.45,6,7,10,155,2,9,8,High
1390,46,9,5,82,42,7,8,9,20,10,7,22.5,7,8,7,7,0.34,4,7,8,151,3,9,9,High
1391,54,7,4,100,45,8,8,10,20,8,8,21.7,8,9,8,7,0.88,6,10,6,145,5,9,8,High
1392,27,6,6,83,42,9,3,8,9,7,7,15.8,5,5,6,5,-0.31,2,7,8,119,5,4,6,Medium
1393,43,4,3,78,50,7,5,8,10,7,5,11.8,5,5,7,5,0.4,9,6,7,110,5,6,6,Medium
1394,44,8,3,96,38,8,7,10,15,9,8,16.6,8,9,9,9,0.74,10,8,7,149,3,7,9,High
1395,39,5,4,53,42,7,6,5,8,3,4,9.1,8,10,7,7,0.45,4,4,7,114,5,6,7,Medium
1396,43,10,5,86,37,8,8,6,17,7,10,15.3,10,10,7,9,0.58,6,9,8,131,5,9,8,High
1397,47,9,7,79,45,8,6,10,10,9,7,15.6,7,8,9,9,0.52,6,8,8,158,2,7,10,High
1398,47,7,2,56,32,6,3,7,11,8,8,11.0,7,6,9,7,0.28,5,10,6,148,6,6,8,Medium
1399,53,7,4,100,36,9,6,7,16,10,9,23.4,9,8,9,9,0.71,7,7,8,132,3,10,9,High
1400,44,10,4,100,40,8,7,9,12,7,7,18.9,6,7,9,10,0.8,8,10,9,149,3,10,8,High
1401,43,4,2,66,34,1,4,7,9,6,7,6.1,4,3,5,1,-0.19,5,1,2,68,11,4,4,Low
1402,55,8,5,88,43,7,8,7,23,10,8,15.0,8,9,5,9,0.17,8,7,8,104,1,8,8,High
1403,34,6,3,85,38,7,7,7,15,7,8,18.6,6,8,8,8,0.47,7,6,5,120,5,6,6,Medium
1404,57,8,2,85,37,9,10,9,19,7,8,23.5,7,8,8,9,0.68,9,7,10,139,2,8,9,High
1405,49,7,3,73,41,5,5,9,12,8,8,9.1,5,6,5,6,0.47,6,6,8,96,3,6,6,Medium
1406,59,10,3,77,45,8,9,10,20,8,9,17.8,8,8,6,7,0.54,6,9,6,141,4,8,9,High
1407,37,9,0,47,47,2,7,5,17,7,5,12.0,4,5,7,6,0.39,6,4,5,93,5,4,6,Medium
1408,32,3,3,57,30,5,3,1,2,5,4,5.5,6,6,3,8,-0.13,7,3,3,125,1,2,7,Low
1409,50,9,5,67,44,9,6,8,23,8,8,17.1,10,8,7,6,0.39,10,7,5,160,0,7,8,High
1410,37,6,2,58,29,3,1,7,9,3,2,7.0,4,6,4,1,-0.36,1,1,6,89,8,5,8,Low
1411,37,7,2,83,35,7,6,6,15,6,2,7.8,6,6,3,7,0.56,6,3,10,133,8,8,8,Medium
1412,40,8,4,89,35,7,8,8,19,9,9,20.0,9,7,10,8,0.33,6,10,8,141,2,6,10,High
1413,51,10,1,90,46,9,9,9,13,10,10,25.0,6,7,9,10,1.0,6,8,10,129,1,10,7,High
1414,44,4,1,61,42,6,5,7,12,6,6,11.3,6,5,5,3,0.14,2,7,7,113,4,4,8,Medium
1415,26,5,2,61,46,6,4,6,13,10,8,18.5,6,7,5,7,0.4,4,5,6,99,6,2,7,Medium
1416,41,6,2,71,40,7,5,8,10,5,4,16.7,7,7,3,6,0.04,8,3,6,70,5,4,7,Medium
1417,29,9,3,82,41,6,4,5,12,4,8,10.9,8,7,8,7,0.62,5,7,8,111,1,5,5,Medium
1418,34,6,2,64,36,8,8,9,12,6,5,14.2,4,8,7,5,0.44,5,9,6,136,2,6,6,Medium
1419,48,8,3,53,33,6,5,4,14,8,6,15.7,8,7,4,6,0.24,9,6,4,109,3,4,8,Medium
1420,50,8,2,94,41,9,10,10,16,8,10,19.2,7,9,10,8,0.33,6,6,6,133,4,8,6,High
1421,45,7,5,89,47,7,6,10,16,9,10,17.7,8,8,8,8,0.6,9,9,10,159,0,10,10,High
1422,41,8,3,91,39,7,10,8,16,7,8,20.0,8,8,9,8,0.78,8,8,7,151,2,8,8,High
1423,26,7,0,77,36,5,3,5,5,9,5,8.1,4,7,3,4,-0.08,2,3,5,118,9,4,6,Low
1424,56,5,1,69,43,4,6,7,12,6,3,11.0,6,6,6,6,0.51,7,4,7,124,0,4,6,Medium
1425,24,4,1,28,33,5,2,4,6,1,4,5.2,5,10,3,5,-0.3,6,7,6,96,9,5,2,Low
1426,45,5,2,64,43,9,3,7,14,8,7,17.1,6,6,5,8,0.13,8,7,6,91,6,2,6,Medium
1427,44,7,2,78,44,8,5,6,15,7,7,10.3,7,5,5,6,-0.2,6,6,3,97,3,5,7,Medium
1428,59,8,3,77,44,7,8,6,18,10,8,16.9,8,9,8,9,0.53,10,9,7,133,0,8,7,High
1429,37,4,4,100,43,6,6,6,12,7,6,9.3,6,10,5,6,0.07,8,6,5,88,4,6,8,Medium
1430,37,6,3,33,36,5,1,6,7,1,5,13.7,4,3,2,5,0.11,5,8,6,109,5,4,3,Low
1431,34,6,0,64,36,5,5,3,10,5,7,5.4,8,3,1,5,-0.39,6,2,3,81,3,5,4,Low
1432,44,8,5,89,48,8,10,9,20,10,6,22.8,9,9,10,6,0.58,7,10,8,132,1,9,7,High
1433,42,7,3,87,38,9,8,7,10,7,5,14.1,7,6,6,9,0.36,4,4,6,121,2,7,5,Medium
1434,32,4,1,52,27,5,3,3,9,5,5,7.7,3,5,3,6,-0.37,4,6,4,78,7,3,3,Low
1435,35,5,2,56,43,5,4,3,6,3,4,3.8,3,5,6,7,0.25,4,4,1,80,7,3,4,Low
1436,54,7,5,76,49,7,8,7,16,6,9,17.6,7,9,8,10,0.77,10,8,8,127,0,9,9,High
1437,34,6,3,56,38,7,6,4,12,4,8,6.2,5,6,6,3,0.19,2,2,5,60,9,3,4,Low
1438,29,9,3,84,36,9,8,8,13,8,8,17.3,9,9,7,8,1.0,8,7,8,115,5,7,9,High
1439,52,9,2,87,51,8,8,10,21,10,8,17.6,9,8,6,9,0.71,6,5,7,127,2,6,8,High
1440,25,3,2,63,21,6,4,4,6,7,8,11.2,3,6,2,4,0.03,4,6,3,85,9,2,1,Low
1441,38,6,0,73,30,3,4,4,7,6,3,7.8,6,2,3,5,0.29,4,6,4,81,6,8,1,Low
1442,47,9,7,100,42,7,9,8,12,9,8,21.9,9,8,8,7,0.56,8,7,8,129,2,9,7,High
1443,44,4,1,82,38,5,4,9,13,8,7,9.7,6,4,6,7,0.11,6,10,4,129,3,4,7,Medium
1444,35,9,2,64,41,5,7,5,13,8,7,2.6,5,7,5,9,0.22,7,5,6,102,4,6,6,Medium
1445,44,7,3,82,45,10,9,8,15,8,8,14.1,9,9,6,9,0.49,8,7,10,147,3,4,10,High
1446,51,5,5,94,51,8,7,8,16,8,9,12.1,7,9,10,9,0.21,9,8,10,140,4,7,7,High
1447,45,7,4,100,40,9,9,9,15,9,9,18.7,8,10,5,8,0.67,8,8,10,149,4,6,9,High
1448,55,9,4,100,50,9,8,8,16,10,9,15.9,6,8,10,9,0.81,7,6,7,147,3,7,9,High
1449,36,6,0,65,47,6,5,4,16,7,6,9.6,8,8,9,6,0.35,6,7,5,119,4,10,8,Medium
1450,24,4,0,84,27,2,3,5,8,4,4,8.1,4,5,3,3,0.08,6,4,3,99,5,4,5,Low
1451,54,8,5,68,47,10,8,8,15,8,8,16.1,8,8,10,7,0.97,6,7,8,138,1,9,8,High
1452,53,6,5,94,43,8,4,8,13,6,3,14.1,6,5,6,10,0.38,5,5,5,127,2,10,9,Medium
1453,38,3,2,62,35,9,9,6,8,6,5,10.9,6,8,4,4,0.33,8,7,5,113,5,4,5,Medium
1454,55,8,3,76,39,9,10,9,17,9,8,17.1,9,8,7,7,0.46,8,6,8,153,1,6,8,High
1455,46,4,0,62,29,5,4,7,6,9,5,9.0,4,4,5,3,-0.14,4,5,5,71,12,5,5,Low
1456,36,6,3,86,41,8,4,6,7,7,4,9.6,10,8,4,9,0.45,6,5,7,87,5,6,8,Medium
1457,32,4,1,81,30,5,3,5,2,3,2,11.3,6,4,2,1,-0.23,6,6,5,91,5,2,5,Low
1458,32,6,1,59,42,4,4,8,13,7,5,6.2,6,7,4,7,0.33,6,5,8,82,6,5,5,Medium
1459,29,5,2,71,27,5,2,5,6,6,6,7.1,5,2,1,5,-0.19,7,4,2,93,5,3,9,Low
1460,34,5,1,71,28,5,2,3,8,3,4,5.6,1,3,4,4,0.09,3,3,3,79,9,5,5,Low
1461,38,6,2,100,40,7,3,2,14,6,8,3.2,8,6,6,6,-0.05,4,5,5,98,8,4,6,Low
1462,40,5,1,63,34,7,4,8,13,7,7,14.8,7,7,3,6,-0.46,8,3,8,136,1,4,5,Medium
1463,54,8,3,100,48,10,8,7,14,9,8,14.1,8,7,7,7,0.92,10,7,7,145,3,8,10,High
1464,33,6,2,77,48,8,8,10,11,5,6,10.4,6,8,9,8,0.47,4,5,7,110,3,5,7,Medium
1465,47,9,4,97,39,8,7,9,15,10,10,16.4,9,9,9,8,0.54,10,9,6,151,2,8,9,High
1466,41,3,3,78,41,8,7,6,10,7,4,12.9,5,8,7,2,0.42,5,7,5,122,7,6,8,Medium
1467,37,9,0,71,40,7,5,3,10,9,6,14.0,9,8,5,8,0.55,7,7,5,86,6,4,7,Medium
1468,52,8,1,76,48,7,8,9,19,9,10,15.0,7,9,7,8,0.89,10,5,9,146,2,8,9,High
1469,35,9,1,86,35,5,7,9,14,6,7,9.6,7,6,8,5,0.17,6,9,7,108,3,7,5,Medium
1470,58,8,3,89,41,10,6,9,19,9,9,14.3,6,10,8,9,0.69,8,9,6,153,3,9,8,High
1471,26,2,3,64,34,4,5,9,16,9,4,2.0,4,3,3,1,-0.18,2,1,7,105,6,8,3,Low
1472,61,10,4,83,46,8,10,9,16,10,8,13.4,8,10,8,8,0.62,8,8,8,154,3,9,10,High
1473,26,6,1,51,32,4,3,3,11,1,1,9.8,4,6,2,6,-0.17,3,3,4,86,6,3,9,Low
1474,33,7,3,100,45,10,7,9,13,8,10,18.2,9,8,9,7,0.88,6,7,10,147,2,9,8,High
1475,46,3,0,72,41,7,3,8,12,6,3,15.2,6,6,5,5,0.25,7,4,4,106,2,6,3,Medium
1476,59,10,5,100,30,8,8,8,16,9,9,18.7,7,7,8,7,0.65,6,9,6,147,4,7,10,High
1477,20,3,0,85,29,7,3,4,8,7,3,10.8,4,5,3,3,-0.27,4,6,5,105,7,4,6,Low
1478,30,9,1,55,32,10,5,7,10,6,5,11.4,6,7,6,8,0.46,6,2,5,120,3,5,6,Medium
1479,53,9,4,87,44,10,8,10,22,8,10,14.8,8,10,8,8,1.0,8,9,7,141,5,10,9,High
1480,42,4,2,72,53,4,6,7,17,9,8,9.1,6,7,3,6,0.66,6,7,4,114,3,7,7,Medium
1481,29,5,2,98,39,5,6,7,17,6,6,14.6,6,5,8,6,-0.22,7,8,4,128,3,5,7,Medium
1482,43,6,0,63,40,4,5,5,9,8,5,9.6,6,10,6,7,0.04,8,9,5,98,2,5,7,Medium
1483,31,8,2,78,42,6,2,6,14,3,5,14.2,7,7,7,6,0.14,4,5,5,118,3,6,7,Medium
1484,42,5,1,83,37,8,6,6,11,7,6,15.7,7,5,6,4,0.13,6,5,5,93,5,8,7,Medium
1485,38,7,0,66,37,8,4,6,13,7,5,11.4,7,8,8,6,0.63,6,5,9,109,4,6,6,Medium
1486,58,9,6,90,45,8,7,10,14,8,8,18.2,10,8,6,8,0.68,5,9,8,120,1,7,9,High
1487,33,3,2,95,23,8,5,4,7,3,2,7.0,5,1,4,3,-0.2,5,7,3,71,6,4,3,Low
1488,34,4,2,43,36,2,6,6,18,5,5,12.2,8,8,3,7,-0.12,7,3,5,122,2,4,9,Medium
1489,47,8,3,89,40,9,6,7,17,7,9,18.8,8,10,8,6,0.67,10,10,10,124,4,6,7,High
1490,41,9,3,71,46,9,10,8,16,6,7,20.8,10,10,8,9,0.41,8,8,9,141,1,8,10,High
1491,37,6,3,65,47,7,6,4,8,6,7,22.7,6,7,5,9,0.19,6,7,4,108,5,7,8,Medium
1492,32,4,3,67,42,5,8,7,14,10,6,12.5,6,6,6,8,0.32,6,7,7,117,7,7,9,Medium
1493,45,6,4,81,44,8,7,4,7,6,6,14.8,7,7,3,7,-0.23,6,6,4,119,9,7,5,Medium
1494,32,6,2,62,33,5,1,6,10,2,1,13.3,2,5,3,4,-0.27,6,2,6,80,8,2,3,Low
1495,36,4,3,58,37,8,7,8,9,10,6,17.7,6,7,5,5,0.14,7,4,8,114,4,5,7,Medium
1496,35,4,1,81,38,7,3,5,17,6,4,12.2,7,5,8,7,0.53,8,6,8,105,3,2,4,Medium
1497,37,6,2,69,40,6,7,6,13,5,6,10.0,5,10,10,6,0.75,5,4,7,95,7,6,10,Medium
1498,31,3,0,60,38,4,3,5,13,3,7,6.4,4,2,5,5,-0.34,3,3,8,60,6,8,5,Low
1499,59,8,1,100,38,9,7,10,14,10,6,21.9,10,7,7,10,0.52,9,5,8,143,3,7,8,High
1500,61,9,5,100,36,8,8,6,13,7,10,18.8,8,9,7,6,0.53,10,7,9,124,1,7,9,High
1501,41,5,3,97,40,5,5,4,16,6,7,12.0,9,9,4,7,0.16,6,6,6,96,4,3,3,Medium
1502,52,7,1,44,33,8,7,4,12,7,7,7.1,7,6,5,7,0.13,4,7,7,111,3,6,10,Medium
1503,42,7,1,70,45,4,5,4,16,3,7,15.0,8,6,3,8,0.29,10,2,6,106,8,6,8,Medium
1504,44,8,3,79,38,10,8,8,14,10,8,21.0,10,7,6,7,0.78,10,9,7,151,1,9,8,High
1505,46,5,1,72,50,6,5,8,6,7,9,14.7,6,6,5,5,0.57,4,6,7,117,6,5,5,Medium
1506,29,4,1,42,28,6,4,5,10,5,7,6.5,4,6,5,5,-0.33,3,7,4,64,9,6,2,Low
1507,60,9,2,71,42,10,8,8,19,9,9,22.7,9,10,9,9,0.91,10,9,10,148,1,6,8,High
1508,48,8,4,100,41,8,7,8,17,9,9,16.6,10,9,9,7,0.46,8,6,10,130,3,5,10,High
1509,41,9,3,71,48,8,6,8,16,8,7,16.1,10,6,6,9,0.95,8,9,8,132,3,9,9,High
1510,53,8,4,89,38,9,10,9,18,7,8,11.4,9,8,7,9,1.0,9,7,8,120,0,8,8,High
1511,43,5,4,70,52,8,6,6,11,8,5,14.7,5,7,5,6,0.34,7,8,8,116,9,5,8,Medium
1512,45,5,1,89,51,6,4,7,14,7,6,11.1,7,6,4,4,0.02,6,7,6,115,0,7,7,Medium
1513,39,7,2,95,36,7,7,9,18,10,8,15.5,7,10,9,8,0.83,9,8,9,104,3,9,9,High
1514,58,10,4,94,44,9,5,9,21,9,7,11.7,9,9,10,10,1.0,10,7,8,140,3,7,9,High
1515,35,4,0,36,39,6,5,4,6,1,2,10.1,4,4,3,5,-0.5,3,2,10,93,3,4,5,Low
1516,37,4,1,70,31,6,2,4,10,6,4,3.3,4,8,4,5,-0.03,4,2,3,117,5,4,6,Low
1517,39,6,3,64,36,5,5,8,11,3,5,6.8,8,4,7,6,0.15,3,5,10,123,1,3,6,Medium
1518,42,9,4,87,44,8,8,7,16,10,8,17.3,7,9,9,9,0.77,8,8,6,164,1,7,9,High
1519,58,9,2,85,45,9,8,10,20,6,7,14.7,9,10,7,8,1.0,7,9,6,138,2,8,8,High
1520,27,6,0,58,40,2,5,6,8,2,3,8.6,4,6,1,4,0.02,6,3,4,87,3,2,3,Low
1521,40,6,3,72,32,7,7,8,12,4,8,9.6,7,9,6,5,0.05,8,5,5,113,7,7,8,Medium
1522,44,9,1,83,38,6,8,5,10,6,4,19.4,6,9,8,6,-0.04,5,6,6,133,0,4,5,Medium
1523,51,8,4,85,46,8,9,9,15,9,7,15.7,10,9,8,8,0.69,8,6,9,167,5,10,8,High
1524,36,10,6,86,45,8,8,8,17,9,9,21.7,9,9,10,9,0.68,8,10,8,150,4,8,8,High
1525,42,7,3,92,41,10,6,9,16,7,8,21.7,9,8,7,7,0.41,8,10,8,120,2,6,10,High
1526,52,6,3,47,45,6,5,4,7,5,6,13.6,7,5,3,6,0.09,4,4,9,124,2,6,6,Medium
1527,40,3,2,54,30,3,6,6,18,8,5,12.2,7,5,8,6,-0.09,4,6,7,109,8,6,9,Medium
1528,41,4,4,44,41,6,7,6,16,9,8,8.7,6,7,5,6,0.48,7,8,5,103,2,8,6,Medium
1529,20,2,1,61,41,3,4,5,9,9,4,6.7,3,3,4,4,-0.02,6,6,3,116,8,3,3,Low
1530,49,9,4,95,45,8,5,7,16,6,10,16.0,10,10,9,8,0.63,9,8,9,173,3,8,8,High
1531,55,8,4,61,40,8,8,7,16,7,8,17.1,8,9,9,9,0.52,6,6,7,152,0,8,10,High
1532,44,10,2,84,47,6,6,5,19,8,8,12.8,10,7,6,9,0.89,8,9,4,140,1,9,10,High
1533,42,8,1,83,35,8,8,8,17,8,8,17.4,8,10,7,9,0.87,10,8,8,142,0,8,10,High
1534,34,6,1,48,42,9,7,5,12,6,5,15.7,7,6,6,8,0.49,6,6,4,134,2,6,5,Medium
1535,56,10,1,92,39,8,8,7,17,8,9,19.0,10,8,7,9,0.68,6,9,9,140,3,8,9,High
1536,45,9,5,93,42,10,6,9,17,10,8,18.3,7,8,10,9,0.99,6,8,8,144,1,10,10,High
1537,48,9,4,88,35,10,10,9,17,9,9,16.1,10,9,6,9,0.6,7,7,6,133,5,7,8,High
1538,35,6,3,52,38,6,6,4,13,9,6,12.9,7,6,9,6,0.16,10,6,9,122,6,8,5,Medium
1539,40,5,1,59,38,6,4,8,14,6,6,15.1,6,8,5,7,0.48,7,8,6,111,5,5,4,Medium
1540,19,3,2,58,37,6,1,6,8,5,8,3.8,4,4,4,5,-0.28,8,5,1,85,9,3,5,Low
1541,50,6,4,100,35,9,9,9,15,10,10,18.5,9,9,10,8,0.63,7,10,7,126,4,5,9,High
1542,42,6,2,86,38,5,5,8,17,8,9,9.4,6,7,6,8,0.48,5,7,8,92,3,5,5,Medium
1543,34,3,1,65,35,7,6,4,11,9,7,16.1,6,5,6,4,0.87,7,5,9,116,2,4,6,Medium
1544,48,5,3,72,50,7,5,4,18,8,8,8.3,6,5,6,7,0.71,8,5,7,117,6,8,6,Medium
1545,29,7,0,54,42,5,6,6,12,4,1,16.7,6,7,7,8,0.12,4,2,3,132,4,6,6,Medium
1546,51,7,3,98,39,7,6,5,14,7,5,10.2,6,7,6,4,0.35,7,6,5,111,6,10,6,Medium
1547,29,3,0,78,43,4,4,3,11,4,6,3.9,1,6,6,7,0.23,5,3,9,102,5,3,9,Low
1548,39,8,2,100,33,7,7,7,8,4,8,12.8,9,5,3,5,-0.22,2,2,8,120,4,7,6,Medium
1549,49,8,2,80,40,7,6,7,11,7,6,9.5,8,5,6,6,-0.01,9,2,6,109,5,5,7,Medium
1550,47,8,3,93,38,9,9,9,16,6,9,18.3,10,7,10,10,0.7,10,7,7,136,4,8,8,High
1551,35,6,2,56,36,7,7,7,10,6,7,11.4,5,9,6,6,0.07,8,8,4,146,5,9,5,Medium
1552,34,10,2,92,51,6,9,8,15,8,9,13.5,10,9,8,10,0.55,7,7,8,130,1,6,8,High
1553,42,5,4,89,38,8,3,7,10,6,9,9.7,6,9,8,8,0.41,7,8,6,119,5,6,8,Medium
1554,32,7,2,59,40,5,5,8,15,4,7,8.3,4,9,6,9,0.38,6,5,5,110,6,8,10,Medium
1555,56,10,4,84,37,9,6,7,22,8,7,13.0,7,10,8,6,1.0,7,8,9,130,2,7,9,High
1556,45,5,2,71,38,5,4,8,14,8,6,9.5,10,6,3,8,0.06,7,7,7,103,6,9,7,Medium
1557,30,4,3,61,37,5,1,4,10,6,3,7.1,8,4,5,3,0.26,3,3,3,82,10,4,3,Low
1558,34,6,2,50,36,4,1,5,13,5,5,6.9,6,9,5,6,0.29,3,4,5,83,12,3,2,Low
1559,52,10,2,83,48,8,10,7,18,9,8,17.0,8,10,7,8,0.95,9,10,6,159,4,10,10,High
1560,50,4,2,47,35,7,8,6,13,7,6,17.7,10,9,8,7,0.39,7,4,7,107,5,5,6,Medium
1561,46,8,4,84,39,8,6,9,17,8,9,16.7,8,7,6,9,0.89,6,7,9,160,1,10,10,High
1562,41,6,4,68,45,5,3,7,13,5,6,8.5,5,5,7,5,-0.03,6,6,8,94,5,8,8,Medium
1563,37,4,0,77,39,8,2,6,15,5,5,8.4,10,3,4,5,-0.02,2,5,6,109,3,6,1,Low
1564,31,5,0,35,36,2,3,2,8,3,5,2.0,4,5,3,6,-0.3,5,6,4,71,5,4,4,Low
1565,40,5,2,69,33,7,5,6,18,7,5,5.4,5,7,3,3,0.27,6,8,8,115,5,5,7,Medium
1566,32,3,4,77,41,6,6,7,10,6,6,14.0,7,5,7,6,0.21,10,7,6,120,5,4,5,Medium
1567,41,8,1,65,46,7,6,6,14,5,3,12.9,5,9,9,7,-0.22,8,6,6,120,3,6,8,Medium
1568,26,5,3,73,50,6,9,9,10,4,5,9.8,7,7,5,10,0.4,6,9,6,117,3,3,6,Medium
1569,51,9,3,100,38,8,9,7,17,9,10,19.3,6,7,8,8,0.77,9,7,8,133,3,7,8,High
1570,45,6,1,56,33,7,6,4,14,6,5,14.6,7,4,6,5,0.48,3,6,8,93,4,3,8,Medium
1571,36,5,1,94,52,7,7,7,10,5,6,11.0,10,6,6,7,0.09,7,6,5,113,3,8,5,Medium
1572,49,6,4,81,32,8,9,8,16,9,6,19.3,9,6,8,7,0.86,7,8,7,111,2,7,7,High
1573,36,4,1,62,35,7,6,5,12,7,5,15.0,10,7,8,3,0.52,6,5,4,118,2,5,4,Medium
1574,30,7,1,69,38,7,3,4,10,4,9,12.6,8,4,4,5,-0.0,10,10,6,124,5,7,4,Medium
1575,53,9,4,77,43,8,8,10,15,9,10,17.2,9,8,7,8,0.44,10,7,10,152,3,6,8,High
1576,49,8,5,96,39,10,7,10,15,7,9,9.2,7,8,6,7,0.98,6,7,8,133,0,7,8,High
1577,29,3,2,61,31,4,7,7,5,3,8,13.7,3,9,3,2,-0.26,2,4,2,86,4,1,4,Low
1578,52,7,2,100,43,10,8,9,18,10,7,19.4,10,10,8,6,0.76,9,9,6,128,0,8,9,High
1579,48,7,2,91,38,8,4,7,8,8,7,16.3,3,6,5,8,0.14,4,5,8,126,2,5,5,Medium
1580,44,7,2,62,42,7,6,8,19,8,8,8.1,9,7,4,6,0.32,6,5,6,132,3,4,5,Medium
1581,48,7,4,93,35,7,5,9,9,10,6,13.8,5,9,5,5,-0.04,9,6,9,108,5,6,5,Medium
1582,65,9,5,83,39,8,9,7,12,8,9,15.3,9,8,8,7,0.38,7,9,7,140,3,7,6,High
1583,45,6,1,78,53,5,5,8,11,8,7,7.6,3,6,4,5,0.17,6,6,8,106,6,9,5,Medium
1584,40,4,2,79,39,8,7,4,7,6,7,14.8,7,7,10,6,0.27,6,8,10,108,3,5,7,Medium
1585,31,6,0,70,40,6,6,7,16,6,7,13.1,6,6,4,5,0.24,8,5,7,90,6,7,6,Medium
1586,42,7,2,74,40,8,4,7,9,6,7,13.9,7,7,3,4,0.5,4,3,9,80,4,3,6,Medium
1587,25,4,1,46,24,6,3,1,4,7,4,8.5,5,4,3,4,-0.26,4,7,6,92,6,6,6,Low
1588,33,5,0,69,26,1,3,4,11,6,3,11.5,2,4,3,6,-0.17,3,1,5,95,10,8,5,Low
1589,28,3,1,59,34,6,5,3,7,6,4,2.0,4,3,5,6,-0.18,5,5,1,90,9,5,5,Low
1590,34,6,1,46,37,3,1,3,2,3,4,5.0,5,3,6,5,-0.27,1,3,5,97,8,4,3,Low
1591,25,5,1,68,45,4,3,2,4,5,4,3.2,6,3,3,5,0.12,2,2,1,98,6,5,3,Low
1592,30,7,1,89,42,6,4,8,15,6,6,11.2,7,8,5,9,0.77,6,4,7,120,5,5,8,Medium
1593,33,3,1,43,37,3,1,6,4,10,1,10.9,3,4,2,2,-0.05,1,3,2,87,2,4,6,Low
1594,36,9,2,79,35,4,6,8,10,6,8,3.0,8,9,8,7,-0.2,8,4,8,98,4,8,7,Medium
1595,61,8,4,93,37,10,7,10,15,8,7,16.2,8,8,6,7,0.84,6,7,6,107,2,9,9,High
1596,37,5,2,76,39,3,6,9,9,8,7,13.3,7,7,9,5,0.62,8,1,9,138,4,4,5,Medium
1597,43,5,0,81,46,7,5,6,13,7,6,13.8,7,6,6,9,0.05,4,6,6,105,2,7,10,Medium
1598,33,4,0,82,41,7,4,3,6,3,7,8.5,4,2,3,3,0.26,5,4,2,83,8,6,5,Low
1599,27,6,0,62,34,4,3,4,5,4,2,8.0,7,3,4,2,-0.2,4,6,3,93,5,2,4,Low
1600,29,4,1,22,50,6,3,6,6,4,4,9.6,2,1,1,7,-0.5,3,7,2,95,3,4,7,Low
1601,34,4,2,46,40,1,3,5,12,5,5,10.2,1,6,1,7,-0.07,3,2,3,72,4,3,2,Low
1602,47,8,2,86,44,5,6,8,17,7,4,8.8,6,7,4,4,0.07,7,7,3,103,3,7,7,Medium
1603,31,5,2,47,24,4,4,2,8,3,3,10.9,5,4,5,6,-0.34,5,6,3,72,8,4,5,Low
1604,34,4,0,39,35,4,3,2,11,2,6,8.9,6,6,7,6,-0.3,2,7,6,73,11,6,5,Low
1605,28,2,0,44,33,4,4,3,3,5,8,11.5,6,3,3,4,-0.17,8,4,4,80,5,5,3,Low
1606,54,5,1,78,37,6,6,7,15,8,5,18.0,7,7,6,9,-0.04,8,8,6,134,7,5,7,Medium
1607,49,8,1,58,30,9,5,6,14,6,6,9.2,7,8,6,7,0.3,8,6,5,96,4,5,2,Medium
1608,39,5,2,63,44,6,5,6,12,7,4,11.4,5,10,6,10,0.31,10,5,5,116,4,9,6,Medium
1609,46,6,1,37,35,8,7,8,14,2,5,12.9,8,4,1,8,0.44,9,5,6,102,4,7,6,Medium
1610,45,10,0,83,38,6,7,8,12,8,6,19.2,6,6,6,7,0.42,5,7,8,146,6,3,5,Medium
1611,34,2,1,61,35,6,1,6,8,6,8,9.0,7,3,1,4,-0.41,2,5,2,81,8,7,7,Low
1612,51,6,4,100,34,7,9,8,11,8,9,16.8,9,9,9,9,1.0,8,7,10,146,1,8,9,High
1613,47,4,1,74,40,8,5,10,8,9,2,10.4,9,9,6,6,0.5,7,9,6,109,5,7,6,Medium
1614,39,2,1,3,40,3,4,7,12,5,7,13.8,2,4,4,5,0.22,1,6,1,74,15,1,4,Low
1615,30,8,2,78,44,8,6,4,19,9,10,17.0,8,7,7,9,0.84,7,9,7,130,5,9,7,High
1616,44,9,5,79,40,7,8,8,17,9,7,18.6,9,8,8,10,0.93,8,6,8,148,1,10,10,High
1617,27,4,1,82,27,7,6,4,6,1,4,8.2,5,3,2,3,-0.07,7,6,3,106,8,3,2,Low
1618,30,6,3,86,35,7,4,6,9,6,8,9.6,6,6,4,8,0.03,8,6,4,122,5,10,6,Medium
1619,44,7,4,84,47,8,7,7,16,7,9,16.2,8,10,6,8,0.54,7,10,8,139,1,8,8,High
1620,61,10,3,100,49,10,9,8,15,8,10,16.9,6,9,10,8,0.78,7,10,10,118,3,6,7,High
1621,34,5,1,61,35,5,4,3,11,7,10,8.4,5,4,5,7,-0.12,5,6,5,108,12,6,3,Low
1622,43,6,2,75,33,7,7,6,13,7,4,11.9,7,6,6,9,0.64,8,7,4,126,4,7,7,Medium
1623,39,4,2,87,37,4,5,8,9,4,8,14.8,6,7,3,6,0.61,6,6,6,127,4,7,5,Medium
1624,35,7,3,68,46,5,6,8,8,6,6,12.0,6,5,8,8,0.22,4,10,4,127,4,5,7,Medium
1625,30,8,0,70,38,6,7,7,10,7,6,9.6,6,6,2,6,-0.16,3,4,10,107,4,9,8,Medium
1626,35,6,4,91,39,6,2,7,19,7,8,8.2,8,5,4,8,0.58,4,4,5,121,2,8,7,Medium
1627,36,6,3,92,30,4,4,5,9,5,5,13.1,6,6,6,7,0.16,5,4,4,147,1,6,4,Medium
1628,48,10,3,91,42,6,6,9,20,8,8,18.6,8,8,8,10,0.54,10,10,9,157,2,9,8,High
1629,43,4,1,51,32,6,5,6,7,3,5,5.1,7,6,2,7,0.13,4,3,1,78,4,1,6,Low
1630,46,5,2,89,41,7,7,7,11,9,5,12.0,4,8,4,8,0.64,5,8,3,112,6,6,4,Medium
1631,47,8,5,100,39,8,7,9,18,7,9,21.8,9,9,9,8,0.41,10,7,5,145,2,10,9,High
1632,40,6,3,100,38,8,5,8,16,9,7,18.7,6,8,7,9,0.69,6,7,9,143,5,10,9,High
1633,49,7,4,78,41,5,3,8,12,7,8,17.2,8,10,1,7,0.08,7,6,5,116,2,4,7,Medium
1634,37,3,1,67,43,6,6,9,16,6,6,13.1,8,6,4,7,0.14,5,6,6,111,3,8,5,Medium
1635,35,6,0,58,36,2,5,3,13,2,2,9.1,4,3,4,3,-0.26,1,5,5,84,4,6,5,Low
1636,45,8,0,69,46,9,5,5,11,8,7,8.8,4,5,5,6,0.16,9,5,9,110,5,7,5,Medium
1637,43,7,2,49,33,5,6,6,11,8,3,10.5,6,3,2,6,0.36,7,7,3,96,1,7,5,Medium
1638,66,6,2,42,45,5,5,4,19,9,7,11.2,9,5,8,6,0.16,6,6,6,134,1,6,10,Medium
1639,47,7,3,69,37,6,3,7,11,6,8,10.8,6,7,5,6,-0.23,5,6,7,116,1,4,4,Medium
1640,48,7,4,65,41,7,3,8,18,6,9,12.6,9,4,5,5,0.22,5,5,7,115,3,6,8,Medium
1641,24,4,0,51,35,4,4,5,16,3,7,4.1,3,7,2,2,-0.06,4,3,3,60,7,5,6,Low
1642,41,4,4,61,52,6,5,6,15,7,4,14.1,6,5,5,7,0.38,4,7,5,130,4,6,6,Medium
1643,46,6,0,50,39,10,4,8,9,7,4,10.1,6,8,6,9,0.59,5,5,9,81,1,7,5,Medium
1644,40,8,0,47,37,6,5,3,11,6,6,12.1,7,8,6,3,-0.0,5,5,7,112,3,7,7,Medium
1645,38,4,1,58,39,2,4,6,4,5,3,5.0,3,5,3,7,-0.19,4,5,4,82,7,4,5,Low
1646,57,8,9,91,50,8,6,10,18,9,7,15.5,9,7,8,9,0.54,9,6,9,115,2,10,8,High
1647,35,5,3,62,45,7,4,5,11,7,7,13.1,7,6,8,6,0.1,6,5,6,122,10,5,7,Medium
1648,39,6,1,66,40,8,6,9,7,6,6,11.5,7,7,8,6,0.35,9,9,8,122,4,6,7,Medium
1649,59,7,1,97,43,7,9,9,17,8,8,16.6,8,8,10,8,0.82,9,7,10,155,2,8,9,High
1650,30,8,3,100,33,6,5,9,14,9,6,10.9,5,7,5,8,-0.11,8,8,7,141,2,6,4,Medium
1651,25,4,0,49,33,4,4,3,6,5,6,11.5,5,6,3,3,0.06,5,10,2,98,3,1,5,Low
1652,45,8,4,84,41,5,5,7,14,6,5,15.7,6,6,6,6,0.41,3,3,5,110,8,8,7,Medium
1653,38,6,3,91,50,5,5,7,13,5,5,10.1,6,8,6,5,0.14,6,5,5,82,4,6,6,Medium
1654,52,8,4,73,54,9,8,7,17,8,9,17.2,9,8,8,9,0.72,8,7,10,165,3,7,9,High
1655,38,8,2,100,34,7,5,9,15,6,6,12.5,5,7,7,6,0.54,6,7,9,124,8,7,8,Medium
1656,27,4,1,53,30,1,3,5,9,3,5,7.2,8,4,2,4,0.55,1,5,4,71,9,4,3,Low
1657,44,5,1,80,44,6,3,6,13,7,5,14.1,6,5,6,5,-0.1,10,6,7,119,2,4,7,Medium
1658,38,9,0,59,47,6,6,4,13,4,5,12.7,4,3,5,6,0.0,9,6,8,154,7,6,8,Medium
1659,51,4,1,85,47,6,5,7,8,7,7,15.4,5,8,7,7,0.45,8,7,5,135,4,6,7,Medium
1660,45,8,1,51,40,8,3,3,13,7,6,14.8,5,9,5,7,0.28,5,7,3,107,5,8,6,Medium
1661,35,6,2,94,42,9,7,7,8,8,3,7.9,9,7,5,6,0.47,6,10,5,99,4,4,9,Medium
1662,57,10,5,96,43,8,5,9,22,9,7,13.5,10,9,7,7,0.55,6,8,9,143,1,8,7,High
1663,39,5,2,79,33,6,5,7,13,8,6,9.8,7,8,7,4,0.58,7,3,6,122,4,5,7,Medium
1664,39,7,3,53,44,6,6,10,12,10,10,10.9,9,4,6,5,0.56,6,9,5,112,1,7,9,Medium
1665,19,4,2,46,39,6,4,6,9,4,5,7.4,5,8,2,4,-0.19,3,3,1,100,8,1,7,Low
1666,35,3,0,64,36,5,2,1,10,4,2,10.4,2,4,2,6,-0.18,5,6,4,112,4,5,3,Low
1667,37,7,1,62,42,10,6,5,17,8,5,9.1,6,5,6,6,0.2,7,4,3,136,3,9,6,Medium
1668,21,4,0,45,41,7,2,5,4,6,3,7.4,6,2,2,3,0.0,4,4,5,94,8,4,5,Low
1669,34,4,1,71,33,4,4,5,5,4,5,3.9,3,3,3,5,0.14,5,3,4,110,9,5,2,Low
1670,56,6,0,99,37,8,3,4,17,7,5,16.8,6,8,5,5,0.37,9,6,5,91,1,5,7,Medium
1671,35,4,1,81,36,3,4,3,3,5,1,9.1,8,4,3,4,-0.17,3,4,5,83,8,5,1,Low
1672,53,7,5,76,46,8,8,10,20,7,10,12.6,9,8,7,9,0.98,10,7,8,142,2,8,7,High
1673,32,4,2,49,44,2,4,6,12,6,7,2.0,6,1,4,4,-0.37,5,7,6,78,5,3,1,Low
1674,35,7,3,83,37,5,7,7,10,5,7,10.8,6,9,7,4,0.35,5,6,4,118,4,6,6,Medium
1675,52,5,2,64,43,6,5,7,10,7,8,8.9,5,7,6,6,0.01,4,1,8,149,2,5,5,Medium
1676,47,6,4,80,46,9,8,8,12,8,9,17.1,7,7,9,8,0.67,7,8,10,137,3,5,6,High
1677,31,4,1,46,25,7,4,6,7,4,5,12.1,6,3,4,4,-0.28,1,6,8,84,11,5,5,Low
1678,44,5,0,85,46,6,6,3,10,5,6,13.7,7,8,2,9,0.28,6,3,8,114,1,8,7,Medium
1679,58,7,4,100,43,8,7,7,16,10,8,17.9,8,8,5,7,0.43,8,7,8,136,1,9,9,High
1680,50,7,4,90,33,9,7,7,20,10,9,18.0,9,8,9,9,0.46,8,10,9,150,3,8,8,High
1681,43,8,0,98,35,10,8,9,17,9,8,16.0,8,8,7,9,0.81,9,7,6,156,1,8,9,High
1682,37,3,3,66,36,7,7,9,11,8,4,17.9,7,8,6,8,-0.08,8,7,7,91,3,5,4,Medium
1683,35,2,1,53,35,4,5,4,8,2,6,10.8,3,4,4,3,-0.5,1,7,1,78,5,10,2,Low
1684,40,8,0,74,34,9,8,8,8,9,7,15.3,5,8,8,5,0.26,7,10,5,132,2,6,7,Medium
1685,41,8,3,76,42,7,8,9,16,9,9,15.8,8,9,10,9,0.48,8,10,9,147,4,6,9,High
1686,46,8,2,86,41,5,6,4,9,6,9,17.7,3,3,9,6,0.38,8,7,8,121,2,5,8,Medium
1687,38,5,3,83,44,7,8,7,13,6,6,8.2,4,6,7,5,-0.39,8,7,9,98,4,8,6,Medium
1688,36,7,2,75,35,7,6,8,20,9,8,4.9,5,8,4,8,0.11,5,6,6,136,1,8,6,Medium
1689,55,8,3,100,45,8,9,8,20,9,10,13.6,10,8,10,10,1.0,8,7,8,163,4,5,8,High
1690,28,3,1,42,39,5,4,5,6,5,8,12.4,2,7,2,3,-0.44,2,2,5,81,10,3,6,Low
1691,36,4,3,73,35,7,4,3,12,10,7,13.8,6,9,5,9,-0.15,5,7,5,121,3,5,8,Medium
1692,32,6,2,76,40,7,7,8,11,8,4,13.7,8,6,6,8,0.69,8,7,5,124,5,6,4,Medium
1693,31,7,2,82,39,6,4,5,11,6,5,15.7,6,6,6,7,0.21,5,6,5,105,7,5,7,Medium
1694,48,7,2,70,36,8,7,6,8,7,8,11.8,8,6,2,8,0.11,9,5,3,113,3,8,9,Medium
1695,37,3,0,40,29,2,3,4,8,4,5,6.6,3,5,3,7,-0.02,7,3,6,88,6,8,5,Low
1696,44,10,3,67,30,7,7,5,11,5,6,11.7,6,6,7,7,0.01,5,6,2,117,4,6,6,Medium
1697,38,7,1,71,43,8,4,6,8,5,3,11.8,10,5,6,7,0.14,5,6,4,122,4,4,7,Medium
1698,49,6,2,100,38,9,7,6,10,3,6,12.6,8,8,6,4,0.24,8,4,6,108,6,10,5,Medium
1699,32,3,2,64,35,5,1,4,7,4,6,10.5,4,6,4,3,0.11,3,6,3,105,9,2,3,Low
1700,37,8,1,74,32,5,2,6,14,9,7,15.8,7,7,9,8,0.2,7,6,8,108,6,4,6,Medium
1701,43,7,1,87,42,6,3,5,9,6,9,17.5,5,7,8,5,0.56,5,6,6,109,1,4,7,Medium
1702,30,3,1,73,47,6,4,4,10,6,3,9.9,5,2,3,1,-0.01,3,4,3,100,6,4,5,Low
1703,46,6,2,83,43,7,4,6,14,6,6,6.8,6,4,8,5,0.17,6,8,6,116,5,8,6,Medium
1704,29,4,2,31,35,5,4,7,8,2,8,5.3,5,1,3,4,-0.22,2,1,2,116,6,10,6,Low
1705,33,6,0,15,32,6,5,5,9,5,6,7.6,6,7,3,6,-0.13,3,6,1,106,9,3,5,Low
1706,47,9,5,71,40,9,9,7,21,9,7,17.5,8,6,8,10,0.58,7,8,7,159,0,10,8,High
1707,45,7,3,70,43,6,4,8,12,9,7,9.5,4,5,5,7,0.36,6,7,6,102,4,8,5,Medium
1708,51,8,4,93,37,9,9,7,14,9,10,20.5,9,9,9,8,1.0,6,8,8,174,1,6,7,High
1709,48,6,3,100,48,4,4,6,18,6,10,7.1,7,6,6,5,0.45,8,7,6,121,2,8,5,Medium
1710,32,4,1,75,45,8,7,6,13,7,4,16.2,6,7,7,5,0.39,10,4,7,126,6,6,5,Medium
1711,55,8,5,83,48,9,10,8,17,9,10,13.8,10,7,8,9,0.69,9,9,6,144,3,7,8,High
1712,28,3,1,68,45,6,8,6,16,7,6,16.9,6,4,8,8,0.77,2,9,7,82,4,8,6,Medium
1713,31,7,4,75,43,6,6,8,18,5,7,10.2,5,6,8,6,0.1,7,4,4,132,2,9,9,Medium
1714,44,5,2,58,42,10,2,7,16,7,6,14.2,5,8,1,6,-0.01,4,5,5,116,6,9,7,Medium
1715,38,8,2,72,37,8,8,7,11,5,10,11.8,5,5,3,7,0.42,7,5,9,127,6,5,5,Medium
1716,47,9,3,100,45,9,10,9,14,9,9,17.9,10,10,8,7,1.0,6,9,9,124,0,8,8,High
1717,53,10,3,74,38,10,8,8,15,8,10,15.2,7,10,10,9,0.68,10,8,6,133,1,8,6,High
1718,51,8,2,99,50,7,8,7,15,8,6,20.0,8,9,10,9,0.99,7,7,9,125,3,10,10,High
1719,37,5,0,85,36,2,6,5,9,4,4,10.3,4,5,3,4,-0.13,5,7,2,101,9,4,4,Low
1720,35,8,5,84,36,8,6,9,18,9,9,15.8,9,10,7,9,0.6,7,9,10,144,5,8,10,High
1721,50,8,2,88,44,8,10,8,19,10,10,18.9,10,9,6,7,0.61,9,8,6,124,2,9,7,High
1722,21,2,0,17,25,6,3,6,6,4,5,10.3,4,6,3,1,-0.17,1,4,4,97,6,3,5,Low
1723,34,3,1,52,25,7,3,3,8,5,5,11.1,4,2,4,5,-0.22,6,6,3,76,9,2,2,Low
1724,55,9,4,70,47,6,10,9,19,9,10,16.1,8,9,7,6,0.92,8,8,8,147,3,5,8,High
1725,54,8,1,60,41,8,5,6,14,5,9,12.0,6,5,5,3,0.39,6,7,5,120,3,7,7,Medium
1726,50,7,3,100,40,8,10,7,15,9,8,20.6,9,8,9,7,0.96,7,7,8,123,2,6,10,High
1727,26,4,1,57,42,6,3,7,9,6,5,4.6,1,3,1,6,0.3,2,2,7,77,10,1,4,Low
1728,48,10,3,87,54,9,10,9,16,10,10,20.0,8,8,8,9,0.74,8,8,8,150,1,9,9,High
1729,42,6,2,62,41,2,5,9,11,7,8,12.0,6,6,5,6,0.29,8,6,6,116,3,9,5,Medium
1730,29,8,1,71,37,5,1,7,10,8,3,2.0,2,4,2,5,0.28,4,4,5,91,5,1,2,Low
1731,33,3,0,53,32,2,5,8,8,2,4,10.4,6,7,3,4,-0.34,7,3,5,104,6,6,6,Low
1732,55,8,4,97,45,9,10,9,15,9,8,22.7,8,8,9,10,0.68,9,9,10,143,3,6,8,High
1733,42,7,3,42,46,7,6,7,12,7,4,7.0,9,7,4,5,0.32,8,6,4,118,6,6,7,Medium
1734,43,5,4,87,40,9,7,3,15,9,5,14.8,7,6,3,5,0.29,6,6,6,132,2,9,9,Medium
1735,31,7,2,83,41,9,4,6,12,6,10,12.3,7,6,3,9,0.38,5,6,9,111,5,6,5,Medium
1736,49,10,5,98,49,9,10,7,17,9,9,20.0,10,9,8,7,0.93,7,9,8,132,0,9,10,High
1737,50,7,2,62,29,7,3,8,15,6,7,7.9,4,7,6,4,0.51,5,5,8,125,5,6,7,Medium
1738,51,9,3,87,47,9,6,10,18,8,10,20.2,10,9,7,7,0.49,10,5,7,129,4,9,9,High
1739,34,4,1,67,33,6,6,4,10,4,6,10.2,7,7,5,7,-0.03,4,7,9,88,4,5,9,Medium
1740,39,4,5,54,33,8,7,8,9,5,3,13.0,7,4,7,7,0.02,5,3,8,132,1,7,9,Medium
1741,46,7,3,28,45,7,8,3,12,7,9,15.2,6,7,5,6,0.43,5,6,7,136,8,6,4,Medium
1742,30,7,3,83,45,8,6,9,12,8,8,13.4,6,6,8,6,0.77,4,8,7,108,4,5,5,Medium
1743,40,8,4,84,41,8,8,9,17,8,8,14.6,8,8,9,9,0.74,8,9,8,136,2,8,7,High
1744,49,4,0,69,31,5,8,10,11,5,8,12.4,7,7,7,6,0.25,6,6,5,101,7,1,8,Medium
1745,35,5,1,54,38,6,4,7,13,5,8,13.0,5,7,6,5,0.23,7,9,5,125,1,6,10,Medium
1746,56,10,7,94,40,9,9,9,22,8,9,18.3,8,10,7,10,0.9,6,7,4,134,2,8,8,High
1747,23,9,2,85,37,4,5,7,11,8,8,12.5,9,8,5,6,0.16,5,4,3,95,8,6,6,Medium
1748,39,6,3,72,47,7,7,7,13,8,6,18.2,8,4,3,6,0.04,4,5,6,108,5,5,4,Medium
1749,58,10,1,96,36,9,7,10,18,8,9,16.6,10,7,6,10,0.46,7,10,8,126,2,5,9,High
1750,35,5,2,60,38,7,6,5,11,7,9,9.9,5,6,6,6,0.02,6,5,7,130,5,5,6,Medium
1751,27,7,1,52,31,5,3,2,11,8,1,9.1,3,7,2,5,-0.13,3,3,7,85,10,9,3,Low
1752,59,8,4,94,36,8,10,9,18,6,7,16.1,10,7,9,7,1.0,8,7,6,118,1,9,9,High
1753,41,8,2,63,32,9,3,6,12,5,8,13.2,8,9,7,6,0.43,4,9,4,142,2,6,7,Medium
1754,43,6,5,67,37,8,4,7,10,5,9,8.6,6,7,6,8,0.07,5,10,7,125,6,4,8,Medium
1755,31,5,1,76,39,10,2,4,7,3,4,9.2,5,6,2,4,-0.5,6,2,3,91,7,1,8,Low
1756,52,8,3,56,37,7,8,10,14,8,8,18.4,9,8,7,8,0.63,9,10,8,156,3,7,9,High
1757,36,10,3,83,47,9,6,6,9,5,7,10.7,6,8,5,3,0.39,7,7,2,113,5,7,7,Medium
1758,41,4,3,83,40,5,6,7,10,6,6,8.6,6,6,6,6,0.24,7,6,9,89,5,5,5,Medium
1759,54,8,4,97,47,8,7,10,14,9,10,15.0,8,10,8,6,0.96,8,8,9,135,1,6,10,High
1760,48,10,3,100,40,6,8,10,16,9,7,11.9,8,7,10,9,0.24,10,8,8,150,3,9,7,High
1761,29,4,0,79,40,3,4,6,6,5,4,3.2,5,5,5,2,-0.03,2,3,8,81,7,4,7,Low
1762,37,8,2,73,52,8,4,6,15,6,7,14.0,5,6,4,9,0.47,5,7,7,158,1,7,7,Medium
1763,49,5,1,90,32,6,8,6,16,7,5,13.6,9,7,4,5,0.48,7,8,5,89,6,7,6,Medium
1764,53,10,5,81,45,8,5,7,20,10,7,15.9,9,9,6,10,0.8,9,8,8,134,3,8,7,High
1765,31,4,1,61,39,4,3,3,9,6,5,13.0,2,2,1,6,-0.16,3,1,4,89,13,3,6,Low
1766,49,8,3,50,44,6,6,7,10,8,8,10.0,7,5,7,5,0.26,7,7,7,108,3,6,6,Medium
1767,33,8,3,95,54,8,6,9,19,10,9,17.9,8,7,9,8,0.88,8,7,9,145,2,8,8,High
1768,54,8,4,87,44,8,9,8,14,8,9,15.2,6,7,8,10,0.38,10,8,5,119,2,9,7,High
1769,57,5,0,84,33,6,6,4,15,8,7,16.3,5,7,7,6,0.63,7,10,6,96,6,4,7,Medium
1770,66,10,3,90,40,9,7,8,17,10,9,14.9,9,10,9,6,0.88,6,7,8,122,3,7,10,High
1771,23,4,1,85,40,3,2,4,13,7,4,9.9,3,6,4,4,-0.26,6,3,4,60,8,4,5,Low
1772,59,10,4,100,37,9,8,9,15,9,10,14.1,7,7,8,8,0.43,9,7,9,165,3,8,9,High
1773,26,3,2,56,38,3,3,3,10,5,8,10.1,6,5,4,3,-0.31,6,1,5,100,11,1,6,Low
1774,32,6,2,87,39,9,6,6,14,5,6,13.8,8,8,8,8,0.45,8,9,6,100,4,3,5,Medium
1775,54,10,3,82,51,9,9,8,18,10,8,15.4,9,8,9,7,0.82,9,8,6,138,5,8,7,High
1776,19,5,3,19,37,4,1,3,10,10,6,4.0,4,6,2,2,-0.47,5,1,2,64,6,3,7,Low
1777,43,7,2,79,43,5,6,6,12,7,6,12.1,6,4,9,6,0.34,7,5,8,123,5,4,4,Medium
1778,43,10,4,99,43,8,9,10,18,8,9,16.8,8,9,7,9,0.57,8,9,10,140,0,8,8,High
1779,43,9,2,89,46,9,10,8,22,10,9,18.3,9,9,8,8,0.58,7,9,7,159,3,10,9,High
1780,37,6,2,86,44,6,3,9,13,7,8,9.4,6,7,6,8,0.52,6,6,4,105,6,6,6,Medium
1781,38,7,1,70,44,5,6,9,12,6,8,9.3,4,6,6,7,0.16,8,8,7,104,4,5,6,Medium
1782,37,8,3,76,39,9,3,7,17,5,5,13.4,5,9,7,7,-0.0,3,10,6,117,4,5,7,Medium
1783,32,6,1,57,41,7,4,7,10,5,8,10.3,5,6,5,7,0.29,4,8,6,119,6,6,8,Medium
1784,47,7,4,60,42,6,5,8,18,9,6,12.1,9,5,5,7,0.04,7,8,1,129,2,5,8,Medium
1785,23,3,2,43,44,2,2,5,6,8,6,11.8,2,5,4,3,0.04,4,5,7,84,9,4,2,Low
1786,57,8,4,80,43,8,5,9,19,8,8,16.4,7,9,6,8,0.83,2,5,6,144,2,10,7,High
1787,36,7,0,57,35,5,7,8,11,6,8,16.2,4,6,2,7,0.16,4,7,7,111,5,5,4,Medium
1788,35,5,3,76,35,7,6,7,10,6,5,12.8,7,9,4,7,-0.06,4,9,5,95,3,7,6,Medium
1789,36,7,2,97,41,5,5,5,15,6,5,11.5,7,5,8,7,0.33,7,8,2,107,4,4,6,Medium
1790,47,9,3,100,38,8,7,9,16,8,9,12.8,7,9,9,9,0.63,8,6,8,111,1,9,10,High
1791,33,5,3,33,26,3,7,3,10,3,5,3.6,5,4,6,6,0.26,6,5,2,60,10,5,7,Low
1792,42,6,2,56,34,8,3,6,9,6,5,10.6,9,4,4,5,0.38,7,7,8,143,3,6,6,Medium
1793,44,5,0,80,39,6,7,7,10,4,6,11.4,4,5,4,6,0.1,5,7,9,124,3,8,8,Medium
1794,44,5,1,89,36,8,3,5,15,7,7,9.5,10,5,7,6,0.15,8,6,8,116,2,5,7,Medium
1795,24,5,0,58,39,5,1,8,5,3,7,7.3,2,5,5,5,-0.16,6,3,4,95,5,8,8,Low
1796,41,7,6,86,40,10,8,8,18,9,8,14.0,8,10,9,10,0.43,10,7,7,137,3,7,8,High
1797,52,8,2,88,49,8,10,8,17,9,8,12.8,8,8,10,7,0.65,8,9,10,140,3,10,9,High
1798,46,6,2,61,40,6,6,6,11,6,8,11.2,2,6,5,5,0.2,6,6,7,115,7,8,4,Medium
1799,42,9,2,46,35,7,4,5,14,7,4,11.2,4,8,5,5,0.29,4,6,7,122,3,7,7,Medium
1800,55,10,6,62,39,7,4,8,14,9,9,21.6,9,9,7,8,0.8,7,8,10,137,4,8,10,High
1801,48,9,4,84,46,8,6,8,14,8,7,19.7,9,7,8,7,0.55,10,8,7,144,4,8,9,High
1802,19,2,0,71,29,3,4,4,5,7,7,6.0,5,7,4,3,0.15,3,3,4,91,7,4,5,Low
1803,48,7,1,72,38,6,7,7,15,8,5,15.4,7,5,4,7,0.4,4,5,7,111,6,6,4,Medium
1804,36,7,2,45,32,7,4,6,12,7,9,11.9,8,7,5,5,0.26,6,6,5,129,6,10,4,Medium
1805,39,9,2,65,33,5,10,5,11,8,6,12.2,7,8,5,4,0.4,5,6,6,127,2,8,9,Medium
1806,50,10,2,100,44,10,9,10,14,7,8,18.7,9,10,8,7,0.52,9,7,8,108,3,8,7,High
1807,49,8,0,72,44,8,8,8,21,9,10,18.8,9,7,10,9,0.76,6,7,6,147,0,7,9,High
1808,50,6,2,100,36,7,8,8,19,8,9,14.5,10,8,6,8,0.8,8,10,9,143,3,7,8,High
1809,48,4,2,79,32,9,8,7,11,6,4,8.9,5,9,7,6,0.34,5,4,6,127,5,8,8,Medium
1810,41,5,0,54,34,2,2,6,8,7,7,10.4,6,5,2,4,-0.47,1,5,6,71,9,1,3,Low
1811,56,8,4,87,39,10,10,9,14,9,8,17.4,7,9,10,7,0.54,8,7,8,135,4,7,8,High
1812,43,10,5,100,46,8,10,10,14,8,7,10.5,6,8,9,6,0.77,7,8,7,114,2,9,10,High
1813,37,6,3,59,45,1,3,7,3,3,6,14.2,4,3,6,6,-0.02,4,6,7,108,2,4,2,Low
1814,51,10,4,92,33,8,8,10,18,10,10,19.6,10,7,6,9,0.68,7,10,9,121,3,6,9,High
1815,40,6,4,99,39,8,6,8,18,10,9,17.0,8,9,6,6,0.78,6,8,6,150,3,4,7,High
1816,40,5,2,77,41,4,5,6,16,5,7,17.9,6,9,6,5,0.25,8,6,7,126,3,5,9,Medium
1817,47,6,1,37,35,7,5,8,14,6,5,13.2,6,9,8,7,0.39,1,5,4,114,3,5,8,Medium
1818,43,5,1,46,34,6,6,5,17,7,8,10.5,5,9,4,5,-0.15,5,3,6,74,3,7,6,Medium
1819,28,6,0,42,35,4,4,4,12,4,4,10.9,5,4,1,5,-0.28,7,3,1,66,8,4,4,Low
1820,42,7,2,57,39,8,4,5,14,6,7,12.4,9,7,7,9,0.51,4,7,5,105,1,5,7,Medium
1821,50,9,3,91,32,10,10,8,20,7,6,13.5,7,10,9,9,0.32,10,8,8,145,0,8,8,High
1822,23,2,0,63,39,9,3,1,2,4,4,13.7,4,4,4,3,-0.23,4,2,1,95,11,3,6,Low
1823,30,5,3,85,48,5,5,5,15,6,4,13.6,6,8,7,6,0.65,7,3,5,113,1,8,4,Medium
1824,42,7,2,61,36,9,2,4,11,5,5,18.7,5,5,3,10,-0.05,3,8,5,123,7,4,8,Medium
1825,35,4,2,55,37,6,7,9,18,4,7,13.6,6,8,5,7,0.52,7,7,2,120,7,6,6,Medium
1826,36,8,5,95,38,8,5,6,18,8,8,17.4,9,9,10,8,0.69,9,8,9,135,3,7,8,High
1827,39,7,2,45,42,6,7,6,17,9,7,12.4,5,5,5,5,0.54,6,5,5,126,5,7,6,Medium
1828,41,6,2,83,42,5,6,6,11,7,5,12.5,7,6,7,6,0.4,4,7,2,111,3,6,7,Medium
1829,58,8,5,97,52,6,8,8,19,9,7,18.3,10,6,9,8,0.97,9,9,5,124,3,5,7,High
1830,29,6,1,43,46,8,6,5,16,7,4,12.3,6,7,5,6,0.2,5,3,7,99,7,9,9,Medium
1831,41,6,3,73,38,5,3,5,8,6,5,9.1,6,8,8,8,0.12,6,7,8,102,6,6,8,Medium
1832,25,7,0,80,34,7,8,9,15,8,7,5.9,10,7,10,8,0.47,7,5,6,106,3,4,8,Medium
1833,21,4,2,60,27,4,3,6,8,7,4,5.1,2,4,2,5,-0.17,4,1,3,104,7,3,5,Low
1834,24,3,1,49,40,3,3,4,7,4,4,11.1,7,4,2,2,-0.3,4,1,2,93,12,4,4,Low
1835,33,3,1,53,51,5,4,6,11,6,6,11.6,4,7,7,7,0.55,2,6,3,121,5,5,6,Medium
1836,24,6,1,70,38,2,5,5,11,4,6,13.2,5,4,4,8,0.37,4,3,5,123,6,3,5,Medium
1837,53,7,3,100,50,10,8,8,15,9,10,15.7,7,8,7,9,0.6,9,9,4,125,2,8,9,High
1838,29,5,1,94,37,7,5,7,8,4,6,7.8,7,6,9,6,0.12,6,8,6,129,4,7,6,Medium
1839,46,5,2,78,41,5,5,8,13,4,8,14.5,8,7,7,8,0.33,8,8,10,108,3,7,5,Medium
1840,38,8,1,68,47,7,7,5,12,7,6,10.6,6,8,6,7,0.34,8,6,6,145,6,5,7,Medium
1841,35,4,1,45,31,6,1,6,13,5,5,7.0,3,5,6,5,-0.28,6,3,4,112,9,2,9,Low
1842,35,5,2,69,39,4,5,7,14,7,6,17.7,8,8,6,8,0.13,3,6,2,98,3,8,6,Medium
1843,24,6,1,84,38,4,3,6,13,4,4,6.1,2,4,1,5,0.26,6,3,1,60,4,3,3,Low
1844,61,10,2,86,37,9,10,9,18,8,8,15.8,6,8,6,8,0.44,7,9,9,120,1,8,7,High
1845,36,5,1,63,36,7,4,4,13,3,5,13.4,4,6,3,2,-0.02,4,2,1,77,10,4,2,Low
1846,37,6,1,92,40,8,4,5,19,7,7,10.7,10,5,9,5,0.24,4,7,6,134,2,5,8,Medium
1847,25,3,0,72,28,8,7,4,9,5,3,11.4,3,5,5,6,0.0,3,6,4,82,6,5,1,Low
1848,54,8,2,84,58,7,7,9,16,8,9,18.3,8,7,8,9,0.59,5,10,7,133,3,10,8,High
1849,46,5,1,54,48,6,6,6,11,4,6,8.3,5,9,3,6,-0.14,5,8,2,110,11,7,7,Medium
1850,41,5,3,63,32,6,5,5,16,5,6,14.8,6,6,4,5,-0.22,3,6,4,124,6,5,7,Medium
1851,26,7,0,11,36,4,1,5,7,4,7,5.6,5,4,4,5,-0.27,5,5,3,94,9,5,2,Low
1852,42,8,5,82,42,9,9,9,12,7,8,15.5,8,9,8,10,0.83,8,8,8,142,0,9,8,High
1853,41,5,1,30,37,4,4,6,5,4,7,15.7,8,9,6,7,0.41,7,5,8,133,3,7,8,Medium
1854,56,8,7,91,46,10,10,6,15,6,10,19.1,10,9,7,8,0.73,8,6,8,133,3,10,9,High
1855,34,6,3,83,42,4,6,6,12,6,7,14.1,7,8,6,6,0.35,7,6,4,111,5,5,6,Medium
1856,42,4,0,54,27,4,2,5,10,10,2,8.4,2,4,3,9,-0.5,6,3,3,112,8,5,4,Low
1857,29,3,1,26,36,5,2,4,7,4,4,8.7,4,4,6,8,0.09,3,4,4,97,6,8,4,Low
1858,31,6,2,74,40,5,7,1,14,8,6,10.2,8,6,8,5,0.04,8,9,4,99,0,6,5,Medium
1859,34,6,2,58,35,8,5,4,11,9,8,13.1,5,4,8,4,0.01,4,3,5,105,8,8,4,Medium
1860,30,3,1,69,46,4,2,4,7,5,6,3.3,2,8,2,5,-0.04,1,7,4,85,11,5,1,Low
1861,46,8,3,85,39,9,10,8,16,8,9,17.8,10,8,9,8,0.65,7,10,5,138,3,6,10,High
1862,50,6,4,62,43,7,4,8,13,7,8,13.6,6,8,5,6,-0.01,6,4,6,121,0,5,8,Medium
1863,29,6,2,82,42,8,7,7,12,4,6,11.0,5,6,9,6,0.46,7,7,6,107,4,6,6,Medium
1864,28,4,3,72,39,7,6,7,15,4,10,9.7,7,3,4,6,0.22,6,5,8,98,3,2,7,Medium
1865,39,6,0,79,41,8,5,7,4,6,3,10.7,6,4,3,7,0.35,5,10,6,124,6,1,6,Medium
1866,48,7,1,56,35,9,6,8,15,5,6,14.5,7,5,5,5,0.48,8,7,8,79,4,10,3,Medium
1867,35,4,0,47,30,4,3,4,5,4,3,8.9,4,4,3,5,-0.09,5,3,2,71,3,2,5,Low
1868,28,6,0,66,34,5,1,1,8,4,8,2.0,6,5,3,4,0.11,4,4,3,79,2,3,5,Low
1869,48,10,3,93,32,9,8,8,17,8,9,12.2,8,7,9,8,0.82,10,9,10,142,1,7,6,High
1870,49,9,4,100,39,8,6,10,9,10,6,17.6,7,8,8,10,0.9,8,7,10,151,4,9,10,High
1871,40,7,3,90,46,9,7,8,8,10,9,8.6,7,7,7,6,0.02,5,7,3,115,5,4,10,Medium
1872,43,6,1,77,39,5,5,4,11,6,8,11.6,7,4,5,6,0.07,7,7,6,115,4,8,4,Medium
1873,53,5,1,46,32,6,8,6,11,7,5,10.6,7,8,8,8,0.48,5,7,10,80,1,3,5,Medium
1874,42,7,1,83,37,4,6,5,15,6,6,10.8,8,6,5,6,0.47,5,5,6,129,5,4,4,Medium
1875,25,5,0,77,41,7,2,8,11,3,2,2.2,3,2,4,4,-0.18,3,6,3,98,6,5,7,Low
1876,34,3,0,94,47,6,3,5,7,6,5,12.4,4,6,3,5,-0.15,3,1,6,80,10,4,7,Low
1877,43,9,2,86,47,8,5,9,13,8,8,17.5,10,8,5,9,0.61,8,10,9,141,4,7,8,High
1878,47,8,2,62,40,4,8,7,15,10,4,8.8,5,7,7,7,0.64,5,6,6,130,6,2,6,Medium
1879,29,3,1,34,33,4,5,4,3,8,6,11.1,1,7,3,3,-0.07,2,5,4,130,5,1,3,Low
1880,41,6,0,48,48,6,4,6,13,5,8,19.5,7,8,4,6,0.15,4,10,7,99,0,2,9,Medium
1881,40,3,1,85,31,5,4,7,14,5,8,6.4,7,9,7,6,0.63,6,7,5,126,0,7,7,Medium
1882,39,7,2,90,45,6,8,6,12,8,6,8.7,7,9,7,6,0.48,7,9,5,109,1,4,5,Medium
1883,21,5,1,78,34,3,1,7,6,5,6,5.6,2,8,5,7,0.01,3,8,5,93,7,3,3,Low
1884,37,1,2,48,36,5,4,5,8,8,6,8.3,3,4,4,5,-0.01,1,4,6,100,9,1,3,Low
1885,45,9,4,85,39,8,8,8,18,8,9,19.7,8,9,10,9,0.83,9,8,8,163,3,8,9,High
1886,26,4,1,79,37,5,7,6,2,5,5,8.5,4,8,2,5,-0.29,7,3,3,60,9,4,3,Low
1887,32,5,2,100,43,8,5,6,13,7,4,11.1,5,4,5,6,0.08,7,6,7,126,4,5,5,Medium
1888,45,5,0,63,38,5,5,7,13,7,4,13.4,5,6,4,5,0.4,6,5,10,125,5,6,9,Medium
1889,35,4,1,64,38,7,4,4,9,4,3,8.6,5,5,3,5,0.28,1,6,6,88,9,3,6,Low
1890,34,5,3,87,45,7,6,5,15,8,7,11.8,5,5,6,6,0.58,4,8,5,119,5,6,6,Medium
1891,47,7,3,73,45,6,7,10,14,9,6,17.8,9,9,7,7,0.95,8,7,10,142,2,10,7,High
1892,49,8,3,93,40,8,8,8,21,10,9,20.4,9,10,10,9,0.98,8,6,10,156,3,6,9,High
1893,57,10,3,100,43,9,7,8,16,7,9,18.2,8,10,9,8,0.67,9,10,9,142,2,8,10,High
1894,40,8,0,70,35,7,7,7,15,7,8,11.3,7,5,8,8,-0.05,4,6,6,95,7,9,7,Medium
1895,44,5,0,83,41,7,6,7,13,5,6,7.2,5,7,10,6,0.17,6,3,8,124,4,7,5,Medium
1896,42,6,3,89,44,9,5,5,18,4,8,9.9,5,7,4,6,0.45,5,7,4,115,6,5,6,Medium
1897,33,5,4,68,38,7,6,8,13,5,7,13.2,9,4,5,8,0.06,5,10,7,108,4,4,6,Medium
1898,52,8,5,63,46,8,8,9,20,9,8,19.8,9,9,7,8,0.78,9,10,10,138,2,6,7,High
1899,30,3,1,65,31,5,6,2,7,4,3,8.4,5,3,4,5,-0.02,6,5,2,61,7,4,7,Low
1900,38,2,0,45,41,3,4,7,14,4,5,9.3,3,4,3,7,-0.5,4,5,1,98,6,4,6,Low
1901,40,7,1,69,43,8,5,5,17,4,6,14.6,4,3,7,4,0.1,3,4,7,120,5,8,7,Medium
1902,31,2,1,35,35,3,2,8,9,5,7,4.9,5,1,4,4,-0.25,4,4,4,123,4,6,2,Low
1903,34,5,0,43,50,3,4,5,10,8,6,11.3,6,5,1,4,-0.07,4,4,5,122,12,1,3,Low
1904,46,6,2,36,34,5,6,4,13,5,5,16.1,3,5,5,7,0.33,7,5,8,120,3,6,4,Medium
1905,40,3,5,67,48,4,5,4,13,9,6,9.4,5,8,6,3,-0.1,8,6,7,97,3,4,10,Medium
1906,57,9,3,75,39,10,10,5,16,9,8,18.9,8,9,10,6,0.78,6,9,8,151,0,7,8,High
1907,43,8,1,89,37,9,8,6,15,10,8,18.8,7,9,6,9,0.84,5,7,8,136,4,8,7,High
1908,39,4,4,43,36,6,7,8,14,7,8,7.8,6,5,6,10,0.35,3,6,2,99,1,5,4,Medium
1909,33,5,3,86,34,6,5,8,13,6,4,11.6,6,8,5,7,0.37,8,6,8,130,5,9,6,Medium
1910,42,7,1,69,41,8,7,2,6,6,5,13.2,6,5,4,7,0.11,4,6,5,117,4,5,8,Medium
1911,34,6,1,66,49,6,7,6,15,7,8,10.9,7,8,7,7,0.43,5,6,7,113,4,7,8,Medium
1912,49,4,3,75,33,4,6,8,9,7,7,15.5,5,7,7,8,0.28,5,6,2,131,5,7,7,Medium
1913,48,5,2,69,42,8,5,6,11,6,5,7.1,3,9,8,5,0.4,8,6,4,118,4,7,4,Medium
1914,42,7,1,85,45,6,4,9,11,8,4,10.7,8,7,5,8,0.28,5,8,5,116,3,6,9,Medium
1915,45,8,4,68,39,8,4,6,14,7,5,8.6,5,8,8,5,0.46,9,6,6,143,5,6,6,Medium
1916,37,4,1,90,50,8,5,5,12,8,8,8.6,9,6,5,5,0.43,2,5,2,101,7,6,6,Medium
1917,29,3,0,75,36,7,7,6,11,7,5,9.6,8,6,5,7,0.58,8,7,4,106,7,4,5,Medium
1918,50,8,2,99,44,10,7,9,13,8,9,12.2,9,9,8,8,0.87,6,7,10,137,0,9,9,High
1919,60,9,3,92,39,9,8,8,16,7,7,16.7,8,10,9,9,0.94,9,10,6,134,4,7,7,High
1920,32,3,1,40,44,8,4,6,8,3,6,4.7,6,6,1,3,-0.5,3,5,6,93,6,5,4,Low
1921,53,8,3,88,47,9,7,9,20,9,10,17.4,10,9,7,9,0.82,6,9,7,129,4,8,6,High
1922,42,5,1,61,41,6,8,4,14,6,9,9.8,5,7,8,6,-0.01,6,3,5,140,3,8,10,Medium
1923,54,8,6,74,32,8,5,8,15,8,9,17.3,8,7,8,6,0.68,6,10,8,139,0,7,9,High
1924,46,7,4,80,50,6,10,8,17,9,8,20.6,9,9,9,9,0.5,8,7,8,119,1,8,8,High
1925,46,7,3,71,43,5,7,7,15,3,6,8.1,5,5,10,6,0.5,5,4,6,83,5,3,10,Medium
1926,32,1,1,40,44,6,4,6,5,6,6,10.4,4,5,4,4,-0.5,2,1,3,111,8,4,7,Low
1927,35,4,4,88,47,6,7,5,16,7,7,12.5,8,7,5,6,0.12,8,6,6,106,5,4,6,Medium
1928,36,6,5,93,32,8,6,7,14,6,8,14.1,5,5,6,5,-0.18,7,8,8,93,7,2,9,Medium
1929,41,8,3,85,45,7,6,5,8,4,5,11.7,10,6,7,7,0.08,5,6,6,110,4,6,5,Medium
1930,40,5,3,78,45,8,2,5,9,10,6,12.1,6,6,5,5,0.32,6,6,7,93,3,8,8,Medium
1931,24,3,0,87,42,9,5,1,17,3,6,6.7,2,6,5,3,-0.07,8,1,6,88,5,3,5,Low
1932,57,9,3,99,43,6,9,9,20,8,10,22.2,7,7,8,7,1.0,8,6,10,148,1,10,7,High
1933,38,10,4,89,41,9,10,7,19,8,6,16.8,9,9,8,9,0.63,8,8,9,143,1,8,8,High
1934,34,4,3,58,30,8,5,8,16,7,7,18.2,6,7,6,7,-0.04,4,5,7,111,7,6,7,Medium
1935,35,4,4,45,46,4,4,2,15,3,3,13.9,4,5,4,7,-0.35,8,2,5,72,6,3,5,Low
1936,39,7,4,56,40,9,6,8,14,8,8,7.0,7,6,5,5,0.09,3,3,6,124,4,8,7,Medium
1937,25,1,1,75,23,4,4,5,6,7,5,6.2,4,7,5,3,0.04,3,8,5,94,1,4,4,Low
1938,54,7,6,78,48,8,7,9,15,10,9,11.3,8,7,7,6,0.73,10,9,6,144,6,8,9,High
1939,29,4,1,28,28,9,5,3,7,5,2,2.0,4,6,4,4,-0.5,8,2,4,92,7,5,4,Low
1940,31,7,0,78,36,8,1,5,15,5,6,14.9,6,6,6,8,0.24,5,4,5,91,3,6,8,Medium
1941,37,5,3,100,42,7,5,9,10,3,5,13.9,7,6,6,7,0.55,5,7,8,110,7,7,7,Medium
1942,38,6,2,65,42,7,4,5,5,7,10,5.2,6,8,5,6,-0.08,8,9,5,104,2,4,8,Medium
1943,43,4,0,98,42,5,4,6,16,7,5,9.5,7,8,6,4,-0.09,8,5,8,120,2,5,8,Medium
1944,41,7,5,93,39,10,5,10,17,8,10,18.2,8,9,6,10,1.0,7,9,9,109,2,7,8,High
1945,31,6,4,85,40,7,6,8,12,5,6,10.6,6,6,5,6,0.13,6,6,9,108,8,7,8,Medium
1946,33,2,0,55,31,3,3,7,7,9,1,12.3,5,5,1,4,0.08,5,5,3,83,10,3,4,Low
1947,23,5,1,73,39,3,5,3,12,5,4,6.0,5,4,6,3,-0.28,8,4,4,77,7,4,6,Low
1948,53,7,7,72,37,10,10,8,20,8,8,20.4,8,10,8,9,0.84,8,8,6,161,1,7,8,High
1949,49,8,2,76,40,7,7,9,20,8,8,14.5,8,8,7,9,0.52,6,6,9,126,2,10,10,High
1950,49,6,3,58,47,6,6,5,17,7,10,18.2,8,6,7,7,0.3,6,4,7,116,2,3,8,Medium
1951,34,5,1,66,50,8,5,5,7,6,5,14.2,7,6,5,5,0.15,4,9,5,124,2,5,6,Medium
1952,42,9,2,75,31,7,7,7,7,6,8,2.3,7,9,7,10,-0.05,4,5,5,108,3,8,8,Medium
1953,36,2,2,38,38,7,2,3,12,6,5,8.2,4,5,1,7,-0.21,5,3,3,73,6,3,5,Low
1954,45,8,3,81,41,9,6,7,12,7,8,19.7,9,8,9,9,0.66,3,9,8,109,1,10,10,High
1955,29,4,3,75,43,7,5,5,6,8,7,14.3,7,10,5,7,0.17,6,6,4,124,3,9,6,Medium
1956,37,8,3,76,42,7,4,8,13,5,7,11.8,5,7,5,4,0.11,5,10,7,131,2,7,5,Medium
1957,47,4,2,55,38,6,6,7,16,6,6,9.9,10,6,3,5,0.18,5,5,6,130,0,9,6,Medium
1958,25,2,1,50,40,4,4,6,5,5,8,6.9,6,6,3,4,-0.2,5,3,2,97,9,4,4,Low
1959,38,3,1,59,38,2,2,3,10,4,2,6.1,4,4,5,8,-0.06,5,2,4,81,8,4,5,Low
1960,51,10,6,92,45,9,6,8,16,9,9,12.0,9,8,8,8,0.78,7,6,10,178,3,10,7,High
1961,22,4,0,43,39,4,2,4,13,4,6,5.4,7,6,4,6,-0.25,3,2,1,91,2,3,4,Low
1962,44,5,1,68,38,6,5,6,12,7,7,10.6,6,10,7,6,0.42,6,4,5,132,5,3,6,Medium
1963,44,8,2,75,37,6,8,6,8,6,8,8.4,8,5,5,8,0.41,7,5,4,124,0,5,8,Medium
1964,34,5,0,80,31,9,5,6,12,6,8,12.4,5,8,5,6,0.44,9,6,1,81,2,6,8,Medium
1965,40,6,4,72,39,6,5,8,7,8,10,13.7,6,6,7,4,-0.26,7,5,5,115,4,4,8,Medium
1966,31,5,4,67,31,9,8,6,11,5,6,15.4,8,6,4,10,0.23,9,10,5,125,2,5,6,Medium
1967,59,9,1,64,37,7,10,10,20,10,7,12.9,10,8,8,10,0.67,9,5,6,118,2,8,8,High
1968,49,6,0,95,45,6,5,6,8,7,5,11.5,5,7,5,4,0.85,5,6,7,108,4,7,7,Medium
1969,28,3,1,98,41,7,5,6,10,8,8,11.8,7,7,4,7,0.24,4,6,6,116,1,8,7,Medium
1970,34,4,1,92,41,4,7,7,12,4,7,11.5,4,6,5,8,-0.18,3,5,6,120,5,2,5,Medium
1971,56,9,1,88,34,7,6,5,16,6,4,8.9,4,7,5,6,0.24,2,2,6,143,8,7,6,Medium
1972,48,7,0,45,44,9,9,9,20,10,8,20.6,10,10,7,7,0.35,6,10,10,124,3,7,7,High
1973,51,7,3,100,33,9,9,10,15,8,8,10.1,10,10,9,8,0.65,9,7,7,123,1,7,7,High
1974,43,10,0,88,38,6,5,7,14,7,8,17.5,7,6,5,9,0.77,4,6,8,110,4,3,6,Medium
1975,31,2,0,51,38,3,4,3,6,5,8,6.5,7,3,4,5,0.14,4,4,8,102,8,4,3,Low
1976,40,6,4,60,42,6,8,4,9,10,3,13.4,8,8,10,9,0.59,6,6,8,94,2,1,6,Medium
1977,37,7,3,53,36,4,7,10,15,7,5,12.7,5,8,5,7,0.5,5,7,8,151,8,3,8,Medium
1978,23,4,1,36,43,4,6,3,11,6,3,7.0,4,3,6,7,-0.02,5,2,6,94,13,3,4,Low
1979,45,6,4,56,41,6,7,7,9,6,8,10.3,5,7,3,9,0.35,3,7,7,103,4,4,6,Medium
1980,35,3,1,72,34,5,5,7,11,3,10,6.3,7,7,6,5,0.33,6,7,5,115,4,6,6,Medium
1981,41,7,3,100,47,8,2,3,12,6,7,12.3,6,7,7,6,-0.14,8,8,6,101,8,6,8,Medium
1982,51,9,5,83,48,8,9,8,17,9,8,21.2,7,7,9,8,0.89,10,6,6,151,1,9,8,High
1983,32,3,1,54,25,4,6,5,8,8,8,7.6,6,6,6,5,-0.48,5,6,1,89,9,5,7,Low
1984,25,3,2,46,36,2,3,5,10,7,1,10.0,7,5,2,5,0.22,4,6,5,106,2,3,1,Low
1985,47,10,4,90,53,9,6,7,23,8,9,15.9,8,10,8,10,0.7,10,9,10,125,0,9,10,High
1986,43,5,2,67,43,7,4,6,10,7,8,10.8,6,7,6,7,0.27,3,5,4,112,1,7,6,Medium
1987,29,5,4,56,42,5,5,9,16,4,3,10.9,6,9,5,5,-0.02,6,5,3,94,1,6,6,Medium
1988,25,7,1,93,37,8,7,6,14,6,5,8.5,7,8,1,8,0.04,8,6,7,120,4,5,6,Medium
1989,40,5,0,59,46,7,5,9,19,5,5,9.9,6,5,4,8,0.48,8,6,7,130,6,7,7,Medium
1990,44,10,4,69,41,10,5,6,16,10,9,17.8,10,8,8,9,0.88,10,7,9,114,2,8,8,High
1991,65,9,3,97,34,7,6,8,17,8,10,19.5,8,8,9,6,0.83,8,7,10,129,4,8,9,High
1992,43,5,4,67,35,7,3,3,12,8,5,10.0,7,8,4,7,-0.01,7,6,4,118,5,7,6,Medium
1993,40,7,4,40,36,9,5,5,15,9,9,13.2,5,7,3,7,0.35,9,6,6,129,4,4,4,Medium
1994,40,6,2,55,50,9,5,7,9,4,8,15.9,6,8,9,6,0.43,4,8,5,116,7,4,5,Medium
1995,29,8,2,82,39,8,4,1,11,7,6,7.4,7,7,9,7,0.65,6,4,6,90,1,7,7,Medium
1996,24,5,0,56,38,4,3,5,7,5,3,7.4,5,5,3,6,-0.5,2,7,7,110,4,5,4,Low
1997,56,10,3,76,43,9,8,9,11,10,10,13.6,10,9,6,8,0.69,6,10,9,144,3,10,10,High
1998,28,5,1,80,50,3,3,7,8,10,4,11.8,4,4,3,4,-0.49,7,4,4,76,5,1,3,Low
1999,47,8,2,81,41,10,9,6,18,10,8,18.2,6,9,8,7,0.96,10,7,8,179,2,9,9,High
2000,39,5,1,64,33,6,8,7,8,6,8,10.0,6,9,5,6,0.5,5,6,4,109,5,7,8,Medium
2001,43,6,1,31,36,3,4,4,6,8,5,6.6,5,7,2,3,0.28,1,3,6,67,8,2,4,Low
2002,45,8,0,54,39,7,9,8,18,8,4,19.9,7,8,5,5,-0.01,7,6,6,122,2,5,9,Medium
2003,53,7,4,57,44,6,10,9,17,7,10,13.8,9,10,10,8,0.51,9,9,9,153,1,8,8,High
2004,56,7,7,87,40,10,9,9,13,7,8,11.9,7,8,8,9,0.81,5,8,10,133,2,7,8,High
2005,44,10,2,89,43,8,7,10,17,9,9,19.6,7,9,7,8,0.6,10,6,7,137,3,5,8,High
2006,35,8,2,97,43,6,4,5,15,5,7,8.5,6,6,8,4,0.58,5,4,6,130,4,6,7,Medium
2007,38,6,2,70,32,7,7,8,10,5,9,12.7,5,7,5,8,0.25,8,7,9,115,3,6,8,Medium
2008,41,8,4,91,54,9,6,10,24,8,8,16.4,8,8,7,10,0.62,8,7,7,159,1,7,10,High
2009,29,7,2,75,42,7,6,10,13,9,10,13.0,8,5,7,7,0.51,7,5,4,120,3,8,4,Medium
2010,32,7,1,86,47,6,2,9,12,6,6,10.0,5,6,7,6,0.23,6,6,7,119,6,3,8,Medium
2011,37,8,1,78,40,5,5,5,11,7,8,16.8,7,6,7,7,0.21,8,6,5,96,0,7,5,Medium
2012,47,10,4,90,43,7,7,6,20,9,7,14.2,7,10,8,9,0.74,10,9,8,115,5,9,10,High
2013,49,10,5,89,21,9,7,7,24,10,9,13.1,9,7,7,8,0.74,5,10,9,155,1,9,9,High
2014,18,3,0,61,40,5,2,2,5,4,3,13.5,3,2,3,5,-0.16,4,6,3,77,8,6,9,Low
2015,54,8,4,69,41,10,10,8,13,8,9,18.2,8,10,8,10,0.68,9,5,7,139,1,9,5,High
2016,51,8,3,100,52,7,5,9,19,9,8,17.6,10,9,9,7,0.92,10,9,8,124,2,6,7,High
2017,35,1,1,80,35,4,5,7,3,5,4,7.8,4,6,4,5,0.39,4,4,4,103,9,1,3,Low
2018,44,4,3,56,43,6,6,6,12,10,7,11.5,7,7,6,7,0.5,7,5,3,109,3,7,6,Medium
2019,50,10,4,100,48,9,9,8,14,9,9,18.1,7,7,9,9,0.79,7,10,9,143,4,8,10,High
2020,36,4,0,70,27,2,6,2,9,4,6,14.1,4,6,2,3,0.07,2,6,9,69,7,6,3,Low
2021,39,5,2,48,39,7,8,8,15,8,8,10.5,6,5,3,7,0.24,6,4,5,123,3,8,5,Medium
2022,33,5,1,83,44,7,8,5,14,6,9,11.0,5,8,5,6,0.26,6,5,4,76,5,7,6,Medium
2023,44,8,5,90,47,9,10,10,18,9,8,16.9,7,7,6,8,0.84,10,7,6,139,4,8,10,High
2024,46,10,2,78,42,8,6,8,19,9,8,18.0,9,10,10,8,0.86,8,7,9,107,4,10,10,High
2025,51,7,1,100,49,7,7,10,12,6,8,21.0,9,7,10,8,0.76,6,10,9,146,2,7,9,High
2026,55,6,3,93,33,5,6,5,12,8,3,8.3,7,6,4,6,0.46,8,5,4,125,5,5,6,Medium
2027,56,8,2,79,46,6,7,9,22,10,9,17.1,10,9,6,7,0.81,8,5,10,149,1,8,7,High
2028,58,8,1,67,41,9,10,10,13,10,8,14.2,9,8,9,9,1.0,9,9,9,148,1,6,10,High
2029,55,7,0,73,45,6,8,7,14,6,7,7.7,6,7,4,6,0.09,6,5,4,129,5,7,7,Medium
2030,47,8,3,87,41,7,10,9,22,8,8,19.2,9,10,9,7,0.66,10,8,10,99,4,8,7,High
2031,21,7,2,57,44,6,2,7,4,6,7,4.0,5,4,5,2,-0.26,6,4,6,98,6,5,2,Low
2032,29,6,1,63,31,8,5,8,13,6,6,9.9,7,6,8,7,0.05,7,8,8,119,4,4,7,Medium
2033,36,7,0,68,43,7,6,6,13,8,7,12.3,5,7,7,6,0.13,6,6,5,142,5,3,8,Medium
2034,31,4,0,40,27,3,5,4,6,2,3,10.5,1,3,1,5,-0.2,7,5,3,96,8,2,8,Low
2035,25,3,1,66,34,6,7,5,9,6,4,7.1,5,2,4,7,-0.5,6,3,2,102,5,6,7,Low
2036,39,7,1,81,46,10,4,7,12,5,6,8.7,6,5,8,6,0.47,8,9,9,135,6,5,7,Medium
2037,31,5,1,77,42,6,6,7,11,4,7,13.9,5,6,5,7,0.34,9,6,4,115,2,5,6,Medium
2038,47,8,6,78,45,10,6,5,15,8,8,9.3,8,10,10,9,0.82,6,9,6,153,4,10,8,High
2039,22,6,2,67,32,5,1,2,8,3,2,12.3,8,3,4,3,-0.32,6,1,3,114,4,3,3,Low
2040,36,5,2,74,40,6,9,4,18,6,8,9.0,6,4,7,7,0.18,7,8,3,104,4,9,8,Medium
2041,35,5,3,87,45,6,6,9,8,7,5,11.7,7,6,5,7,0.53,5,5,5,123,6,10,8,Medium
2042,51,9,3,100,38,7,8,7,19,9,7,12.8,10,10,8,9,0.43,6,8,8,128,2,8,10,High
2043,36,7,4,69,40,9,8,7,18,4,7,15.3,6,8,5,9,0.27,3,7,9,141,2,6,9,Medium
2044,39,5,3,70,40,5,8,6,12,5,7,8.7,6,6,3,8,0.09,5,8,7,126,4,4,5,Medium
2045,46,8,3,87,40,9,10,9,18,9,8,18.8,7,7,7,10,0.25,10,10,7,155,1,6,8,High
2046,41,5,1,93,44,7,3,6,15,6,7,13.2,9,5,4,7,0.41,4,5,5,132,2,5,7,Medium
2047,39,5,2,78,40,9,4,5,18,7,8,10.9,4,10,8,5,0.36,7,7,5,85,4,6,5,Medium
2048,15,6,1,63,36,2,3,4,9,6,5,3.9,2,6,4,3,0.15,2,1,2,81,6,7,7,Low
2049,47,7,4,78,38,10,8,9,19,10,8,17.8,9,8,6,10,0.63,8,7,8,142,0,7,6,High
2050,32,5,2,57,28,2,6,4,9,6,1,6.1,4,3,1,3,0.09,7,3,5,99,9,1,5,Low
2051,52,8,2,74,33,7,7,9,16,9,6,19.1,10,8,8,9,0.63,9,8,6,158,4,10,7,High
2052,26,8,1,65,42,8,6,8,11,8,7,17.0,5,4,5,7,-0.12,4,6,8,114,3,5,7,Medium
2053,42,8,5,73,43,10,9,9,15,8,7,16.6,9,8,10,9,0.73,6,6,8,135,3,9,7,High
2054,60,10,3,84,50,8,9,8,14,9,6,19.2,9,9,6,8,1.0,9,9,7,137,1,9,8,High
2055,47,10,6,96,35,8,7,9,16,8,9,12.5,7,8,8,9,0.51,7,9,10,156,0,7,8,High
2056,43,8,3,66,37,5,5,6,11,8,6,15.3,6,5,5,9,0.54,7,5,6,97,4,6,7,Medium
2057,49,8,3,65,41,7,10,9,15,9,8,19.5,9,10,7,9,0.7,7,9,9,152,1,9,9,High
2058,47,7,1,60,40,6,6,7,14,6,8,12.0,5,9,4,5,0.47,2,4,6,167,3,7,7,Medium
2059,36,6,4,66,40,8,7,3,15,8,4,14.9,8,6,5,9,0.58,6,7,6,103,5,5,5,Medium
2060,44,5,2,78,41,5,3,8,17,4,9,8.4,6,5,8,3,0.48,5,6,5,120,2,5,5,Medium
2061,57,7,6,76,47,9,9,9,15,7,9,16.2,7,9,6,9,0.81,8,10,10,146,3,9,7,High
2062,52,8,6,100,49,8,8,8,15,10,6,11.4,7,8,8,9,0.7,8,7,9,123,0,10,7,High
2063,52,6,6,78,43,10,8,8,14,9,9,14.5,8,8,8,9,1.0,6,6,5,142,3,9,9,High
2064,37,6,1,83,42,8,6,9,9,8,7,13.1,7,4,6,6,0.39,5,7,5,94,4,5,8,Medium
2065,40,8,2,47,43,4,5,5,11,8,7,12.1,4,5,6,8,-0.08,6,7,5,119,2,7,6,Medium
2066,47,9,4,100,48,8,7,8,20,7,8,18.9,8,8,5,10,0.46,7,10,8,134,1,10,8,High
2067,23,2,3,61,36,6,9,5,13,5,8,16.4,4,5,6,6,0.58,5,4,6,126,4,9,7,Medium
2068,41,4,0,75,40,7,3,6,12,3,8,7.4,3,6,6,7,-0.02,1,4,7,78,9,4,2,Low
2069,45,5,2,89,37,9,4,6,17,5,5,13.3,7,4,5,6,0.22,4,7,4,125,3,7,3,Medium
2070,45,7,2,45,40,10,5,6,15,4,8,11.3,7,8,6,7,0.07,5,8,5,87,7,7,4,Medium
2071,35,4,0,90,48,6,8,4,10,6,9,9.2,8,8,7,4,0.24,6,4,8,102,4,7,8,Medium
2072,36,4,2,66,40,7,5,4,13,4,5,15.7,5,6,7,6,0.19,4,5,5,121,5,6,5,Medium
2073,32,5,2,65,34,6,2,7,12,5,5,4.4,1,6,3,7,-0.21,1,2,3,85,6,4,5,Low
2074,24,1,1,62,28,4,2,6,9,6,7,7.0,6,5,3,4,-0.35,4,3,3,72,8,1,8,Low
2075,52,8,2,83,43,7,8,9,13,7,8,15.4,10,9,8,10,0.93,8,7,7,144,2,7,8,High
2076,48,8,4,81,36,6,4,7,13,7,6,10.2,9,6,6,6,0.72,5,7,5,130,4,8,7,Medium
2077,30,6,4,87,40,7,5,8,5,5,5,12.6,7,5,4,6,0.64,8,9,8,105,4,3,8,Medium
2078,37,4,3,50,46,5,4,5,10,7,6,17.1,6,7,3,9,0.24,5,9,8,101,4,4,6,Medium
2079,48,8,2,86,35,5,6,5,11,6,6,10.7,7,7,5,7,0.4,4,8,5,100,0,6,6,Medium
2080,48,7,3,80,40,8,5,9,17,9,9,24.3,7,9,6,7,0.52,5,7,8,123,3,7,10,High
2081,47,8,6,94,43,9,4,8,16,10,7,14.7,10,8,6,9,0.82,9,8,9,130,3,8,9,High
2082,26,2,2,75,34,1,6,8,12,5,4,6.7,7,6,3,7,-0.11,5,4,4,75,8,3,4,Low
2083,35,6,3,81,43,7,7,9,14,7,4,12.4,4,7,4,5,0.12,4,8,6,128,6,4,5,Medium
2084,49,7,2,90,49,8,8,10,12,8,10,12.4,10,9,7,7,0.82,6,8,8,137,2,9,8,High
2085,53,9,5,91,37,6,7,8,14,9,10,20.7,6,7,7,9,0.77,9,7,9,168,5,10,8,High
2086,37,4,1,74,44,8,7,4,21,6,8,6.1,6,7,6,6,0.48,7,7,7,148,2,8,4,Medium
2087,41,5,1,67,45,7,5,5,16,7,7,14.9,5,9,7,6,0.2,3,5,4,121,10,5,3,Medium
2088,30,3,2,44,33,3,4,6,10,5,2,9.8,4,5,5,7,-0.44,2,5,5,81,8,3,3,Low
2089,46,9,3,84,33,8,5,8,16,7,9,15.5,9,8,8,7,0.83,6,8,8,127,4,7,7,High
2090,37,4,4,81,47,8,4,9,15,4,8,9.3,9,7,5,5,0.36,8,8,4,123,5,4,6,Medium
2091,52,9,7,79,52,8,7,9,17,10,8,17.8,9,8,9,7,0.74,8,8,8,146,2,9,6,High
2092,37,6,2,65,35,6,2,6,10,7,7,9.2,8,8,9,8,0.26,5,6,9,100,6,3,5,Medium
2093,36,5,3,40,42,5,6,8,14,8,8,8.5,6,5,8,8,0.47,8,10,4,124,7,5,6,Medium
2094,43,5,0,81,47,9,6,7,15,8,6,12.0,6,8,5,6,0.2,5,9,5,121,7,4,5,Medium
2095,45,5,2,54,44,8,7,4,14,8,7,10.1,7,6,5,8,0.33,7,5,7,140,4,5,8,Medium
2096,37,4,0,62,34,2,3,5,6,6,4,9.0,4,4,4,2,-0.0,5,3,6,88,10,4,5,Low
2097,39,5,2,65,39,6,3,10,14,8,6,12.5,8,7,8,10,-0.09,8,7,8,122,6,9,10,Medium
2098,40,2,2,32,36,5,1,7,9,7,4,8.4,6,4,3,5,-0.09,6,6,4,82,5,4,5,Low
2099,43,8,1,72,36,10,10,8,15,7,8,18.1,9,9,9,9,0.83,10,10,7,153,1,8,7,High
2100,34,6,0,84,42,10,5,5,16,6,7,13.0,5,7,5,6,0.12,7,7,9,113,6,9,5,Medium
2101,35,4,0,84,30,1,5,4,9,6,3,7.9,8,1,3,9,0.12,2,3,5,83,6,1,3,Low
2102,44,10,2,90,39,10,10,10,17,10,9,16.4,7,7,4,10,0.81,7,10,7,157,3,5,10,High
2103,45,9,3,76,40,8,6,9,15,9,8,11.4,10,10,6,7,0.52,8,9,9,129,3,8,10,High
2104,41,10,2,90,28,9,6,8,17,8,9,18.4,8,10,10,10,0.29,5,10,7,138,3,8,10,High
2105,42,10,2,95,43,9,9,10,16,9,6,17.1,10,9,10,6,0.46,8,10,7,110,3,9,8,High
2106,28,5,1,66,28,6,4,4,14,2,5,4.9,6,7,4,3,0.1,4,6,6,67,9,4,1,Low
2107,48,5,2,75,32,5,6,9,14,7,5,15.1,7,7,5,5,0.04,6,9,5,118,3,8,7,Medium
2108,65,8,8,97,40,10,8,10,17,7,8,14.6,7,9,8,10,0.41,8,7,7,180,1,8,7,High
2109,47,6,2,69,37,7,6,7,12,7,9,12.7,9,6,3,4,0.42,4,5,5,129,3,8,8,Medium
2110,33,5,2,55,40,5,5,4,6,5,6,8.5,5,4,4,2,-0.19,3,3,6,60,6,3,7,Low
2111,40,8,4,79,37,10,7,8,19,7,10,15.4,9,8,7,8,0.6,8,7,5,147,2,7,9,High
2112,37,5,2,76,28,3,6,6,16,7,6,12.8,4,6,6,10,0.2,4,5,9,116,4,7,7,Medium
2113,51,5,0,56,37,5,7,7,14,7,7,7.4,5,9,7,8,0.86,3,6,5,123,4,9,7,Medium
2114,42,7,2,66,32,8,6,7,15,5,6,14.5,4,7,4,7,0.16,8,3,6,131,2,8,9,Medium
2115,41,4,2,39,43,7,8,6,16,8,9,15.5,8,6,8,7,0.17,3,5,8,119,2,6,4,Medium
2116,44,3,5,68,38,7,4,9,9,8,9,11.1,6,7,8,5,0.28,4,6,7,108,5,5,6,Medium
2117,32,6,1,52,38,5,5,3,6,4,3,6.9,4,8,4,5,-0.5,2,3,2,98,7,3,2,Low
2118,54,8,3,92,42,8,10,8,14,8,6,20.3,9,7,8,7,0.75,10,9,9,149,2,6,9,High
2119,26,5,2,75,43,7,6,6,12,7,3,16.8,6,5,4,7,0.09,6,8,6,148,2,8,3,Medium
2120,26,2,1,43,26,4,3,6,8,3,4,7.0,4,5,1,3,0.01,4,7,2,76,9,2,6,Low
2121,55,8,6,69,46,8,8,9,25,10,8,20.3,9,10,8,10,0.91,8,9,9,124,1,7,8,High
2122,44,10,4,72,39,8,10,9,13,7,10,23.3,10,9,8,8,0.6,9,10,7,106,2,7,9,High
2123,52,7,5,76,47,8,9,7,9,8,10,16.3,8,10,9,10,0.79,9,9,9,138,3,8,9,High
2124,46,8,4,63,25,9,7,10,14,9,9,16.0,8,9,7,10,0.69,7,8,7,146,0,10,7,High
2125,43,7,2,100,43,7,3,5,10,8,8,15.6,7,9,7,6,0.13,6,3,5,115,3,6,7,Medium
2126,38,7,0,57,31,5,5,7,15,6,5,10.9,6,4,7,7,0.13,5,6,5,121,6,6,5,Medium
2127,25,7,2,63,33,7,3,4,4,7,7,9.2,2,3,4,6,0.04,5,7,1,82,6,3,4,Low
2128,30,6,0,91,38,7,7,5,14,8,8,6.7,7,5,8,5,0.12,8,4,3,113,4,8,7,Medium
2129,37,4,2,63,32,8,5,7,9,10,7,9.0,4,4,4,4,0.12,9,7,6,117,3,5,6,Medium
2130,42,5,2,83,33,7,4,6,9,7,7,9.9,5,7,7,5,0.17,7,6,6,118,6,4,7,Medium
2131,52,8,4,85,46,7,9,5,20,9,7,12.1,9,9,9,8,0.6,10,10,10,114,1,6,8,High
2132,43,3,2,61,39,8,3,5,15,7,8,8.1,5,6,10,6,0.56,7,3,4,125,2,10,8,Medium
2133,32,4,1,55,30,4,3,7,10,3,5,2.0,4,2,2,3,-0.48,4,4,1,88,6,5,6,Low
2134,33,6,2,77,40,4,5,3,11,3,8,11.0,4,7,4,6,0.27,3,6,6,128,4,5,6,Medium
2135,47,6,0,74,45,8,5,8,8,6,6,13.6,6,10,5,4,0.03,6,6,4,107,5,8,6,Medium
2136,31,3,3,68,40,1,1,10,11,5,3,6.4,3,2,1,6,-0.07,7,5,3,104,11,3,2,Low
2137,46,9,4,76,49,10,7,10,17,7,10,19.1,9,8,7,7,0.53,6,7,8,141,0,7,8,High
2138,35,7,2,99,38,8,6,9,10,5,8,12.3,6,4,7,6,0.32,7,6,6,95,4,6,7,Medium
2139,47,7,1,59,42,6,3,7,18,6,6,12.0,8,5,5,9,0.3,8,5,10,129,7,5,6,Medium
2140,47,6,2,62,34,8,2,7,13,9,7,12.9,6,7,10,7,-0.18,5,6,7,109,7,6,5,Medium
2141,51,7,2,85,40,8,9,7,18,6,7,17.8,8,8,6,8,0.64,7,8,10,159,3,5,10,High
2142,36,6,2,84,36,10,5,6,11,7,6,9.6,6,7,6,8,0.17,9,8,6,131,2,5,6,Medium
2143,43,3,2,77,37,5,4,5,13,7,6,11.0,5,8,3,5,-0.29,4,7,10,95,6,8,8,Medium
2144,47,5,1,87,34,6,6,8,12,6,6,3.6,4,9,4,7,0.23,10,6,8,92,3,8,7,Medium
2145,38,5,2,64,31,6,6,8,12,6,5,8.5,6,6,7,6,0.27,3,8,10,124,3,8,8,Medium
2146,57,8,4,79,51,10,8,6,13,9,9,22.9,7,8,9,7,1.0,9,7,10,178,4,8,9,High
2147,56,9,4,69,32,9,7,8,17,9,7,19.3,8,8,8,10,0.91,9,10,10,140,2,6,10,High
2148,40,5,0,76,39,6,6,5,12,7,7,13.9,6,5,7,6,0.05,6,9,7,113,3,6,5,Medium
2149,52,9,3,80,41,8,8,10,16,7,9,15.7,10,8,7,10,0.57,9,10,6,158,3,8,10,High
2150,53,9,3,90,40,7,10,8,16,10,7,15.7,8,10,9,6,0.65,10,8,7,143,3,10,7,High
2151,55,8,3,89,58,10,9,8,21,9,8,13.2,9,6,8,8,0.65,6,8,6,167,2,7,8,High
2152,41,10,3,76,47,8,10,8,18,7,8,19.6,6,10,6,9,0.67,8,10,8,134,2,8,7,High
2153,34,7,2,73,41,5,4,4,16,10,8,17.1,7,7,7,5,-0.18,6,8,4,106,7,7,4,Medium
2154,44,3,2,63,50,7,5,5,8,7,8,9.0,7,8,5,8,0.47,8,7,5,130,4,9,5,Medium
2155,38,6,1,79,41,7,6,7,9,6,6,11.8,5,5,4,6,0.49,4,5,6,91,5,5,8,Medium
2156,41,9,3,97,41,10,9,9,16,8,8,15.6,8,9,8,10,0.76,6,8,9,140,3,10,6,High
2157,36,4,0,57,42,5,6,6,9,4,6,3.4,4,5,4,7,-0.23,2,3,2,65,4,4,3,Low
2158,48,8,4,97,44,10,8,10,19,9,10,17.9,9,9,8,6,0.91,5,7,8,138,2,9,8,High
2159,38,10,4,100,32,9,9,10,20,9,8,14.5,9,10,9,8,0.5,7,6,10,145,1,7,7,High
2160,32,5,1,57,36,9,1,3,7,3,5,7.6,5,4,4,3,-0.12,1,5,5,97,5,5,5,Low
2161,41,8,2,88,29,9,5,9,12,9,9,19.8,9,8,7,7,0.54,8,5,8,160,1,9,10,High
2162,39,3,2,31,29,4,1,1,7,6,4,13.7,7,3,4,6,0.35,6,5,4,69,6,3,5,Low
2163,35,6,3,73,38,3,6,6,14,6,8,13.0,5,8,4,7,-0.09,9,7,7,144,3,7,7,Medium
2164,56,9,4,99,51,10,10,7,17,8,7,18.0,10,8,7,8,0.67,8,6,9,121,0,7,9,High
2165,25,4,1,55,38,3,4,4,5,3,4,10.7,3,2,4,4,-0.22,2,4,5,105,8,2,8,Low
2166,39,9,2,87,44,8,7,7,16,10,8,17.8,8,10,4,9,1.0,7,10,8,132,3,8,8,High
2167,57,6,5,91,33,8,8,8,17,9,6,13.8,10,8,8,8,0.78,6,10,10,137,3,7,8,High
2168,47,5,3,92,38,8,7,8,4,6,7,10.5,5,6,2,7,0.04,9,6,6,121,4,8,7,Medium
2169,34,5,1,22,40,4,3,7,3,3,6,7.5,4,5,4,5,0.09,1,7,2,92,10,6,8,Low
2170,32,7,3,81,49,8,5,6,8,5,7,11.4,6,3,3,7,0.01,4,6,5,97,4,7,6,Medium
2171,36,7,0,72,37,7,6,4,22,7,6,14.9,6,8,4,9,0.23,8,7,6,133,5,8,8,Medium
2172,57,9,1,82,44,9,6,9,19,9,9,15.3,9,10,9,10,1.0,10,10,8,145,0,10,9,High
2173,53,5,4,98,43,5,2,9,11,8,7,6.4,8,6,7,6,-0.18,7,7,4,99,3,7,7,Medium
2174,41,4,1,65,42,6,3,8,13,6,6,16.2,9,6,6,8,-0.04,10,5,5,108,1,7,8,Medium
2175,46,6,0,61,50,7,7,6,12,9,8,18.5,7,6,3,6,0.37,5,8,9,96,4,7,7,Medium
2176,34,10,4,75,40,5,4,8,15,5,4,8.7,8,7,3,9,0.14,6,4,3,109,3,8,8,Medium
2177,45,8,3,93,43,6,9,9,10,8,9,16.6,7,8,7,10,0.83,7,7,6,117,3,6,10,High
2178,36,4,0,62,41,3,4,3,11,4,2,11.6,6,8,5,6,-0.05,5,6,5,100,5,5,2,Low
2179,50,9,0,94,35,9,8,9,10,7,7,17.7,8,9,9,9,1.0,10,7,6,142,1,6,8,High
2180,32,6,0,60,33,4,6,8,12,8,6,13.9,7,6,7,4,-0.23,8,7,6,127,6,3,8,Medium
2181,43,7,2,82,42,8,9,9,25,10,7,13.2,8,9,10,10,0.78,5,10,9,135,5,7,9,High
2182,38,3,2,70,47,4,7,4,8,6,6,12.6,7,7,2,6,0.42,7,9,6,139,9,7,7,Medium
2183,38,6,3,56,46,8,7,7,16,7,7,18.5,3,5,3,4,-0.33,7,7,6,88,4,4,10,Medium
2184,32,10,1,93,51,8,8,6,22,10,8,12.7,7,8,9,8,0.74,8,9,10,140,0,9,9,High
2185,30,3,0,33,50,5,1,1,4,4,3,9.3,4,4,4,7,0.01,4,2,7,93,13,7,5,Low
2186,60,8,5,97,45,10,8,10,25,8,8,15.0,10,8,5,8,0.35,6,9,7,142,3,9,7,High
2187,34,7,3,69,45,9,7,5,14,6,8,10.6,6,9,7,6,0.31,7,7,5,139,0,3,8,Medium
2188,39,4,1,54,30,6,3,5,12,5,6,9.0,6,5,1,4,-0.14,5,1,4,68,4,6,7,Low
2189,41,5,3,59,45,6,7,6,16,7,8,11.1,8,5,3,6,0.1,9,6,8,114,4,3,6,Medium
2190,56,8,3,94,48,9,7,9,15,8,9,15.5,9,8,7,9,0.67,8,7,6,129,3,6,8,High
2191,36,2,0,15,34,6,5,6,11,5,5,11.1,5,4,2,4,-0.5,2,3,6,79,7,3,7,Low
2192,44,5,2,71,31,4,5,6,16,6,9,13.6,8,5,7,5,0.56,5,5,3,114,5,8,9,Medium
2193,41,9,2,75,40,10,8,3,11,6,4,10.6,5,9,7,9,0.29,3,7,5,111,5,9,5,Medium
2194,41,4,2,100,44,7,4,7,14,8,7,11.9,5,10,6,8,0.24,7,6,6,118,5,7,8,Medium
2195,27,2,1,35,46,4,3,6,19,5,6,10.6,5,7,4,5,0.29,3,5,5,99,9,4,3,Low
2196,53,7,5,100,43,9,6,10,19,9,8,18.1,8,9,10,7,0.4,10,9,8,163,2,8,7,High
2197,46,8,4,67,41,8,8,9,15,7,10,17.1,9,8,7,9,0.61,8,8,10,121,0,9,8,High
2198,62,7,3,86,44,10,8,8,18,7,9,15.7,7,7,7,8,0.64,9,9,9,144,0,7,8,High
2199,54,8,3,99,59,10,7,10,15,8,9,19.9,9,10,5,8,1.0,10,7,7,135,3,8,9,High
2200,26,3,1,75,42,4,5,6,12,6,1,9.9,4,4,3,5,-0.5,4,8,3,97,3,5,6,Low
2201,47,8,3,66,40,8,8,6,22,10,9,16.4,6,9,10,9,0.63,8,9,7,139,3,10,9,High
2202,26,3,1,57,43,5,3,7,2,4,6,13.7,6,5,2,5,-0.14,3,4,4,107,6,3,3,Low
2203,22,6,0,40,44,7,5,9,11,5,9,7.8,2,10,3,5,-0.1,4,4,4,96,9,6,2,Low
2204,46,6,3,72,39,7,7,7,8,6,9,13.6,4,8,6,5,0.46,7,7,8,124,5,9,7,Medium
2205,31,8,3,62,33,6,4,9,15,4,5,9.0,8,7,7,6,0.15,7,6,2,110,3,5,8,Medium
2206,52,10,6,71,47,9,6,8,18,7,7,20.7,7,6,8,7,0.77,9,9,10,120,2,9,10,High
2207,50,6,1,68,38,7,5,7,12,6,4,11.6,5,7,6,7,0.32,8,7,6,94,6,7,5,Medium
2208,44,4,1,64,40,8,6,9,18,6,10,13.0,6,8,5,5,0.21,7,5,5,97,3,10,7,Medium
2209,43,6,0,86,49,5,6,7,14,6,5,14.9,7,7,7,6,0.32,2,4,9,104,7,5,6,Medium
2210,48,10,3,97,36,9,8,9,19,10,7,15.5,6,9,8,8,0.72,10,7,7,126,2,8,8,High
2211,40,6,2,50,38,8,6,9,10,7,4,18.3,5,6,5,5,0.42,6,7,8,133,3,6,5,Medium
2212,33,4,3,92,35,8,4,7,12,4,6,14.5,3,5,6,7,0.2,6,5,6,113,6,6,7,Medium
2213,28,3,2,62,23,5,5,3,9,2,5,6.0,5,2,2,8,-0.42,3,3,1,113,10,1,3,Low
2214,52,8,4,94,44,10,4,7,18,7,8,14.9,8,10,7,8,0.49,8,8,9,148,1,7,8,High
2215,23,6,1,85,32,9,3,7,13,8,8,8.9,7,7,6,7,0.07,7,9,6,110,2,6,7,Medium
2216,29,5,4,69,37,7,6,3,8,7,8,18.1,4,9,7,7,0.69,4,7,3,111,3,5,7,Medium
2217,25,3,0,55,34,6,3,6,10,1,5,6.6,2,5,3,3,-0.48,5,6,3,89,8,5,6,Low
2218,50,6,3,57,34,6,6,7,12,6,6,11.1,6,4,9,7,-0.0,8,8,3,138,3,8,7,Medium
2219,33,5,3,70,47,7,7,7,9,6,6,10.6,9,6,8,8,0.34,6,5,5,92,8,5,9,Medium
2220,32,6,4,83,36,6,6,8,12,7,6,12.9,7,8,4,9,0.32,5,5,5,102,5,7,5,Medium
2221,39,9,3,97,32,10,8,7,19,9,9,16.6,8,7,10,8,0.79,9,6,6,147,1,5,8,High
2222,24,4,1,17,38,4,1,5,9,3,5,3.9,3,6,4,3,0.03,6,1,7,94,8,3,4,Low
2223,47,7,2,54,42,7,2,8,11,9,8,11.3,5,8,7,6,0.49,4,6,5,99,2,3,4,Medium
2224,45,8,3,90,47,8,8,9,14,10,5,13.4,8,9,9,7,0.6,7,9,8,178,2,7,7,High
2225,34,7,2,80,31,9,6,5,8,5,7,9.9,6,6,5,5,0.57,9,8,5,108,5,4,5,Medium
2226,40,5,2,75,28,5,7,8,12,5,5,9.0,6,7,5,7,0.44,6,6,7,109,6,7,9,Medium
2227,41,5,3,57,42,9,2,7,10,6,7,8.9,4,7,5,8,0.06,4,6,5,126,4,3,6,Medium
2228,31,6,3,100,43,6,7,8,7,6,7,11.7,8,7,9,6,0.24,4,7,7,107,6,3,3,Medium
2229,48,8,4,85,33,6,9,6,20,9,7,11.4,10,8,5,10,0.99,5,9,10,146,2,10,8,High
2230,38,7,3,60,40,8,6,5,12,6,4,13.2,7,6,3,7,0.06,4,6,7,134,6,6,6,Medium
2231,55,6,4,87,53,8,7,10,11,8,9,20.3,7,8,10,10,0.5,6,9,9,122,2,8,8,High
2232,39,8,2,91,42,7,5,7,14,9,7,13.2,8,8,10,7,0.74,9,2,6,137,2,7,5,Medium
2233,38,5,2,77,45,6,5,6,11,7,6,11.3,8,8,5,8,0.13,7,6,5,99,5,6,8,Medium
2234,25,4,1,90,32,6,4,4,5,5,5,6.7,1,2,6,10,-0.2,5,1,5,97,7,1,5,Low
2235,39,7,2,51,47,7,5,6,15,6,6,11.1,6,7,5,6,0.14,5,8,5,128,1,5,6,Medium
2236,43,6,3,73,44,6,7,6,18,4,4,16.0,10,6,9,5,0.36,8,6,6,115,0,3,8,Medium
2237,48,7,6,94,41,6,7,8,18,9,10,15.4,7,7,9,10,0.59,9,9,10,150,3,9,6,High
2238,33,5,1,79,29,5,7,5,14,6,5,14.8,7,8,8,6,0.57,5,4,6,128,2,6,5,Medium
2239,44,9,6,94,42,8,7,8,17,6,10,12.8,10,7,7,8,0.8,5,9,6,134,3,10,9,High
2240,29,4,0,61,39,2,5,2,9,4,5,9.2,5,6,6,6,-0.32,3,7,6,94,3,4,5,Low
2241,51,10,3,67,32,9,5,8,16,10,9,15.8,8,8,6,9,0.95,9,8,10,126,1,8,9,High
2242,46,8,6,65,47,7,8,9,18,8,7,10.2,10,7,7,8,0.84,7,8,9,137,2,10,10,High
2243,49,9,4,92,34,6,9,7,19,7,6,21.5,9,8,7,8,0.62,8,10,10,132,2,8,10,High
2244,50,8,3,95,44,7,7,8,19,7,10,16.0,10,8,7,8,0.92,10,7,7,128,2,9,9,High
2245,51,6,0,96,39,8,9,8,21,8,7,20.0,8,10,9,6,0.9,5,8,10,121,0,8,9,High
2246,36,7,2,58,49,6,5,7,14,6,7,9.7,6,5,8,8,0.21,5,6,10,88,5,3,6,Medium
2247,30,5,3,53,42,1,4,2,10,4,5,6.7,2,3,1,3,-0.37,3,7,4,80,5,5,4,Low
2248,33,3,0,71,28,3,2,5,7,6,7,6.0,4,4,2,2,-0.29,6,6,2,77,12,1,7,Low
2249,53,8,3,76,37,10,9,9,18,6,9,16.7,9,8,9,7,0.66,9,5,8,135,2,9,8,High
2250,39,7,2,80,39,6,4,6,7,5,9,7.4,7,5,4,6,0.17,6,4,4,123,4,8,6,Medium
2251,51,8,1,75,39,9,10,7,17,9,8,19.3,8,7,6,7,0.69,9,7,7,138,2,9,9,High
2252,51,5,2,83,32,7,6,7,12,5,10,13.8,7,7,7,10,0.12,10,5,5,112,4,5,8,Medium
2253,30,4,2,40,35,3,3,4,9,4,4,11.6,6,4,5,6,0.19,4,3,2,94,4,1,3,Low
2254,30,1,0,80,32,3,1,1,8,4,5,5.5,7,3,1,6,-0.46,5,4,1,78,5,7,4,Low
2255,39,7,3,69,43,8,5,7,14,7,7,17.1,4,9,8,5,0.09,4,5,7,118,6,9,6,Medium
2256,43,7,0,81,39,5,4,5,14,7,9,11.3,6,9,2,6,0.58,6,4,6,83,1,2,5,Medium
2257,40,5,2,76,39,8,8,7,11,6,9,12.4,5,5,4,6,0.06,8,8,4,113,3,7,7,Medium
2258,43,7,3,65,43,6,5,6,11,5,7,11.1,7,6,6,6,0.68,8,6,8,122,4,5,5,Medium
2259,25,5,0,24,35,7,5,3,8,6,4,6.9,5,6,4,6,-0.29,1,5,2,77,9,5,4,Low
2260,54,5,0,82,39,8,2,7,13,7,7,11.7,10,5,5,7,0.31,6,5,7,106,4,5,6,Medium
2261,32,5,4,71,40,9,6,9,17,8,7,11.3,5,7,7,5,0.91,7,8,5,99,4,4,7,Medium
2262,56,7,2,100,32,8,7,8,20,9,8,22.2,7,7,10,7,0.67,9,6,10,146,2,7,7,High
2263,39,6,2,72,35,7,6,7,16,7,5,15.2,6,8,5,6,0.52,6,6,9,131,4,6,5,Medium
2264,40,4,4,56,42,4,5,6,10,9,8,12.1,5,10,6,6,0.2,3,5,6,125,5,8,8,Medium
2265,26,4,0,37,39,5,5,5,9,5,4,6.1,6,4,4,5,-0.23,4,3,4,98,8,2,5,Low
2266,30,6,1,75,25,5,1,3,5,1,4,13.1,3,8,4,6,-0.21,5,3,4,88,7,7,7,Low
2267,38,8,2,56,48,5,7,4,14,5,8,9.4,6,8,7,7,0.46,5,5,6,101,6,4,6,Medium
2268,39,1,1,81,34,6,6,4,11,7,5,6.9,6,8,6,8,-0.0,4,6,9,102,3,6,5,Medium
2269,50,7,3,71,37,7,7,6,7,6,5,12.4,6,5,6,7,0.36,9,7,5,131,4,5,6,Medium
2270,45,5,1,59,42,6,2,7,14,5,4,11.0,8,5,5,6,-0.2,5,5,9,107,6,7,6,Medium
2271,43,8,2,75,43,5,3,4,15,10,6,9.4,7,9,8,7,-0.31,6,8,4,107,8,8,4,Medium
2272,39,9,3,68,43,8,8,8,23,7,8,17.6,10,8,9,8,0.98,8,10,9,130,2,8,7,High
2273,54,10,2,68,36,8,10,8,16,9,7,18.4,10,8,7,8,1.0,10,8,8,130,2,7,9,High
2274,21,1,1,84,34,4,2,3,6,7,5,7.2,4,4,6,3,0.02,3,2,3,88,11,2,6,Low
2275,32,5,0,72,35,6,7,6,9,10,6,13.5,7,8,4,8,0.2,6,9,8,119,2,8,7,Medium
2276,31,6,1,58,40,5,6,2,6,5,3,9.5,4,4,4,3,-0.33,6,3,1,107,8,6,3,Low
2277,38,7,4,64,49,6,4,9,9,3,6,9.0,6,8,4,4,-0.18,8,5,8,111,2,7,6,Medium
2278,40,10,6,87,52,8,10,9,18,10,10,14.8,10,9,7,9,0.5,7,10,8,132,4,6,10,High
2279,32,2,1,78,38,3,4,4,6,1,2,7.5,7,7,4,5,0.24,3,6,9,101,3,5,6,Low
2280,24,5,0,76,52,7,8,4,10,4,8,11.8,8,8,6,4,0.33,8,7,4,120,0,6,7,Medium
2281,27,8,3,59,35,6,6,5,14,5,6,14.2,7,7,4,6,-0.07,4,6,5,129,1,6,8,Medium
2282,33,9,2,93,39,9,9,10,21,8,10,13.0,8,9,6,9,0.7,8,8,6,157,2,8,9,High
2283,39,8,4,76,37,5,4,7,11,7,7,11.1,9,8,8,8,0.03,5,5,6,106,4,7,6,Medium
2284,28,5,1,50,40,4,2,5,7,2,5,9.4,5,5,5,3,-0.01,4,4,6,89,9,4,3,Low
2285,41,9,2,62,44,5,8,8,13,3,7,8.0,6,7,6,5,0.4,4,4,7,124,5,5,5,Medium
2286,26,4,1,71,35,6,5,5,11,6,7,8.7,7,6,5,4,-0.12,4,5,8,122,6,3,6,Medium
2287,36,4,0,60,41,5,4,3,5,5,3,12.9,3,3,4,3,0.06,6,1,2,87,0,6,2,Low
2288,30,5,5,89,43,8,5,8,14,6,8,12.2,6,7,8,8,-0.14,5,5,4,142,4,10,6,Medium
2289,35,2,2,66,31,4,4,6,6,2,6,10.6,2,8,3,5,-0.29,3,7,2,90,3,5,5,Low
2290,37,5,1,76,29,4,4,5,6,5,6,9.7,4,3,2,7,-0.07,6,5,6,70,4,3,5,Low
2291,41,7,4,75,37,8,6,7,17,6,8,12.2,6,7,3,7,0.19,6,4,8,139,4,3,4,Medium
2292,18,6,1,47,37,1,3,4,9,6,3,6.2,3,2,3,4,-0.39,3,4,4,74,9,4,7,Low
2293,41,5,1,56,28,9,5,9,13,7,6,15.4,9,9,5,4,0.17,6,10,9,119,5,7,8,Medium
2294,43,7,2,63,37,6,5,9,13,8,7,14.6,6,6,6,6,0.54,10,6,6,79,5,7,6,Medium
2295,50,9,4,90,41,10,7,10,22,8,9,15.2,10,8,5,8,0.87,7,6,9,126,1,4,9,High
2296,44,4,2,74,36,5,6,6,11,4,7,12.9,9,7,8,7,0.16,6,10,5,113,1,5,8,Medium
2297,28,5,2,61,35,7,2,2,9,6,6,16.7,5,6,1,4,0.14,2,1,3,79,6,3,5,Low
2298,36,5,1,92,40,2,3,5,11,8,7,6.9,4,7,3,5,-0.42,5,3,5,102,3,7,7,Low
2299,33,6,3,85,43,8,6,8,14,7,8,10.2,7,6,4,6,0.48,8,6,6,118,0,6,7,Medium
2300,55,7,3,100,37,8,9,10,15,7,8,19.2,9,10,7,8,0.49,7,5,8,150,0,8,9,High
2301,28,6,1,35,31,8,2,5,11,3,2,8.6,5,8,4,6,-0.49,4,2,3,84,12,5,6,Low
2302,53,10,4,72,33,9,8,9,17,9,9,15.4,9,8,7,6,0.68,6,9,10,141,3,8,7,High
2303,27,4,1,37,32,5,2,3,11,5,7,6.9,4,4,4,1,0.12,2,3,2,98,6,6,5,Low
2304,36,4,2,32,37,5,8,8,16,7,4,10.9,7,8,9,5,-0.02,7,8,8,121,2,8,6,Medium
2305,43,7,2,90,56,10,10,10,20,8,9,15.2,10,9,8,8,0.5,8,6,8,118,2,8,7,High
2306,52,9,4,92,38,10,10,10,15,9,10,17.2,9,9,6,8,0.53,6,6,9,161,0,8,8,High
2307,55,8,4,84,34,10,7,8,24,9,7,15.0,6,10,6,7,0.79,7,9,6,140,2,7,10,High
2308,48,10,2,85,42,10,9,10,20,8,8,14.9,10,5,10,10,0.98,8,9,9,130,1,9,10,High
2309,37,6,2,78,41,6,5,6,9,5,7,7.3,5,6,5,7,0.52,8,6,5,134,6,4,7,Medium
2310,65,10,3,81,39,10,9,10,22,9,8,18.8,7,9,8,9,0.52,7,8,10,148,2,7,10,High
2311,31,4,2,28,47,4,5,4,8,7,6,14.6,3,6,2,1,-0.22,1,5,8,76,5,6,4,Low
2312,51,8,4,68,37,9,7,8,12,9,8,16.4,8,7,9,8,0.46,10,8,6,144,3,9,8,High
2313,45,9,3,78,35,6,6,6,12,7,6,13.3,8,5,4,7,0.04,9,8,5,98,5,2,10,Medium
2314,52,10,0,89,45,8,9,9,17,8,9,21.3,7,8,7,8,0.66,7,8,10,130,2,8,7,High
2315,46,7,1,82,35,8,7,6,11,7,7,9.0,7,6,6,7,0.02,7,6,6,147,2,3,6,Medium
2316,55,5,2,81,36,6,5,8,11,6,6,9.6,7,8,3,5,0.49,9,6,7,138,7,5,6,Medium
2317,40,6,0,66,43,8,4,8,14,7,10,11.7,9,7,3,6,0.06,8,5,8,122,5,6,6,Medium
2318,59,9,1,89,35,9,8,10,15,9,10,17.0,9,8,7,10,0.86,6,7,5,173,2,9,9,High
2319,32,2,2,55,42,2,1,4,6,5,8,8.1,4,3,3,5,-0.23,3,8,1,89,9,4,5,Low
2320,33,5,0,52,37,2,3,3,6,5,4,3.9,5,7,6,5,-0.15,2,5,2,63,11,6,4,Low
2321,44,9,2,73,39,1,7,6,15,6,7,9.2,9,5,5,6,0.5,6,10,6,156,1,6,7,Medium
2322,33,4,2,81,32,5,5,3,10,3,5,11.0,5,8,1,5,0.09,3,2,4,89,1,4,7,Low
2323,42,8,2,85,40,10,6,8,18,7,9,14.7,8,7,8,10,0.76,10,9,7,156,1,9,7,High
2324,35,6,2,67,32,6,7,8,15,7,8,11.8,8,2,8,5,-0.09,7,6,2,98,4,4,6,Medium
2325,46,9,5,94,32,10,8,10,21,9,10,11.2,10,9,10,10,0.8,8,10,8,136,1,9,7,High
2326,42,6,2,73,41,6,4,9,15,5,4,9.7,8,5,2,5,-0.09,5,6,8,101,3,6,8,Medium
2327,38,3,1,42,34,7,3,3,3,8,5,3.3,4,2,2,3,0.62,5,5,6,74,7,5,3,Low
2328,38,8,3,96,37,7,8,10,12,9,9,18.9,9,7,8,10,0.63,9,10,7,118,5,7,7,High
2329,56,7,2,82,38,4,2,6,19,6,5,11.1,7,7,7,8,0.29,5,4,1,103,3,4,6,Medium
2330,42,6,2,82,38,7,5,5,9,10,7,15.7,8,6,5,7,0.15,7,7,8,96,4,7,5,Medium
2331,39,7,1,65,35,6,6,6,12,5,9,17.2,5,5,6,7,0.25,6,7,5,148,4,6,6,Medium
2332,57,7,3,77,36,10,9,8,20,8,8,14.4,9,8,9,8,0.71,9,7,5,125,2,5,8,High
2333,40,6,1,89,36,7,8,5,8,7,5,13.4,5,7,3,7,-0.07,7,6,7,120,0,3,7,Medium
2334,45,10,4,99,34,8,10,10,16,9,9,17.3,9,9,7,10,0.55,10,6,8,150,4,7,7,High
2335,54,9,2,86,49,9,8,8,17,7,8,14.5,10,8,10,8,0.71,7,8,8,144,4,10,8,High
2336,39,6,2,69,38,6,5,8,16,8,6,11.7,6,5,5,6,0.14,8,9,9,116,1,6,8,Medium
2337,37,5,0,57,35,1,2,5,10,4,4,10.5,9,3,4,3,-0.22,2,3,3,84,5,1,4,Low
2338,31,8,2,92,31,7,6,8,12,7,9,12.2,7,6,6,6,-0.24,7,8,6,120,7,6,5,Medium
2339,33,4,1,74,29,4,6,7,11,5,4,8.0,5,8,4,4,-0.01,7,7,5,76,6,5,6,Low
2340,24,5,0,42,35,4,2,5,9,7,4,4.9,3,2,5,5,-0.5,5,7,6,89,7,5,4,Low
2341,30,7,2,46,40,6,6,6,15,7,7,8.9,8,6,4,7,0.09,7,7,4,98,6,5,6,Medium
2342,40,6,2,61,44,7,6,5,12,5,7,13.8,6,8,4,5,-0.4,6,3,3,101,7,8,7,Medium
2343,59,9,2,81,37,7,9,8,19,10,9,22.7,9,8,8,8,0.79,8,10,8,135,0,9,9,High
2344,62,8,4,83,40,9,8,8,13,8,9,15.2,9,8,5,8,0.52,7,8,8,155,0,7,7,High
2345,56,8,4,87,48,7,8,7,21,6,8,16.1,10,9,5,10,0.86,9,7,5,133,5,7,10,High
2346,34,7,3,90,40,6,5,7,13,9,5,11.2,6,6,3,6,0.14,6,8,6,121,4,6,4,Medium
2347,35,6,1,80,41,5,6,6,11,4,9,10.4,8,7,5,5,0.42,5,3,6,105,4,7,4,Medium
2348,36,10,4,82,44,7,3,9,13,7,7,13.6,7,5,7,7,-0.05,5,6,4,120,5,6,7,Medium
2349,51,10,5,87,42,9,8,9,20,9,10,14.2,9,9,7,8,0.72,8,10,10,137,3,9,7,High
2350,27,8,0,48,45,7,3,5,12,6,6,7.7,2,1,1,5,0.02,2,5,5,60,7,3,5,Low
2351,45,8,4,100,38,10,6,8,19,10,8,16.8,9,9,8,9,0.9,10,8,8,132,1,7,8,High
2352,53,6,3,81,40,7,6,6,12,6,5,12.7,7,7,6,6,0.2,5,7,5,134,4,7,7,Medium
2353,39,7,4,75,44,7,3,6,20,6,9,14.2,9,6,7,4,0.25,8,5,3,126,6,5,4,Medium
2354,41,7,5,86,52,10,10,8,20,7,10,17.2,9,7,9,8,0.93,8,6,9,128,3,10,9,High
2355,38,4,3,42,38,9,5,8,18,6,7,7.9,7,9,6,7,0.31,4,5,5,112,0,4,8,Medium
2356,47,9,4,80,35,8,9,8,13,8,9,16.5,9,9,8,8,0.97,6,6,10,145,4,7,9,High
2357,50,10,0,87,38,7,6,10,21,5,7,15.1,6,7,9,8,0.54,6,9,8,145,4,9,8,High
2358,50,6,4,67,38,7,4,10,17,7,5,9.3,6,7,5,6,0.34,4,5,7,107,0,7,5,Medium
2359,45,5,2,59,46,10,6,5,11,8,6,13.1,7,5,6,6,-0.21,6,9,5,144,4,4,6,Medium
2360,34,6,2,88,47,7,5,8,11,6,8,8.6,7,5,7,6,0.35,7,7,7,123,2,4,6,Medium
2361,49,9,2,85,43,7,7,8,13,9,7,15.3,7,8,7,10,0.44,9,9,8,117,1,8,10,High
2362,38,5,2,69,43,6,5,5,10,7,3,6.7,7,6,4,5,0.65,6,4,9,115,4,9,8,Medium
2363,38,7,3,61,34,7,5,6,9,8,5,9.4,8,6,5,9,0.09,6,5,8,110,4,5,6,Medium
2364,38,7,2,75,39,4,6,6,15,7,8,10.8,5,5,7,6,0.4,6,5,8,120,4,7,5,Medium
2365,54,9,3,87,38,9,9,7,16,10,10,16.5,6,7,9,9,0.38,8,6,7,150,2,5,7,High
2366,18,6,2,67,29,4,4,4,11,7,1,10.6,2,4,5,4,0.13,2,5,5,85,3,4,7,Low
2367,56,6,3,78,40,7,6,10,18,7,8,18.2,8,9,8,8,0.8,9,7,9,144,0,9,9,High
2368,46,7,5,89,32,9,8,8,16,8,9,17.5,8,10,7,8,0.78,5,8,9,133,0,7,7,High
2369,31,3,1,72,33,3,3,6,9,1,2,8.7,7,4,4,4,-0.45,3,2,5,124,10,4,3,Low
2370,45,5,1,73,37,10,6,7,9,7,3,8.8,9,8,9,7,0.26,7,8,6,114,4,4,7,Medium
2371,46,10,2,81,29,9,8,10,17,10,8,21.4,8,8,8,9,0.81,8,7,10,121,2,6,10,High
2372,24,2,0,74,27,3,4,5,4,4,5,6.0,7,9,2,3,0.14,3,1,1,91,7,3,5,Low
2373,47,7,8,69,34,10,10,8,18,9,8,22.5,8,10,10,8,0.99,8,5,6,180,0,10,9,High
2374,36,6,0,64,37,8,6,5,14,8,9,12.0,6,8,3,5,-0.4,6,8,7,123,3,5,5,Medium
2375,45,4,3,65,45,6,6,8,11,8,6,10.5,7,6,7,8,0.34,8,6,4,141,5,6,7,Medium
2376,59,9,5,80,34,7,10,7,16,7,8,15.7,10,7,7,10,0.68,9,8,7,134,3,9,8,High
2377,41,7,1,63,42,5,6,8,9,10,7,13.6,5,5,7,6,0.63,8,5,6,119,4,9,6,Medium
2378,47,4,2,71,39,4,7,7,9,6,8,15.6,6,6,7,5,-0.16,5,5,8,120,0,5,7,Medium
2379,42,6,3,69,34,8,6,7,8,8,5,16.8,7,6,5,7,0.3,6,6,8,117,4,7,7,Medium
2380,29,4,2,80,32,3,4,10,8,6,8,12.1,6,7,4,6,-0.09,4,5,5,90,4,4,9,Medium
2381,26,5,1,41,34,5,1,5,6,6,1,5.4,7,4,5,7,0.15,2,6,3,76,8,7,2,Low
2382,43,6,2,84,42,9,5,8,7,7,8,9.4,5,6,8,7,0.56,5,5,6,115,2,8,7,Medium
2383,61,9,4,100,46,10,7,9,15,10,9,17.7,8,8,7,7,0.58,9,8,7,146,1,9,8,High
2384,41,6,2,66,38,6,4,5,11,6,6,18.0,5,10,10,5,0.61,5,6,8,92,6,7,6,Medium
2385,40,7,3,70,43,6,6,9,10,8,6,13.5,6,5,7,5,0.1,5,4,7,147,5,5,7,Medium
2386,44,8,2,67,29,9,4,5,11,8,7,9.6,9,9,6,7,0.32,5,5,4,122,1,7,8,Medium
2387,48,8,2,86,46,10,8,10,19,9,8,17.1,8,10,8,7,0.88,6,8,10,128,1,10,8,High
2388,27,4,0,37,42,8,2,4,6,4,2,10.8,4,4,4,5,0.04,4,3,4,60,6,8,7,Low
2389,52,7,5,100,36,8,8,7,21,9,10,16.0,8,10,8,6,0.61,10,8,8,122,1,9,8,High
2390,30,6,4,77,46,4,5,4,14,5,7,15.9,8,7,7,5,0.09,6,7,9,105,3,5,8,Medium
2391,34,7,1,92,50,7,3,7,13,9,7,11.9,9,5,5,7,0.08,6,10,6,111,5,4,6,Medium
2392,19,2,2,61,49,3,5,3,5,4,4,9.2,7,6,5,5,-0.41,1,3,4,89,13,5,6,Low
2393,29,4,1,63,33,6,5,3,12,7,6,9.7,3,5,6,5,-0.23,1,5,1,107,7,7,5,Low
2394,33,10,2,77,44,7,6,7,13,7,6,9.8,8,6,6,4,0.63,6,7,6,99,3,9,7,Medium
2395,38,8,1,33,43,7,5,7,10,6,5,14.6,4,7,6,7,0.34,6,9,8,120,5,5,7,Medium
2396,44,7,3,99,36,9,9,9,20,9,10,25.0,9,9,8,8,1.0,7,5,10,131,2,10,8,High
2397,52,3,1,71,41,8,4,7,10,6,7,12.6,6,5,7,5,0.24,2,6,8,120,4,7,5,Medium
2398,26,4,3,61,34,5,4,9,11,9,8,8.9,8,4,3,7,0.43,6,7,5,125,5,5,9,Medium
2399,36,6,0,52,40,8,7,6,7,5,3,12.6,8,6,6,7,0.17,7,6,2,129,2,3,6,Medium
2400,50,9,2,97,40,8,7,10,21,10,9,17.3,8,9,8,7,0.84,10,8,10,117,3,9,9,High
2401,23,4,2,51,50,9,5,8,5,1,1,7.5,7,2,1,4,0.22,5,6,5,95,7,1,3,Low
2402,32,5,1,57,36,3,3,4,9,4,8,11.3,5,4,2,7,-0.17,3,5,2,86,9,2,4,Low
2403,32,3,2,66,35,6,4,5,3,4,5,9.0,3,3,5,5,0.12,6,2,3,93,3,1,6,Low
2404,44,10,1,94,38,8,6,8,14,7,7,15.5,8,10,8,9,0.99,10,7,7,180,0,9,9,High
2405,44,6,3,64,43,7,7,8,10,5,5,14.4,7,5,7,6,0.87,7,5,7,135,6,8,8,Medium
2406,16,7,0,48,47,6,5,6,7,7,5,9.0,4,5,5,7,0.24,6,8,7,130,7,6,7,Medium
2407,62,10,4,78,42,9,7,9,18,9,7,13.7,10,9,9,7,0.66,10,7,7,151,2,7,9,High
2408,54,10,4,94,48,10,7,8,13,10,9,17.7,6,8,8,9,1.0,5,8,8,157,1,7,6,High
2409,31,7,3,73,41,5,6,6,12,7,7,11.9,7,5,7,5,0.34,5,4,9,102,5,5,5,Medium
2410,42,8,6,91,49,8,10,8,15,10,8,14.2,9,10,10,7,0.45,9,9,5,166,1,9,8,High
2411,44,7,3,69,41,5,5,10,10,8,4,13.2,9,4,7,4,0.18,3,2,4,121,2,4,10,Medium
2412,28,5,2,73,47,4,4,2,3,5,6,7.8,8,2,5,3,0.09,3,7,5,60,6,7,5,Low
2413,36,6,2,63,38,8,4,6,13,5,6,15.7,8,9,5,8,0.39,6,3,4,120,1,7,5,Medium
2414,29,4,1,21,36,1,1,5,10,6,5,10.5,4,2,4,4,-0.13,2,5,3,96,7,2,4,Low
2415,54,5,1,61,38,7,6,4,13,3,4,12.3,7,6,5,6,0.36,9,7,7,124,3,3,10,Medium
2416,57,10,2,87,47,10,6,10,18,9,7,19.0,8,10,6,8,0.73,8,8,7,129,1,8,7,High
2417,37,3,1,51,29,4,3,5,11,5,4,8.4,5,8,3,3,0.06,1,5,6,107,7,6,3,Low
2418,33,1,0,59,29,5,5,7,7,3,3,6.3,6,5,2,5,-0.12,2,3,8,60,9,4,7,Low
2419,37,5,1,69,38,3,5,6,14,6,7,16.2,6,7,6,9,-0.22,7,5,7,126,3,8,5,Medium
2420,61,10,3,100,38,8,9,9,17,9,8,18.2,8,9,8,10,0.86,10,6,6,134,2,10,7,High
2421,51,8,2,65,44,8,4,7,10,5,7,10.6,5,10,7,7,-0.09,5,6,5,126,2,7,6,Medium
2422,47,8,2,81,41,9,5,8,14,7,8,10.3,4,7,5,5,0.42,6,7,6,120,1,7,6,Medium
2423,32,3,3,43,34,5,3,6,14,4,3,9.3,5,4,3,1,-0.2,4,5,2,100,9,8,4,Low
2424,36,5,2,58,20,6,5,8,7,4,7,3.8,3,6,7,3,-0.48,7,5,3,97,2,3,5,Low
2425,50,8,5,89,41,8,9,8,19,9,7,19.4,9,9,10,9,0.62,10,6,7,120,3,8,7,High
2426,51,9,4,81,41,8,8,9,14,9,8,10.6,9,9,9,7,0.84,7,10,8,136,1,7,8,High
2427,14,4,1,27,33,8,3,6,8,2,8,2.0,6,3,5,3,-0.19,5,4,5,101,8,1,4,Low
2428,48,8,1,57,44,8,8,10,15,8,7,19.3,9,6,10,10,0.6,8,8,9,124,2,8,8,High
2429,39,7,0,96,39,7,7,10,14,5,9,13.5,5,5,6,7,0.65,5,7,6,89,3,6,7,Medium
2430,44,8,5,80,47,8,10,8,13,8,7,13.3,9,8,8,8,0.77,9,8,8,151,3,7,8,High
2431,30,6,4,72,41,7,3,8,10,6,6,13.8,7,7,4,6,0.18,10,4,5,112,6,4,7,Medium
2432,35,7,0,32,38,9,8,7,12,6,8,11.9,9,5,7,6,0.57,8,6,6,120,5,6,3,Medium
2433,46,6,3,61,40,6,7,6,12,5,7,17.3,8,6,4,7,0.11,9,4,6,125,5,7,8,Medium
2434,32,7,2,56,36,7,6,8,13,4,8,13.3,7,4,6,5,-0.17,7,8,5,108,5,8,6,Medium
2435,25,4,0,77,33,6,3,8,12,7,5,10.5,9,6,4,5,-0.14,1,5,3,99,9,2,1,Low
2436,35,2,2,77,40,3,3,6,9,2,8,6.9,5,6,4,4,-0.05,4,6,7,60,7,2,7,Low
2437,30,5,3,100,34,5,7,6,16,6,6,12.3,7,7,8,7,0.46,5,6,5,96,1,5,6,Medium
2438,50,7,3,92,47,10,6,8,18,8,9,16.8,9,7,6,7,0.86,9,8,9,136,1,8,9,High
2439,26,6,2,74,45,6,6,7,12,9,6,16.9,7,8,4,4,0.16,9,8,8,100,3,8,5,Medium
2440,28,6,3,75,46,10,6,10,14,7,7,11.4,4,8,8,7,0.05,6,2,7,122,3,5,8,Medium
2441,43,8,4,91,43,10,9,7,14,9,9,20.9,8,8,7,9,1.0,8,7,9,145,3,6,9,High
2442,39,6,1,65,26,5,3,5,6,5,5,8.2,1,4,3,6,0.08,5,5,5,95,7,1,3,Low
2443,43,6,2,48,43,5,4,6,12,5,6,7.0,4,6,6,6,0.34,5,6,7,132,5,6,7,Medium
2444,51,7,4,75,36,8,3,9,14,6,8,12.5,6,6,5,6,0.39,7,8,3,120,4,5,7,Medium
2445,56,9,4,100,36,9,8,9,19,8,9,16.1,8,8,9,8,0.76,6,6,7,151,5,6,8,High
2446,28,4,2,54,32,7,4,4,6,5,3,7.5,5,3,2,2,-0.02,2,5,4,78,9,5,6,Low
2447,46,10,3,75,40,8,3,9,11,5,5,7.2,7,6,5,8,0.31,4,6,5,89,4,8,2,Medium
2448,53,8,2,74,33,6,6,9,17,7,9,9.3,8,8,5,9,0.74,7,10,10,148,4,5,9,High
2449,57,10,5,74,37,8,10,9,19,8,8,22.1,9,8,6,10,0.81,9,9,9,128,1,7,8,High
2450,45,7,5,84,36,5,5,8,9,8,5,7.9,6,4,4,7,-0.11,5,9,5,124,3,5,5,Medium
2451,48,8,3,60,48,4,6,4,10,5,7,10.2,7,7,7,5,0.08,4,7,6,122,6,6,5,Medium
2452,43,7,1,79,47,8,6,4,11,6,8,11.2,6,7,5,7,0.21,8,4,7,96,6,6,10,Medium
2453,55,10,5,87,57,10,8,10,16,9,10,16.4,9,6,10,6,0.64,9,7,6,97,2,8,10,High
2454,37,6,2,89,42,5,3,7,8,8,7,8.6,7,7,6,8,0.16,3,4,7,129,6,5,8,Medium
2455,29,5,0,76,30,3,5,4,9,4,6,11.3,4,5,4,1,-0.5,4,3,6,68,6,4,5,Low
2456,51,10,2,77,43,8,8,8,15,10,8,14.8,9,7,8,7,0.88,8,8,7,180,1,9,7,High
2457,33,6,2,67,40,8,5,7,16,7,4,14.0,6,8,2,6,0.44,6,5,4,127,3,7,6,Medium
2458,38,6,0,88,43,6,4,7,11,8,4,10.8,6,8,6,7,0.59,2,1,7,121,6,7,4,Medium
2459,45,5,1,61,37,6,4,5,15,7,6,13.3,7,9,4,7,0.27,8,6,8,125,2,6,5,Medium
2460,35,7,1,91,47,6,6,8,12,5,5,12.8,6,7,8,6,0.62,7,5,7,129,6,8,7,Medium
2461,38,7,1,66,26,6,5,7,15,6,8,16.2,6,6,7,6,0.15,6,2,7,118,7,4,6,Medium
2462,31,7,3,87,43,6,5,4,15,8,5,15.9,5,7,7,7,0.63,7,7,5,106,6,6,5,Medium
2463,36,3,1,91,31,3,2,6,6,7,9,7.8,6,7,3,8,-0.22,3,1,3,82,8,4,8,Low
2464,50,4,2,81,41,6,5,6,6,9,4,10.2,6,7,3,7,0.16,7,5,6,130,3,5,7,Medium
2465,50,8,5,99,45,6,7,9,15,9,9,12.1,9,7,6,10,0.95,8,9,9,154,0,10,8,High
2466,29,4,2,61,25,2,1,6,5,1,5,8.0,6,1,4,6,0.04,3,8,2,124,10,4,1,Low
2467,43,8,3,77,47,9,6,8,18,9,8,16.5,7,8,4,8,1.0,7,8,8,157,5,7,8,High
2468,39,6,3,85,50,6,6,6,9,8,6,12.0,7,9,3,5,0.27,7,7,3,106,3,4,7,Medium
2469,45,10,4,97,47,9,10,8,15,8,10,19.3,7,9,7,10,0.74,4,8,8,162,3,7,10,High
2470,46,7,5,85,41,7,8,7,15,6,8,9.3,9,10,9,9,1.0,9,9,7,130,3,8,8,High
2471,43,7,1,68,38,5,5,6,10,5,6,17.3,6,8,8,4,0.17,9,7,6,136,5,6,5,Medium
2472,54,9,4,86,45,7,8,7,15,10,8,21.2,7,10,7,8,0.66,7,5,7,123,4,9,9,High
2473,55,7,2,98,42,9,7,7,19,10,10,16.8,7,8,7,7,0.68,6,8,7,133,1,10,8,High
2474,37,6,3,72,43,6,5,7,13,6,6,9.5,10,8,2,4,-0.05,7,8,5,127,5,5,8,Medium
2475,31,6,0,69,35,5,5,9,9,5,6,11.9,7,6,3,8,0.17,8,7,4,107,0,7,7,Medium
2476,33,8,1,87,41,7,8,6,15,5,4,7.1,6,7,6,7,0.51,5,8,3,118,5,2,6,Medium
2477,45,8,6,100,32,8,8,7,19,7,8,20.8,7,8,8,9,0.66,10,9,7,140,2,8,9,High
2478,43,9,4,58,44,8,8,8,21,9,8,13.1,8,9,8,8,0.65,8,8,6,132,0,7,8,High
2479,45,8,5,100,36,8,9,10,16,7,9,16.8,9,9,8,8,0.76,9,10,6,110,0,8,7,High
2480,40,9,1,97,41,7,6,9,14,7,8,9.8,7,6,5,6,-0.26,2,6,3,120,2,7,6,Medium
2481,32,8,6,82,45,8,8,6,13,9,8,21.3,8,7,8,10,0.73,10,5,8,142,1,8,10,High
2482,14,3,3,67,42,4,1,7,3,3,4,10.0,2,3,1,3,-0.16,1,7,2,119,5,6,5,Low
2483,36,3,2,71,37,6,7,8,12,7,7,11.1,8,5,6,3,0.23,4,6,7,110,2,6,6,Medium
2484,29,3,1,62,34,5,4,4,8,4,4,7.5,5,5,4,7,-0.03,3,8,7,111,7,3,4,Low
2485,27,4,2,71,43,6,6,8,11,8,5,7.5,9,8,8,6,-0.27,10,8,7,127,4,5,7,Medium
2486,31,7,2,72,40,7,6,7,13,7,6,7.6,6,7,4,10,0.16,6,7,5,114,2,5,7,Medium
2487,45,8,4,64,43,8,6,7,13,5,9,12.4,3,7,5,5,-0.02,4,9,7,107,3,6,9,Medium
2488,36,5,2,73,45,7,5,6,15,8,3,11.8,8,6,2,7,0.16,8,6,5,116,5,9,8,Medium
2489,48,7,3,65,37,6,4,7,14,7,6,16.0,8,4,7,8,0.46,4,7,6,108,4,4,6,Medium
2490,42,5,3,75,33,6,6,8,18,4,6,8.0,6,7,4,7,0.57,6,4,6,123,5,5,5,Medium
2491,39,4,3,80,43,4,5,8,11,6,7,10.5,7,7,5,5,0.19,4,6,5,96,0,4,5,Medium
2492,29,10,2,71,35,7,7,7,14,8,6,12.1,6,8,5,7,0.45,5,9,6,131,6,6,8,Medium
2493,34,5,3,86,38,4,5,6,10,5,8,13.3,10,9,4,2,0.42,1,6,6,99,6,7,7,Medium
2494,31,3,1,79,24,8,3,4,10,7,6,10.5,4,2,4,2,-0.12,4,4,2,78,7,5,3,Low
2495,37,4,1,85,42,7,5,6,9,7,7,15.7,8,5,8,8,-0.12,7,6,5,107,3,6,6,Medium
2496,31,6,2,57,43,6,6,6,11,6,10,14.0,9,5,5,6,0.05,8,6,5,98,8,7,5,Medium
2497,37,5,3,67,37,7,7,9,12,9,7,10.9,7,6,8,4,0.06,3,8,7,106,3,4,6,Medium
2498,34,5,2,65,44,8,5,8,14,6,7,12.3,9,4,4,5,0.33,8,6,9,131,6,9,6,Medium
2499,55,6,3,70,43,7,8,6,13,9,6,10.3,6,6,3,6,0.08,8,6,6,79,6,6,5,Medium
2500,57,9,6,100,34,9,6,10,19,7,9,16.5,8,10,9,8,0.77,7,7,9,123,4,8,7,High
2501,37,4,2,81,35,4,7,5,14,7,10,15.8,7,7,5,6,-0.29,5,6,6,158,4,7,8,Medium
2502,25,4,4,56,46,6,7,7,12,6,3,8.0,7,4,7,7,0.23,7,3,9,98,7,9,3,Medium
2503,31,7,1,63,39,5,2,5,4,5,6,9.0,4,5,5,5,-0.1,2,5,2,86,1,2,1,Low
2504,33,4,3,80,41,6,6,6,20,8,8,5.2,7,7,4,6,0.2,7,6,5,107,5,6,8,Medium
2505,38,6,4,49,40,6,6,6,13,6,5,10.0,7,5,4,6,0.34,2,4,7,110,5,8,8,Medium
2506,31,5,4,74,49,8,4,6,14,8,6,12.8,7,6,6,5,-0.02,7,8,6,115,1,7,7,Medium
2507,29,7,0,75,41,7,4,4,13,4,4,11.7,7,10,4,5,0.29,7,4,6,87,5,4,6,Medium
2508,48,6,2,72,46,5,4,5,10,9,5,5.2,7,6,6,7,-0.12,5,6,3,108,5,3,7,Medium
2509,41,8,3,74,39,9,5,5,14,6,8,10.8,6,8,5,6,0.58,6,4,7,99,0,5,3,Medium
2510,49,10,4,100,42,8,9,7,13,10,9,20.9,10,10,7,10,0.7,8,7,8,129,3,5,10,High
2511,50,7,5,93,44,6,7,8,17,9,10,25.0,9,10,8,10,0.88,7,8,8,163,3,7,10,High
2512,60,9,4,95,35,6,4,10,17,10,10,13.9,9,10,10,7,0.94,10,8,6,131,0,9,10,High
2513,49,7,2,83,29,7,5,8,13,8,9,11.4,7,8,7,8,0.7,10,8,6,143,1,6,6,High
2514,29,4,1,41,46,5,3,6,5,3,4,12.9,3,7,4,3,0.14,5,7,4,84,5,5,4,Low
2515,24,3,2,71,29,7,4,5,8,5,5,4.5,4,5,3,6,0.0,5,6,7,77,8,3,5,Low
2516,28,4,1,81,43,5,4,4,2,2,5,8.0,1,4,2,5,-0.13,2,1,2,71,10,4,4,Low
2517,45,9,3,85,29,6,6,10,7,7,6,10.2,8,7,6,7,-0.08,6,4,7,85,4,6,7,Medium
2518,44,7,3,82,50,8,9,9,19,7,7,16.8,8,8,5,9,0.99,5,9,7,136,0,10,8,High
2519,37,5,2,88,35,5,4,9,12,7,7,10.7,9,7,7,9,0.4,6,3,3,151,4,8,7,Medium
2520,48,8,5,93,40,9,7,8,20,8,10,20.6,7,9,8,7,0.51,8,8,8,138,2,9,9,High
2521,41,3,0,50,38,6,3,2,10,5,2,6.1,2,7,3,5,-0.29,5,5,5,79,6,5,7,Low
2522,48,10,4,98,47,9,10,7,18,10,7,14.7,8,10,8,8,0.8,6,10,7,116,3,7,8,High
2523,51,3,0,64,33,6,4,6,8,8,6,10.3,8,8,5,6,0.4,4,4,8,99,4,5,6,Medium
2524,27,3,0,42,35,6,5,4,5,5,5,7.1,4,7,3,5,-0.17,7,5,3,113,4,4,7,Low
2525,52,7,2,88,42,4,6,4,10,5,6,11.8,6,7,3,5,0.53,4,6,5,126,5,5,3,Medium
2526,36,6,6,74,33,7,5,9,11,7,4,11.7,8,7,6,8,0.27,8,7,9,98,5,7,3,Medium
2527,39,5,2,65,50,7,3,8,16,6,8,15.3,7,9,2,5,0.11,7,8,4,118,2,4,6,Medium
2528,36,2,2,81,44,5,4,7,12,6,6,14.7,4,6,9,9,0.23,10,8,4,139,2,5,9,Medium
2529,55,6,5,78,38,9,7,10,14,8,9,12.7,10,7,6,8,0.68,8,8,7,168,2,10,8,High
2530,37,7,2,82,45,7,7,5,9,6,7,8.0,6,10,5,6,0.64,5,7,8,106,5,5,8,Medium
2531,33,7,1,73,36,8,6,6,16,9,4,11.0,7,5,9,9,0.37,4,6,7,114,9,8,8,Medium
2532,47,5,3,49,38,6,5,6,11,8,5,11.2,6,7,9,8,0.72,7,7,3,145,8,7,6,Medium
2533,45,6,4,99,37,7,6,10,12,6,9,13.9,10,9,9,8,0.63,9,9,9,126,1,9,8,High
2534,33,4,1,56,42,7,2,7,7,7,7,17.8,9,6,3,8,0.04,4,8,5,116,2,5,8,Medium
2535,39,7,2,73,42,7,7,5,10,7,5,10.3,6,6,8,7,0.28,8,3,6,92,5,7,8,Medium
2536,28,3,1,75,35,5,1,4,8,4,4,4.1,5,1,5,4,-0.35,5,4,3,100,9,3,4,Low
2537,26,5,2,46,49,6,3,3,7,1,4,9.2,5,5,3,5,-0.25,8,7,3,124,3,4,4,Low
2538,48,7,0,77,37,7,8,8,10,7,6,11.3,6,5,5,5,-0.35,9,7,4,94,0,5,4,Medium
2539,29,4,1,84,27,4,4,4,9,6,4,13.6,8,6,3,5,-0.33,2,3,4,76,14,3,7,Low
2540,36,6,2,60,42,8,8,5,15,6,6,9.8,7,6,4,7,0.29,5,1,5,115,3,4,6,Medium
2541,57,10,1,89,36,8,8,9,17,8,9,17.7,9,8,10,8,0.58,6,10,9,129,2,8,10,High
2542,19,7,1,61,42,4,4,3,5,6,5,7.5,3,3,3,5,-0.23,3,2,5,96,6,1,4,Low
2543,33,6,1,79,37,7,8,4,12,3,8,9.9,4,7,5,7,0.17,5,8,7,107,4,4,5,Medium
2544,45,4,1,92,33,3,6,6,13,4,7,10.3,6,5,7,6,-0.02,6,4,9,121,6,6,7,Medium
2545,57,9,6,100,35,10,8,9,13,7,6,19.8,9,9,10,8,0.6,9,8,10,122,1,8,9,High
2546,33,5,1,69,46,3,4,9,15,9,5,12.7,5,7,7,4,0.01,3,4,5,111,5,7,4,Medium
2547,44,8,3,87,44,7,6,10,20,7,10,18.7,10,9,7,8,0.44,8,7,10,145,3,9,9,High
2548,32,6,2,64,40,6,5,6,12,7,8,11.5,6,7,7,6,0.25,8,4,4,105,4,4,8,Medium
2549,26,2,0,75,39,8,4,6,2,6,4,8.7,6,3,2,5,-0.29,4,5,2,103,7,4,2,Low
2550,42,7,1,81,36,5,5,7,17,6,7,14.5,8,5,3,4,0.14,6,4,6,130,3,6,6,Medium
2551,49,7,6,82,50,7,9,9,16,9,8,20.0,10,9,10,9,0.65,7,8,8,135,2,8,9,High
2552,29,7,4,64,47,6,6,7,16,5,5,12.9,7,7,5,8,0.29,3,5,6,106,6,10,7,Medium
2553,51,8,2,93,37,8,7,9,21,9,8,22.9,8,8,7,10,0.58,9,8,9,127,2,9,10,High
2554,52,9,3,98,39,10,8,9,21,10,8,19.0,10,10,8,10,0.6,6,9,7,155,2,8,7,High
2555,45,6,3,68,43,8,5,7,20,8,4,12.7,4,7,3,6,0.08,10,3,4,128,2,2,5,Medium
2556,29,6,4,57,35,7,4,9,13,7,5,11.6,6,7,10,4,0.38,10,5,6,133,5,7,7,Medium
2557,45,4,3,74,47,9,5,7,17,7,5,9.8,6,9,3,5,-0.06,3,4,8,119,8,6,6,Medium
2558,42,7,2,51,36,5,3,7,8,6,6,7.9,6,6,3,8,0.26,8,8,7,98,2,4,6,Medium
2559,63,8,6,69,31,9,5,6,14,10,7,17.5,9,8,6,7,0.71,7,10,8,145,2,8,10,High
2560,40,9,5,66,44,10,5,10,16,7,9,20.3,9,9,9,8,0.67,8,8,8,160,1,8,9,High
2561,40,6,3,65,40,8,3,7,18,8,6,10.1,7,7,6,7,0.06,3,5,6,93,5,7,8,Medium
2562,37,6,2,100,36,4,7,6,12,8,9,15.1,5,6,6,7,0.46,4,5,6,93,5,7,6,Medium
2563,51,8,4,100,32,8,10,9,20,10,9,19.3,9,8,6,8,0.62,7,7,7,159,2,6,10,High
2564,50,9,4,82,43,6,4,8,12,7,7,13.5,8,5,7,5,-0.19,6,7,5,106,5,7,9,Medium
2565,41,9,1,84,49,8,9,9,17,9,10,18.9,9,9,7,10,0.72,9,7,6,149,3,7,10,High
2566,55,6,3,63,36,6,6,5,14,3,6,13.7,8,6,4,7,-0.13,5,8,5,125,6,4,7,Medium
2567,43,8,3,82,32,6,8,5,14,7,5,14.3,4,6,5,5,0.0,5,6,6,94,4,8,7,Medium
2568,30,5,1,51,32,4,2,4,10,4,4,10.7,2,5,3,6,-0.37,4,2,2,85,6,2,7,Low
2569,49,7,1,50,36,8,7,6,19,7,8,9.1,4,6,7,5,-0.06,4,4,7,128,4,5,6,Medium
2570,33,4,4,76,47,5,7,7,12,6,6,6.2,8,8,5,7,0.54,6,7,4,107,5,4,10,Medium
2571,49,7,1,55,42,4,4,8,10,9,4,7.9,7,6,5,7,0.22,3,5,6,106,4,5,7,Medium
2572,29,3,2,38,27,6,5,5,11,7,8,7.0,4,4,4,5,-0.27,6,3,3,108,6,3,9,Low
2573,53,8,7,74,44,10,9,10,15,10,8,16.3,8,9,8,7,0.95,9,9,7,173,1,6,6,High
2574,46,6,3,100,38,8,10,10,21,8,9,18.3,7,8,10,7,0.81,9,10,5,141,2,6,9,High
2575,48,10,1,59,41,6,7,8,14,6,7,19.4,8,7,6,3,0.35,4,5,8,103,2,6,8,Medium
2576,34,5,1,30,25,4,4,5,14,5,4,8.4,4,5,1,4,-0.33,2,1,3,92,6,1,6,Low
2577,28,2,0,63,38,5,1,4,6,3,9,14.1,5,4,4,3,0.06,4,2,4,102,9,5,3,Low
2578,41,5,2,62,39,8,4,6,13,8,7,9.1,5,6,6,7,0.39,8,10,7,124,5,6,6,Medium
2579,47,4,0,94,40,5,3,8,10,5,5,12.4,5,8,8,8,0.44,8,6,6,117,3,6,4,Medium
2580,45,4,0,91,31,4,6,4,10,7,3,12.8,8,6,4,7,0.23,7,9,8,112,4,5,9,Medium
2581,51,4,2,63,41,9,6,7,16,6,7,13.2,7,5,4,6,0.69,6,8,5,134,2,4,4,Medium
2582,40,3,1,78,35,7,7,6,18,5,6,13.8,6,9,6,7,0.36,8,8,6,140,4,7,5,Medium
2583,41,5,4,65,41,6,6,6,12,6,6,12.0,5,6,6,8,0.49,8,4,5,110,5,7,6,Medium
2584,29,4,0,68,41,5,9,10,13,8,5,13.6,6,8,4,6,0.63,9,5,7,124,4,6,6,Medium
2585,33,8,2,96,45,8,7,7,23,8,8,13.6,9,8,8,10,0.82,10,10,8,140,3,9,10,High
2586,36,2,1,44,33,3,2,4,8,6,5,14.8,4,5,3,3,-0.38,3,6,6,91,8,1,5,Low
2587,44,5,2,64,45,4,7,6,8,6,8,12.1,10,8,6,6,0.07,7,6,4,120,5,8,6,Medium
2588,29,7,1,79,38,5,6,6,12,6,6,8.9,6,6,4,5,0.43,4,9,6,113,4,7,5,Medium
2589,41,8,1,71,41,5,6,8,5,7,6,12.2,7,8,5,8,0.01,5,5,5,124,6,8,5,Medium
2590,50,9,3,100,48,8,8,7,17,8,6,16.1,9,8,7,8,0.61,10,6,6,142,3,5,10,High
2591,32,6,3,74,38,5,4,5,15,7,7,9.7,5,8,6,5,0.35,5,4,7,119,8,10,6,Medium
2592,46,9,2,78,23,9,7,9,21,7,8,16.4,9,8,8,7,0.68,7,7,8,114,2,10,7,High
2593,38,4,1,76,29,3,5,5,6,1,6,4.1,2,2,2,7,0.36,3,5,6,96,10,3,2,Low
2594,33,5,1,95,26,1,2,2,12,4,5,8.1,5,9,9,3,-0.36,1,2,1,89,6,4,2,Low
2595,52,9,3,92,37,9,8,10,15,8,7,14.1,7,10,9,10,0.68,9,9,7,123,4,8,10,High
2596,37,4,3,66,40,7,4,9,9,3,8,11.3,4,7,9,6,0.13,4,7,3,99,4,8,6,Medium
2597,32,6,2,71,47,6,6,8,12,4,8,18.9,7,5,6,9,0.29,6,10,2,134,6,6,5,Medium
2598,32,1,1,39,34,5,2,4,8,6,4,7.5,6,5,2,6,0.02,4,4,1,71,6,5,3,Low
2599,42,4,0,23,28,6,2,3,9,6,6,7.3,5,6,3,1,-0.09,4,8,3,79,8,1,4,Low
2600,58,8,3,83,35,9,8,8,15,8,9,16.5,7,8,9,7,0.7,9,7,10,135,2,5,8,High
2601,31,7,2,47,44,4,5,6,7,3,3,5.5,2,4,1,5,-0.05,4,2,4,116,9,1,2,Low
2602,47,6,4,98,41,4,6,8,16,7,6,14.8,7,7,5,5,0.34,4,9,7,116,6,3,6,Medium
2603,48,5,1,55,35,8,5,9,14,8,10,14.2,6,9,4,6,0.69,7,8,7,98,7,7,6,Medium
2604,43,5,3,78,50,8,6,5,14,5,4,15.6,7,6,7,7,0.23,6,4,9,114,6,10,8,Medium
2605,30,3,1,62,26,5,4,7,9,5,5,3.3,3,6,2,7,-0.2,2,5,4,103,7,4,5,Low
2606,37,2,2,84,47,7,4,7,15,5,9,13.7,6,8,5,5,0.15,2,5,6,113,3,7,6,Medium
2607,36,2,2,69,36,2,4,5,6,6,3,7.4,6,4,1,1,0.19,5,5,6,81,6,4,5,Low
2608,53,8,2,83,41,8,7,10,18,9,9,15.0,7,6,9,8,0.7,8,9,7,136,2,10,7,High
2609,31,7,5,74,45,6,5,7,19,6,3,13.2,6,7,5,7,0.25,7,8,6,95,4,4,6,Medium
2610,30,4,1,72,35,5,6,10,13,7,5,10.1,7,8,8,7,0.42,8,8,7,128,4,2,8,Medium
2611,70,8,6,87,36,9,7,9,13,8,9,16.0,8,10,6,8,0.67,10,9,10,131,3,10,9,High
2612,43,8,1,100,40,7,4,4,16,6,8,13.0,6,5,5,5,0.32,10,7,10,128,4,7,6,Medium
2613,30,5,1,74,38,7,6,4,14,7,6,9.6,8,8,7,5,0.15,4,5,5,152,5,7,6,Medium
2614,30,7,1,69,43,8,8,7,15,7,8,12.0,5,8,5,4,-0.08,5,8,8,104,5,7,6,Medium
2615,46,3,3,85,42,3,5,4,14,6,9,16.1,5,7,6,7,0.27,6,3,7,100,2,7,5,Medium
2616,39,5,3,30,45,8,6,7,13,5,5,12.8,5,4,4,6,-0.09,9,5,6,96,0,8,7,Medium
2617,45,8,1,73,44,7,9,8,12,8,10,17.8,10,6,7,8,0.68,8,7,9,121,0,6,8,High
2618,48,6,0,65,43,6,5,7,11,8,6,13.3,7,6,7,8,0.47,6,9,5,108,8,6,5,Medium
2619,44,6,3,90,42,8,9,8,12,6,4,7.6,7,6,3,6,0.46,8,6,8,124,5,5,8,Medium
2620,43,8,4,91,44,10,10,8,16,10,8,17.1,8,6,8,9,0.81,7,10,7,123,5,7,7,High
2621,45,6,3,60,40,10,6,5,8,7,5,9.9,3,8,5,7,0.1,2,6,7,133,5,6,5,Medium
2622,25,5,2,52,35,5,1,3,9,3,7,4.8,6,2,5,3,-0.27,2,4,3,104,9,9,6,Low
2623,51,6,3,60,32,6,5,6,18,6,7,19.2,7,7,4,5,0.07,9,6,8,116,1,5,8,Medium
2624,48,7,4,81,38,8,9,10,14,9,8,12.8,8,8,7,10,0.86,9,8,8,110,2,10,7,High
2625,35,4,1,60,40,6,3,5,7,3,8,9.2,6,2,7,7,-0.35,4,4,2,97,10,4,3,Low
2626,45,6,2,74,38,7,5,6,16,7,7,11.3,6,7,3,10,-0.05,8,6,7,117,5,6,8,Medium
2627,36,8,1,42,41,8,4,10,14,4,4,12.8,6,6,6,7,0.42,6,10,7,125,5,8,4,Medium
2628,35,4,1,76,45,8,7,8,17,4,5,8.5,7,7,7,8,0.2,8,9,3,127,4,6,8,Medium
2629,33,4,2,72,34,10,4,5,6,4,4,9.5,7,4,2,7,-0.21,3,1,1,112,6,2,4,Low
2630,43,4,3,51,35,7,6,6,15,8,6,10.0,5,9,3,8,-0.08,5,8,7,82,2,5,6,Medium
2631,39,8,4,88,41,9,9,10,16,7,9,18.4,6,7,8,7,0.91,6,7,7,123,0,8,7,High
2632,40,5,6,87,38,8,6,8,8,8,7,9.5,8,5,7,4,0.19,5,6,6,108,2,5,6,Medium
2633,36,5,0,82,41,8,6,8,8,6,8,12.7,7,5,6,7,0.58,7,5,10,130,2,3,6,Medium
2634,39,10,3,80,48,10,9,7,12,8,9,15.4,7,8,4,7,1.0,9,9,8,141,0,7,8,High
2635,53,8,2,91,41,9,9,8,22,8,9,15.5,9,10,9,9,0.63,8,8,7,156,2,8,10,High
2636,40,8,0,79,42,6,9,8,14,7,6,8.8,10,7,3,8,0.1,7,6,7,116,4,9,7,Medium
2637,48,5,3,57,41,9,5,5,12,8,6,14.5,8,7,7,7,0.0,4,6,3,128,4,9,10,Medium
2638,31,7,2,41,40,8,3,6,3,2,4,7.2,6,2,4,5,0.39,6,5,5,78,10,3,3,Low
2639,65,8,5,77,44,9,10,10,15,9,10,14.4,9,9,9,10,0.69,9,8,9,150,2,8,8,High
2640,42,9,3,94,36,9,7,9,18,7,9,9.8,9,9,9,7,1.0,8,8,8,141,3,8,8,High
2641,49,6,2,91,39,8,2,10,13,6,6,12.2,9,9,5,7,0.27,6,7,8,106,6,5,8,Medium
2642,47,7,4,83,36,10,10,10,18,7,8,20.6,9,9,7,8,0.45,7,8,8,156,1,7,9,High
2643,42,4,0,60,37,5,6,9,12,6,6,10.6,7,4,7,8,0.3,6,8,10,134,6,6,5,Medium
2644,37,7,2,63,44,6,5,7,14,6,6,11.6,7,5,6,5,-0.05,7,6,8,100,5,5,7,Medium
2645,33,2,1,56,38,6,3,6,6,4,7,3.5,3,6,1,7,-0.27,4,4,3,93,6,5,6,Low
2646,41,10,3,100,44,8,6,8,17,8,9,16.5,8,10,9,8,0.75,9,7,9,139,2,10,10,High
2647,38,6,1,55,35,9,3,3,3,6,6,8.9,4,2,1,3,-0.21,4,1,1,85,8,1,4,Low
2648,44,9,5,87,50,8,7,7,19,7,9,18.8,9,9,7,9,0.69,9,9,9,130,2,10,10,High
2649,52,9,5,82,42,10,7,7,14,10,8,17.9,10,9,8,9,0.56,9,10,10,123,3,10,9,High
2650,59,9,6,95,37,8,10,7,14,8,7,16.0,8,9,7,9,0.83,7,10,10,120,1,6,8,High
2651,36,3,1,35,35,5,3,5,7,5,2,2.8,3,4,2,3,-0.14,3,1,3,77,7,5,3,Low
2652,38,7,2,79,37,5,7,7,14,8,5,5.7,5,5,4,8,-0.08,4,7,4,74,5,8,7,Medium
2653,40,7,1,65,34,3,7,4,9,10,7,10.1,8,8,9,6,-0.15,7,10,10,156,4,8,4,Medium
2654,43,5,1,83,38,6,5,8,12,9,4,16.5,5,5,5,6,0.47,6,6,4,120,3,6,6,Medium
2655,23,3,0,59,29,7,4,7,8,4,3,5.5,3,4,3,5,0.28,5,7,1,109,5,2,4,Low
2656,49,9,3,86,37,8,9,8,14,7,8,21.1,6,9,9,9,0.6,9,10,7,135,1,8,9,High
2657,42,5,1,82,33,10,4,2,9,6,8,13.5,6,7,3,4,0.39,6,7,7,128,5,3,6,Medium
2658,42,8,1,48,35,5,7,7,14,6,8,12.3,7,6,6,8,0.48,4,6,9,105,5,6,5,Medium
2659,41,7,1,79,43,7,5,6,8,6,8,12.1,7,6,7,7,0.02,8,7,7,107,2,9,6,Medium
2660,45,7,1,88,41,6,4,3,7,6,7,7.4,7,6,7,7,-0.16,5,7,6,113,4,4,7,Medium
2661,32,6,1,88,45,6,7,8,16,5,5,13.9,5,8,6,9,-0.0,4,7,7,101,7,4,4,Medium
2662,55,6,1,69,46,6,4,5,11,6,7,11.8,9,5,6,4,-0.16,7,10,4,93,2,6,9,Medium
2663,59,9,4,95,50,10,7,7,13,9,5,15.0,8,8,10,8,0.68,10,8,7,145,4,8,9,High
2664,41,5,3,81,41,6,6,8,9,9,7,9.8,6,8,1,4,0.26,7,10,4,100,6,7,7,Medium
2665,46,9,3,78,49,9,7,7,16,7,9,14.1,10,8,7,8,1.0,7,8,10,150,4,7,9,High
2666,51,9,3,88,45,9,10,8,17,9,8,19.0,7,7,6,8,0.55,6,8,7,120,3,9,9,High
2667,51,9,3,58,44,6,5,7,15,7,5,6.3,6,5,9,7,0.3,5,7,7,132,2,5,6,Medium
2668,53,10,2,100,41,9,9,10,17,9,7,11.6,8,7,9,10,0.96,5,7,8,127,0,8,8,High
2669,32,4,0,41,40,3,5,5,11,5,8,6.7,5,4,1,8,-0.19,4,2,5,77,7,3,5,Low
2670,53,8,4,71,35,8,6,8,18,7,9,14.4,9,8,7,6,0.51,8,7,5,115,3,8,8,High
2671,41,5,4,55,36,8,5,6,8,6,6,8.5,8,6,8,6,0.12,7,7,3,120,2,4,8,Medium
2672,47,9,3,80,29,7,9,10,20,8,10,12.9,7,9,10,8,0.45,7,7,9,113,2,9,8,High
2673,34,10,6,73,42,9,7,10,15,9,10,22.4,10,9,9,9,0.76,9,5,7,159,1,8,8,High
2674,48,9,3,100,38,8,9,10,19,7,7,17.5,9,8,7,9,0.89,9,10,5,136,2,7,9,High
2675,41,7,3,89,41,9,7,8,18,7,9,16.1,8,8,6,9,0.61,9,8,6,167,3,9,10,High
2676,35,6,4,56,32,8,7,8,13,5,7,12.6,9,7,4,6,0.06,6,8,8,108,1,4,6,Medium
2677,19,3,1,51,29,6,3,2,5,7,2,6.3,5,3,3,5,-0.14,6,6,3,73,8,5,6,Low
2678,46,7,2,48,44,4,3,9,15,8,4,11.2,6,8,7,5,0.48,3,5,8,119,6,6,7,Medium
2679,26,5,2,42,46,5,2,6,3,3,5,8.0,6,4,1,2,-0.35,4,4,4,81,10,7,6,Low
2680,47,6,2,100,36,5,1,7,14,5,8,13.7,5,6,6,7,0.27,7,6,2,120,4,7,7,Medium
2681,30,7,4,61,39,8,6,8,11,10,5,13.4,6,8,5,5,0.46,4,8,6,129,0,8,8,Medium
2682,39,9,5,100,53,8,8,9,16,9,10,15.9,7,7,8,8,0.59,7,10,5,144,1,8,9,High
2683,47,8,2,74,41,7,6,7,12,9,7,11.1,7,8,7,3,0.67,8,4,7,104,4,6,7,Medium
2684,57,9,4,81,47,8,7,8,13,7,8,16.6,9,9,6,6,0.98,9,7,8,140,1,10,7,High
2685,26,4,1,33,37,6,3,4,7,7,6,5.0,4,7,5,5,-0.15,2,3,7,89,10,4,2,Low
2686,48,8,5,98,44,9,9,8,20,8,8,18.6,9,9,8,7,0.97,8,7,7,146,4,8,9,High
2687,49,9,3,82,39,8,6,9,21,9,9,21.0,8,9,7,9,0.49,8,10,8,147,1,9,6,High
2688,46,3,3,78,37,5,5,7,15,6,5,11.8,10,6,5,6,0.04,8,6,7,116,8,7,10,Medium
2689,40,8,3,72,45,6,5,9,11,6,10,15.6,5,6,9,6,0.14,7,3,6,134,1,5,3,Medium
2690,43,10,4,100,43,8,10,7,20,10,6,17.2,7,7,9,7,0.44,7,9,8,135,0,6,10,High
2691,38,1,1,56,37,7,1,1,6,6,7,6.9,4,6,2,4,0.12,5,6,2,65,6,4,1,Low
2692,43,6,3,81,35,7,3,7,18,8,8,7.9,6,9,4,8,0.33,6,6,6,151,2,7,7,Medium
2693,37,7,1,46,46,6,6,6,13,7,4,13.8,4,8,5,6,0.54,5,9,6,133,3,5,7,Medium
2694,33,6,1,35,27,4,4,4,11,7,5,4.8,4,4,1,4,-0.02,3,7,3,60,6,4,4,Low
2695,37,5,4,71,47,8,4,6,11,8,8,9.0,5,9,4,2,-0.29,9,5,6,105,7,6,6,Medium
2696,26,3,1,30,40,5,3,4,9,7,4,12.0,7,4,3,6,0.08,1,9,5,92,8,5,5,Low
2697,25,4,2,61,39,6,5,7,9,5,3,7.4,3,5,3,5,-0.14,5,4,1,115,8,3,5,Low
2698,23,4,1,43,38,5,3,4,2,3,1,8.8,5,4,3,7,0.0,4,5,3,80,8,6,3,Low
2699,50,10,0,80,40,10,6,8,22,9,6,16.8,10,10,8,10,0.62,8,9,7,164,2,8,9,High
2700,48,7,3,100,39,8,4,8,2,8,7,12.8,5,6,7,7,0.57,5,3,6,93,4,4,6,Medium
2701,45,7,3,100,28,9,8,7,15,9,9,22.1,9,10,8,7,0.73,8,8,9,141,0,7,10,High
2702,35,5,3,66,34,8,4,7,15,6,5,10.4,5,6,6,6,-0.09,8,4,7,103,7,7,8,Medium
2703,36,5,4,83,43,9,4,5,12,6,7,14.1,4,7,7,6,0.27,5,4,5,133,4,4,5,Medium
2704,44,6,1,97,43,8,4,8,11,5,7,18.9,9,5,9,7,0.08,8,4,2,101,9,10,6,Medium
2705,45,6,1,85,43,8,6,7,10,5,7,8.9,7,4,7,6,-0.19,5,5,6,131,0,6,5,Medium
2706,34,1,2,54,47,4,3,9,11,5,4,13.4,6,6,1,4,-0.5,6,5,3,85,8,4,5,Low
2707,49,7,3,76,40,8,5,9,11,6,6,10.5,9,7,9,5,0.54,8,5,4,127,3,6,6,Medium
2708,39,7,2,82,54,9,6,9,9,6,5,8.9,5,7,3,7,0.2,5,6,6,104,4,6,4,Medium
2709,34,7,2,92,44,9,4,6,11,7,6,12.9,5,7,6,9,0.49,7,7,8,130,3,3,4,Medium
2710,37,7,3,81,39,5,8,7,11,6,4,9.0,7,5,7,7,0.26,6,7,6,108,4,6,6,Medium
2711,25,5,0,57,42,2,3,6,10,5,4,4.2,4,6,3,5,-0.22,3,1,1,60,6,3,6,Low
2712,20,4,1,55,29,7,5,3,6,4,7,4.5,7,3,3,4,-0.42,2,3,4,77,9,5,5,Low
2713,39,9,3,95,50,8,6,10,15,10,9,14.9,9,8,8,9,0.84,7,7,8,143,3,5,9,High
2714,40,4,0,81,40,4,5,6,12,6,5,8.5,4,6,6,7,0.14,8,8,4,140,4,7,4,Medium
2715,33,3,0,75,41,3,1,3,9,3,2,4.0,4,5,1,4,-0.07,5,2,6,99,6,8,7,Low
2716,54,7,5,85,32,10,7,9,13,7,10,23.5,7,10,5,7,0.52,8,6,7,141,3,10,9,High
2717,33,5,0,44,38,3,3,5,6,7,4,5.6,6,4,6,3,0.12,3,6,1,95,3,3,6,Low
2718,45,6,1,50,50,8,5,8,12,6,7,14.0,6,7,6,8,0.42,8,5,5,107,3,1,5,Medium
2719,42,7,5,88,38,5,8,7,19,8,8,16.6,10,8,8,9,0.86,9,7,9,132,3,9,8,High
2720,31,7,2,48,47,7,5,3,17,7,6,11.7,8,4,9,9,0.2,6,6,8,123,4,7,7,Medium
2721,26,5,2,62,45,3,4,7,10,4,4,2.0,6,4,3,4,-0.18,1,2,8,96,4,1,4,Low
2722,36,8,1,21,23,6,5,4,5,4,4,5.2,6,7,2,4,-0.13,4,4,5,84,9,5,4,Low
2723,41,5,2,58,41,5,8,5,7,7,4,12.0,4,8,6,5,0.44,5,8,6,119,3,6,4,Medium
2724,35,5,1,35,41,5,4,5,2,4,3,9.0,4,3,5,3,-0.39,5,8,2,79,9,4,7,Low
2725,43,7,2,77,39,7,4,9,11,7,7,17.3,4,8,2,6,0.56,3,3,6,106,1,6,5,Medium
2726,28,4,2,65,26,6,4,1,7,7,4,13.6,5,5,6,4,0.17,2,3,3,105,8,4,5,Low
2727,26,8,2,58,41,5,6,6,10,5,5,10.6,7,6,7,8,0.36,6,4,3,119,2,7,6,Medium
2728,51,9,5,76,51,9,9,6,17,9,8,11.2,9,7,7,7,0.43,8,9,8,152,4,9,8,High
2729,40,8,4,89,46,9,9,7,14,8,7,14.0,8,10,9,8,0.53,7,10,10,128,0,8,10,High
2730,39,5,2,58,41,7,5,7,12,7,5,8.9,8,8,8,5,-0.02,9,6,4,138,0,4,7,Medium
2731,38,3,2,62,32,7,6,8,14,8,6,14.4,5,10,4,6,0.78,6,7,4,113,5,4,7,Medium
2732,29,4,1,54,39,8,7,8,19,6,8,10.7,7,5,7,3,-0.16,6,6,6,126,2,7,5,Medium
2733,39,7,0,83,49,5,6,4,15,8,7,13.1,8,7,5,8,0.13,5,6,7,92,3,5,7,Medium
2734,45,4,1,84,35,7,7,7,14,7,5,7.9,5,6,5,8,-0.14,10,5,5,95,5,7,6,Medium
2735,27,4,2,63,41,4,3,4,16,5,3,9.5,2,5,5,5,0.19,8,3,5,68,6,5,2,Low
2736,46,8,4,85,36,9,8,9,23,9,9,19.8,10,7,8,7,0.59,6,6,7,144,1,8,10,High
2737,42,8,3,92,41,7,7,8,15,7,5,10.1,5,8,5,7,-0.25,6,4,4,122,5,6,8,Medium
2738,24,2,2,79,20,8,4,5,9,1,7,9.0,5,1,3,7,-0.17,5,6,3,86,6,5,3,Low
2739,39,6,3,39,44,7,5,7,8,8,8,13.5,6,8,5,7,0.27,4,7,8,135,5,8,7,Medium
2740,41,9,1,74,41,7,6,6,11,4,4,14.3,8,6,5,4,0.35,8,3,4,114,2,7,7,Medium
2741,49,6,3,84,39,10,8,7,19,9,9,20.1,8,9,5,8,0.77,9,7,8,146,3,7,7,High
2742,31,9,6,96,31,9,10,9,13,9,10,10.9,10,7,6,9,0.72,10,9,10,125,1,10,7,High
2743,43,10,3,53,35,9,6,10,21,10,8,13.7,10,9,5,10,0.8,7,9,10,174,0,8,10,High
2744,36,5,1,61,35,4,2,6,6,4,2,7.0,1,6,1,9,-0.11,4,10,6,88,13,6,3,Low
2745,29,6,2,68,34,4,7,6,11,6,7,12.0,4,8,5,8,0.26,3,3,7,137,2,5,5,Medium
2746,38,5,1,75,43,7,8,7,17,6,9,14.4,5,6,3,8,0.32,4,5,5,100,2,4,5,Medium
2747,31,1,0,85,32,4,1,4,6,5,3,9.2,2,6,3,4,-0.24,2,1,3,82,11,3,4,Low
2748,35,8,1,89,40,7,9,6,13,7,8,12.2,9,5,1,6,0.1,7,7,5,110,5,8,6,Medium
2749,45,10,4,70,41,9,7,8,20,8,5,16.6,8,10,7,9,0.77,7,7,8,148,3,10,9,High
2750,23,3,2,83,33,4,5,4,7,5,6,7.0,4,6,5,6,-0.18,5,1,2,100,6,6,5,Low
2751,40,6,4,65,33,5,7,5,10,6,7,10.2,6,7,5,8,-0.26,5,4,5,146,0,4,6,Medium
2752,22,7,1,78,39,8,5,7,11,7,7,13.9,8,6,6,6,0.02,5,7,9,99,2,5,5,Medium
2753,29,4,2,64,29,6,4,3,10,6,6,10.8,6,4,4,2,-0.39,3,2,5,78,9,6,2,Low
2754,38,2,1,68,42,5,8,4,10,8,6,13.8,8,10,3,7,0.38,7,9,4,92,3,2,8,Medium
2755,55,8,3,100,43,10,10,9,17,10,8,16.1,9,10,9,10,0.6,4,10,8,130,1,8,9,High
2756,57,9,3,86,42,9,6,10,19,9,9,18.8,9,10,8,9,0.85,8,7,8,149,2,8,9,High
2757,49,9,3,86,35,9,8,8,21,7,9,15.8,10,7,7,8,0.81,6,8,8,160,0,9,8,High
2758,39,8,2,63,41,6,7,7,11,7,8,12.0,7,6,4,5,0.56,6,3,6,132,3,7,7,Medium
2759,26,3,0,34,41,3,5,4,12,3,6,9.2,1,6,6,6,-0.31,5,3,4,109,6,4,6,Low
2760,38,4,2,71,39,3,5,9,7,6,7,10.1,10,9,4,6,0.37,3,8,5,101,5,9,5,Medium
2761,44,5,2,94,35,8,6,6,10,8,8,16.6,5,5,5,6,0.41,3,7,5,105,4,8,4,Medium
2762,54,7,5,83,37,8,9,10,19,10,10,22.4,9,9,7,7,1.0,7,9,10,144,0,7,7,High
2763,34,3,1,54,34,5,4,5,6,5,3,6.1,4,5,4,6,-0.21,4,4,2,78,8,2,4,Low
2764,45,6,1,83,40,6,4,7,10,5,8,8.2,7,8,6,4,0.23,4,8,10,123,4,7,5,Medium
2765,32,1,1,71,36,5,6,3,12,5,5,16.5,6,6,4,3,-0.37,3,7,6,84,4,3,4,Low
2766,38,6,4,88,35,4,5,3,10,5,6,7.8,5,7,7,6,0.36,5,6,6,111,6,5,9,Medium
2767,38,10,4,72,36,6,9,8,20,8,8,18.3,9,10,7,8,0.58,5,7,10,141,3,9,7,High
2768,39,7,2,87,34,4,6,4,8,9,6,11.0,6,8,7,7,0.31,3,3,5,84,4,7,7,Medium
2769,43,9,2,53,37,5,5,6,16,5,8,14.0,6,8,5,7,0.74,9,5,7,104,4,6,7,Medium
2770,45,7,4,64,42,9,7,8,13,7,8,8.4,4,6,3,6,0.02,8,3,5,114,8,8,9,Medium
2771,43,6,4,82,42,7,7,6,14,9,7,13.5,6,5,6,7,-0.24,8,7,7,112,6,5,6,Medium
2772,65,10,2,84,50,9,8,8,20,6,9,17.1,8,8,8,10,0.83,10,9,8,132,0,5,9,High
2773,53,10,2,96,43,8,10,10,18,9,10,13.7,7,9,7,6,0.79,6,9,9,155,4,8,10,High
2774,47,9,2,100,49,9,8,8,23,9,10,13.1,9,7,7,7,0.56,8,8,6,146,1,8,10,High
2775,35,10,2,88,34,8,6,9,20,6,9,15.5,9,8,10,9,0.66,7,5,6,152,2,7,9,High
2776,46,3,2,39,48,6,5,3,4,6,5,10.2,8,4,8,7,0.26,5,5,8,120,1,7,6,Medium
2777,47,7,0,30,40,8,5,6,12,6,5,7.9,7,7,8,7,0.67,6,8,9,91,6,5,7,Medium
2778,39,5,1,59,41,6,6,5,10,6,8,17.4,7,5,4,6,-0.05,7,6,5,134,6,6,6,Medium
2779,36,7,2,81,29,8,6,5,18,6,8,14.7,7,6,7,7,0.16,7,7,7,120,4,5,7,Medium
2780,51,10,3,100,50,9,7,9,21,8,9,16.6,8,10,8,7,0.71,7,8,5,139,2,9,7,High
2781,18,6,2,52,37,4,2,5,3,5,4,7.7,4,5,3,3,0.09,4,5,8,91,7,4,2,Low
2782,54,9,4,81,35,8,6,10,17,10,9,14.4,7,9,9,10,0.62,7,9,8,149,3,7,9,High
2783,41,6,1,56,46,6,3,5,12,6,7,10.7,9,7,10,8,0.6,9,10,3,106,3,8,4,Medium
2784,28,5,4,92,44,6,8,5,10,7,7,7.7,9,8,5,5,-0.48,7,7,5,113,2,4,6,Medium
2785,42,6,2,76,51,5,3,5,11,6,8,12.6,6,5,7,5,-0.08,7,9,5,104,5,5,6,Medium
2786,51,9,3,74,38,8,8,8,17,9,9,13.7,7,9,10,9,0.57,7,5,10,128,2,7,10,High
2787,46,5,0,63,39,7,8,8,13,5,8,8.8,5,9,4,4,-0.1,6,7,8,108,3,8,6,Medium
2788,43,7,4,49,43,8,5,8,7,6,8,14.2,6,8,8,7,0.09,6,6,3,116,5,2,7,Medium
2789,32,5,1,56,41,3,4,5,10,1,3,7.5,2,4,2,4,0.13,3,3,4,103,8,4,6,Low
2790,38,7,3,70,42,8,3,6,14,7,10,8.4,5,5,9,7,-0.15,4,4,5,103,7,8,8,Medium
2791,24,4,3,49,43,5,3,4,8,4,6,16.4,5,4,5,4,-0.5,7,1,6,73,3,6,7,Low
2792,53,10,4,71,48,7,10,9,16,8,10,22.1,10,9,8,9,0.44,7,10,6,151,0,8,7,High
2793,40,4,1,81,43,5,5,6,13,7,6,13.8,7,9,5,6,0.27,8,8,6,103,5,6,5,Medium
2794,41,6,1,72,36,5,9,9,5,8,8,10.9,7,6,7,4,0.22,6,4,5,127,8,5,7,Medium
2795,25,3,1,69,33,1,5,5,9,1,6,12.0,4,6,3,6,-0.3,4,3,3,84,9,4,4,Low
2796,30,2,1,50,27,5,1,3,7,4,3,8.9,5,2,4,5,-0.18,4,2,4,99,3,6,7,Low
2797,40,8,4,90,48,7,10,7,16,8,9,11.8,9,6,8,10,0.42,6,8,8,116,1,8,8,High
2798,30,7,0,42,38,5,5,4,10,4,3,6.8,3,3,4,2,-0.45,4,3,5,95,5,2,3,Low
2799,30,4,1,3,35,4,4,4,8,2,6,10.1,8,3,3,7,-0.5,5,3,2,78,6,1,4,Low
2800,30,2,0,69,34,5,4,3,7,6,8,7.8,4,5,3,4,-0.09,2,2,6,84,6,6,8,Low
2801,55,8,3,91,47,10,7,10,17,8,7,13.9,9,9,8,7,0.62,5,9,8,134,3,6,9,High
2802,51,10,6,100,46,7,8,7,18,9,7,14.9,6,10,9,10,0.84,8,10,10,139,2,9,8,High
2803,32,6,1,63,36,4,6,7,10,6,5,14.3,10,5,5,6,0.04,7,8,8,95,6,6,6,Medium
2804,42,7,0,85,38,4,7,7,15,6,7,14.4,5,6,5,6,0.15,5,4,10,96,3,6,6,Medium
2805,48,4,2,57,48,5,3,7,12,8,7,13.1,9,6,4,4,0.24,8,4,6,114,0,5,8,Medium
2806,44,7,3,85,39,8,8,8,16,8,6,15.8,9,8,8,7,0.64,7,7,10,161,2,10,9,High
2807,46,3,2,67,38,5,8,9,10,7,6,11.9,8,8,5,8,0.64,6,6,6,149,5,5,10,Medium
2808,39,4,1,42,39,3,5,5,9,5,5,5.5,5,7,4,5,-0.2,5,5,3,110,10,6,6,Low
2809,19,4,2,39,39,2,3,4,8,4,4,6.6,2,3,5,2,-0.34,4,5,3,91,10,5,6,Low
2810,23,3,3,39,31,4,3,2,14,7,4,11.0,7,2,5,5,-0.5,4,6,4,91,5,1,5,Low
2811,39,7,3,100,45,5,9,7,14,6,7,13.1,8,4,6,9,0.36,7,10,8,111,4,8,6,Medium
2812,54,7,4,96,39,8,7,10,17,9,9,17.3,7,8,9,9,0.61,6,9,5,143,3,8,10,High
2813,35,3,2,65,41,7,5,9,9,7,8,8.3,2,5,8,9,0.13,4,8,6,138,8,8,5,Medium
2814,29,2,1,53,28,3,4,6,9,6,6,8.7,7,4,3,1,-0.32,5,7,5,89,7,3,5,Low
2815,40,5,1,67,32,4,3,2,12,5,6,9.5,2,4,2,3,-0.08,6,7,5,72,6,5,6,Low
2816,56,8,5,81,49,7,9,9,17,8,10,12.0,7,7,6,9,0.77,7,5,7,117,0,6,9,High
2817,40,6,0,92,41,6,5,5,12,6,7,9.9,7,5,5,8,0.44,7,8,4,112,5,7,8,Medium
2818,53,9,6,93,35,9,8,10,19,10,9,12.4,10,9,8,7,0.77,8,5,9,162,3,8,8,High
2819,44,3,2,58,37,5,4,6,13,6,8,12.2,7,9,7,5,0.21,6,7,9,110,3,8,6,Medium
2820,39,9,2,71,49,5,7,4,18,5,7,12.8,5,6,4,8,0.33,6,7,8,118,3,6,6,Medium
2821,41,7,3,74,46,7,2,6,11,7,6,10.3,8,7,6,7,-0.19,8,4,7,103,7,3,8,Medium
2822,17,4,1,92,32,4,3,3,6,5,8,10.5,6,3,1,6,-0.5,4,1,1,74,8,5,6,Low
2823,40,7,2,68,40,8,5,4,8,8,9,9.2,6,7,8,7,0.07,7,6,6,112,3,6,6,Medium
2824,50,10,5,93,34,9,9,9,19,10,10,14.1,9,10,9,7,0.58,8,6,8,128,4,9,9,High
2825,47,7,3,78,41,6,5,7,14,6,6,12.5,8,6,8,7,0.41,9,4,6,96,3,5,5,Medium
2826,34,4,1,100,48,5,6,9,11,8,9,15.6,5,4,5,7,0.09,8,5,6,124,6,5,7,Medium
2827,24,6,1,32,31,3,3,3,8,6,4,3.7,1,3,6,8,0.16,5,3,5,88,7,8,3,Low
2828,56,10,5,100,39,8,6,8,15,9,8,12.4,10,8,6,9,0.84,7,8,8,147,1,7,8,High
2829,54,10,4,89,52,9,9,9,20,10,7,19.4,9,9,8,8,0.66,8,6,7,133,3,8,8,High
2830,56,6,3,58,42,8,8,5,17,5,6,9.3,6,9,5,7,0.45,8,6,4,105,2,4,6,Medium
2831,48,10,3,92,37,9,9,7,17,9,10,19.4,8,8,7,7,0.75,8,8,8,120,0,9,10,High
2832,43,6,2,96,43,9,6,8,12,7,7,16.1,7,8,2,6,0.12,7,5,6,115,4,6,6,Medium
2833,38,7,2,50,31,6,6,6,17,6,6,17.9,7,9,7,5,0.02,6,9,8,108,3,7,5,Medium
2834,56,7,4,89,43,9,9,8,18,6,9,12.3,7,9,8,9,0.52,10,7,7,125,3,9,9,High
2835,53,9,3,81,40,8,5,10,18,7,7,16.0,7,10,7,8,0.72,9,7,7,133,3,6,7,High
2836,47,4,2,91,43,5,3,9,10,3,9,9.5,7,6,3,5,0.59,7,8,4,150,1,4,5,Medium
2837,25,4,0,33,32,7,2,8,8,10,3,10.9,6,4,3,5,-0.11,4,1,3,94,7,3,4,Low
2838,34,6,1,43,36,6,4,5,14,5,6,16.0,7,8,4,9,0.66,6,5,8,98,3,6,4,Medium
2839,60,8,3,94,49,9,8,5,19,10,9,17.8,9,8,8,8,0.51,9,9,7,152,2,9,7,High
2840,41,4,4,71,44,8,2,7,12,7,6,9.5,7,9,4,7,0.49,6,7,7,97,4,9,7,Medium
2841,34,9,2,70,40,8,9,5,10,7,6,6.4,7,6,7,8,0.21,10,7,3,91,2,7,7,Medium
2842,34,5,0,91,31,7,4,7,11,5,7,9.3,7,8,4,6,0.26,5,6,3,121,4,7,7,Medium
2843,25,5,1,66,44,10,6,5,13,7,8,11.5,6,7,7,9,-0.01,8,7,5,129,6,5,8,Medium
2844,36,5,0,69,40,8,4,3,12,10,9,14.4,3,5,6,10,0.4,7,5,10,118,2,7,5,Medium
2845,38,8,5,100,37,8,8,9,18,8,7,17.2,7,8,7,8,0.9,8,9,7,113,1,7,9,High
2846,52,3,2,61,41,4,7,7,14,6,5,13.1,9,6,7,4,-0.14,3,4,6,72,4,8,4,Medium
2847,31,2,0,34,36,3,3,6,10,5,6,10.4,3,4,2,9,0.11,2,2,7,75,8,5,2,Low
2848,31,2,0,50,35,9,2,5,2,4,4,5.1,3,3,1,8,0.03,3,7,4,84,8,5,5,Low
2849,52,7,2,100,45,10,6,8,20,8,7,18.7,10,6,9,9,0.94,10,6,8,134,5,9,8,High
2850,44,7,3,68,43,6,7,6,8,6,4,13.3,7,5,4,5,0.23,6,10,10,107,7,7,6,Medium
2851,30,7,2,72,41,8,7,6,16,6,9,6.7,6,5,8,8,-0.07,7,9,6,104,8,5,5,Medium
2852,44,9,4,87,46,7,7,8,20,10,9,16.4,9,8,9,10,0.74,6,10,10,113,1,10,10,High
2853,48,9,6,100,41,7,6,9,22,9,10,18.2,8,10,10,8,0.48,10,9,9,151,1,7,8,High
2854,42,8,6,89,35,9,8,8,18,7,9,12.7,10,9,8,10,0.34,10,10,8,152,3,5,7,High
2855,41,7,2,80,33,9,9,7,16,9,10,16.4,7,10,9,10,0.41,7,6,7,132,0,7,6,High
2856,34,8,3,51,35,8,3,10,7,7,8,18.4,8,8,7,5,0.6,4,8,6,114,3,5,7,Medium
2857,51,10,2,99,52,9,7,9,17,8,9,21.3,10,8,8,9,0.78,8,8,7,154,3,7,10,High
2858,42,6,3,53,42,9,5,8,16,7,7,11.0,5,6,3,5,0.07,9,7,7,126,6,4,6,Medium
2859,68,10,2,100,43,7,8,8,13,8,10,23.7,6,9,9,7,0.7,8,8,8,165,2,8,9,High
2860,53,8,4,93,39,8,8,10,18,10,9,21.1,8,8,8,5,0.54,7,4,8,160,3,7,8,High
2861,49,8,5,100,38,7,9,8,16,8,9,14.0,7,6,8,9,0.44,8,8,6,147,1,7,6,High
2862,42,6,1,59,31,6,7,5,10,5,5,15.8,7,6,5,6,0.23,7,5,6,132,5,4,8,Medium
2863,38,3,4,44,25,5,4,3,10,1,4,8.1,9,6,4,1,0.02,4,2,8,100,8,5,6,Low
2864,30,6,4,76,33,6,5,8,8,6,6,16.4,7,9,5,7,0.31,7,8,5,114,5,5,5,Medium
2865,53,8,4,91,44,8,8,7,20,7,8,12.5,8,8,8,9,0.89,8,7,6,133,2,7,8,High
2866,48,8,2,88,41,9,7,9,18,9,9,13.4,7,8,9,10,0.36,8,9,8,121,2,8,7,High
2867,26,6,0,49,26,6,5,4,3,5,3,7.8,5,6,3,2,0.18,10,6,6,90,9,5,4,Low
2868,29,2,1,60,38,3,4,6,8,3,4,8.0,6,7,3,6,-0.19,3,5,2,103,7,3,5,Low
2869,34,2,1,52,35,1,4,2,7,4,6,4.8,7,3,2,5,0.03,3,5,3,93,9,8,4,Low
2870,47,8,2,99,43,9,8,8,20,9,8,16.7,9,9,8,10,0.75,5,7,8,153,4,9,10,High
2871,61,10,4,83,46,8,6,10,13,10,8,20.0,8,6,7,9,0.92,6,10,7,155,2,10,10,High
2872,38,5,4,89,43,10,7,7,11,7,8,10.3,8,4,5,6,0.45,7,7,9,94,4,4,8,Medium
2873,28,8,0,51,48,6,4,5,12,9,6,9.4,7,6,5,6,0.14,4,8,3,110,5,6,6,Medium
2874,38,8,6,84,46,10,10,8,19,10,9,16.5,7,9,8,8,0.54,9,9,6,167,1,6,9,High
2875,42,8,3,89,45,7,7,9,17,10,9,19.9,10,6,10,10,0.41,9,7,9,156,1,8,9,High
2876,36,4,2,86,30,6,4,7,14,6,7,10.6,6,6,6,7,0.12,5,7,5,117,0,6,5,Medium
2877,39,6,2,82,51,5,3,6,5,10,7,8.8,9,7,7,7,-0.34,6,6,4,139,5,4,6,Medium
2878,44,7,3,75,46,6,4,6,9,8,6,11.8,7,8,5,6,-0.25,5,6,6,87,4,8,9,Medium
2879,34,5,1,82,35,6,5,5,12,9,7,19.5,6,4,4,6,0.27,4,6,4,135,5,4,9,Medium
2880,35,2,0,100,38,7,6,6,11,4,8,13.5,6,6,8,5,0.74,9,8,7,125,2,9,9,Medium
2881,40,8,3,72,31,8,6,8,12,5,8,14.1,7,6,3,6,0.02,8,9,6,104,5,7,7,Medium
2882,67,6,1,82,35,10,7,8,13,9,8,18.5,6,8,7,9,0.99,8,8,6,160,3,8,10,High
2883,35,7,1,74,37,7,8,9,9,6,6,12.4,7,8,8,7,0.31,3,6,3,113,7,8,7,Medium
2884,58,8,5,94,37,9,9,8,17,10,7,18.5,8,9,8,10,0.78,7,7,9,160,1,6,8,High
2885,33,1,0,66,40,4,2,4,4,6,6,8.4,9,3,4,2,-0.5,4,3,5,111,8,4,6,Low
2886,35,3,0,54,32,8,4,9,15,9,7,15.5,6,7,8,6,0.65,7,7,6,127,8,7,9,Medium
2887,38,1,1,79,37,8,2,3,7,3,2,3.4,8,6,5,4,-0.1,3,6,1,127,6,6,3,Low
2888,36,7,3,48,38,8,6,8,11,6,7,11.4,6,7,7,4,0.13,6,7,3,88,6,4,8,Medium
2889,54,10,1,77,45,7,8,7,19,10,7,17.3,9,10,9,10,0.99,9,9,9,125,3,8,10,High
2890,56,8,4,76,53,8,7,8,20,8,8,11.7,9,9,9,10,0.77,9,7,5,132,3,7,9,High
2891,24,4,2,41,32,7,3,7,2,4,4,6.2,4,5,3,2,-0.19,5,4,2,74,8,4,4,Low
2892,36,6,2,67,36,6,5,7,10,6,9,14.0,7,8,6,7,0.2,10,7,3,116,4,7,5,Medium
2893,42,8,0,92,44,8,7,7,18,8,9,18.6,8,7,8,9,0.74,5,7,9,147,1,10,8,High
2894,48,5,2,72,47,4,5,7,13,5,8,15.7,7,6,7,6,0.26,4,8,4,120,3,6,6,Medium
2895,42,6,3,63,42,6,8,6,15,6,5,8.0,8,8,9,7,0.4,10,4,6,104,1,8,8,Medium
2896,48,8,3,91,36,8,9,8,9,9,8,23.0,8,8,6,9,0.93,7,7,8,114,3,9,10,High
2897,38,5,5,62,48,6,4,6,12,10,6,11.4,7,6,7,6,-0.24,6,6,6,109,7,9,8,Medium
2898,26,5,1,60,27,5,2,5,6,2,5,2.2,6,8,5,3,-0.35,2,3,3,99,7,4,7,Low
2899,40,6,0,80,45,7,6,8,13,5,5,12.4,8,7,4,4,0.5,2,3,9,149,3,9,6,Medium
2900,51,8,2,100,42,9,8,8,12,10,9,17.1,8,9,9,8,0.7,6,8,6,166,1,7,6,High
2901,40,6,3,57,40,9,4,5,14,9,8,13.0,5,6,9,6,0.1,5,8,5,120,2,6,6,Medium
2902,34,4,0,33,38,7,3,5,7,3,5,5.6,1,8,3,5,-0.28,6,4,6,78,5,1,4,Low
2903,62,10,5,97,43,8,10,10,23,10,7,16.3,10,10,6,10,0.56,8,7,8,157,1,8,8,High
2904,34,5,0,37,39,4,1,4,6,3,4,8.0,7,8,3,2,-0.36,1,1,7,60,6,2,2,Low
2905,62,9,3,89,49,8,8,8,12,9,10,12.0,9,7,6,8,0.83,9,6,6,118,3,9,8,High
2906,46,6,2,100,44,5,4,7,14,6,4,13.2,10,7,4,6,0.25,7,6,5,112,2,9,7,Medium
2907,58,10,8,100,46,10,10,10,23,8,10,16.0,8,10,7,10,0.6,8,7,6,143,0,7,6,High
2908,34,6,3,60,41,5,3,7,12,7,6,11.3,9,7,5,4,0.53,10,7,5,112,7,7,6,Medium
2909,24,8,4,63,36,8,4,6,13,6,5,14.1,2,5,6,4,0.23,6,8,5,113,2,4,5,Medium
2910,26,1,2,44,43,2,2,7,12,6,6,9.7,4,4,3,3,-0.36,5,3,5,84,6,5,3,Low
2911,44,8,5,81,40,8,5,9,8,8,7,13.3,6,6,5,8,0.36,5,5,7,118,5,7,6,Medium
2912,52,8,3,75,29,10,5,9,16,10,8,16.7,8,9,7,10,0.23,4,8,10,147,2,7,9,High
2913,55,8,4,67,42,8,9,8,19,7,8,22.2,6,10,10,8,0.52,10,5,10,131,1,9,8,High
2914,51,6,1,60,37,6,7,6,12,6,8,14.1,7,8,3,6,0.23,7,7,6,124,3,6,6,Medium
2915,55,7,2,57,44,6,8,3,9,5,8,7.8,6,5,6,7,-0.36,4,7,8,131,2,5,6,Medium
2916,49,7,3,66,37,9,10,9,13,6,9,16.0,7,7,9,10,0.74,10,7,9,108,3,7,8,High
2917,46,9,2,100,39,8,7,7,14,9,6,17.0,8,10,8,7,0.89,10,7,10,145,6,10,10,High
2918,42,7,0,68,49,7,5,6,15,7,6,12.3,6,5,3,9,0.36,5,2,6,103,2,5,6,Medium
2919,55,9,4,71,40,6,4,8,17,9,5,12.1,8,6,7,9,0.25,6,2,6,107,4,7,5,Medium
2920,40,7,1,54,43,6,6,9,17,7,3,15.3,4,8,9,7,0.14,7,4,7,129,1,3,7,Medium
2921,49,10,0,75,48,7,6,4,14,5,6,12.5,9,7,5,7,0.63,10,5,4,116,7,5,8,Medium
2922,23,3,1,67,45,6,4,4,7,7,4,7.7,5,6,3,3,-0.31,3,5,2,88,5,3,4,Low
2923,45,3,3,68,40,6,6,6,10,8,9,11.4,8,4,4,6,0.19,10,6,6,105,2,4,8,Medium
2924,43,7,2,36,34,9,7,5,9,7,6,12.1,4,9,6,7,0.34,6,7,10,118,5,7,6,Medium
2925,51,9,3,95,50,10,8,10,11,8,10,15.8,10,8,10,7,0.77,6,8,7,128,0,9,7,High
2926,32,4,0,74,35,7,4,4,6,6,3,12.1,5,4,3,3,-0.47,4,5,3,110,7,4,6,Low
2927,27,7,2,82,43,7,7,6,11,7,6,9.6,8,8,6,6,0.43,9,5,4,101,3,8,3,Medium
2928,36,6,3,82,43,7,8,8,16,4,6,8.6,7,6,2,8,0.58,7,8,5,109,3,8,6,Medium
2929,41,8,1,81,39,6,7,7,7,7,6,14.0,8,9,7,7,0.04,6,4,4,109,7,5,9,Medium
2930,35,4,2,60,32,3,4,7,4,3,5,5.2,3,5,3,4,-0.5,2,2,3,91,9,1,4,Low
2931,48,4,2,62,38,3,3,6,17,6,10,17.7,5,9,4,6,0.05,8,10,6,104,3,5,9,Medium
2932,45,6,5,77,45,8,6,9,8,8,7,11.1,7,7,7,7,-0.03,7,8,8,97,4,4,7,Medium
2933,45,7,2,82,41,9,6,7,11,5,6,16.7,7,2,7,5,-0.04,6,5,8,157,5,7,5,Medium
2934,31,6,2,100,41,8,5,5,10,7,8,13.9,5,5,5,7,0.29,6,7,5,109,7,3,8,Medium
2935,44,7,3,76,43,7,6,7,10,9,6,11.6,8,7,6,7,0.24,5,6,4,104,6,7,8,Medium
2936,40,8,2,100,45,7,6,7,17,9,10,14.0,9,9,8,10,0.85,6,6,10,151,0,10,6,High
2937,32,5,1,81,39,5,7,5,17,9,6,13.5,5,7,7,8,0.76,6,8,8,105,6,7,7,Medium
2938,39,9,5,79,36,9,10,8,17,7,8,15.7,7,7,8,8,0.91,9,8,10,136,2,9,10,High
2939,35,4,2,82,41,6,3,5,13,7,9,16.4,6,7,5,8,1.0,6,4,5,107,4,7,5,Medium
2940,30,6,0,43,33,3,7,3,6,5,2,5.6,3,7,5,1,-0.05,6,5,3,72,7,2,2,Low
2941,26,1,1,48,36,7,5,3,9,8,4,8.2,2,5,5,5,-0.34,3,3,5,78,9,4,3,Low
2942,41,5,2,75,34,4,6,6,9,6,5,9.2,8,7,7,4,0.07,4,7,6,103,4,6,7,Medium
2943,48,9,4,88,48,10,8,7,15,9,9,18.4,10,9,6,8,0.42,9,8,7,118,2,7,8,High
2944,59,9,1,92,39,7,6,9,17,9,7,15.2,9,7,7,9,0.63,9,8,8,115,3,10,8,High
2945,55,8,1,100,55,8,7,9,18,9,7,15.6,10,9,7,10,0.58,7,9,4,137,2,4,7,High
2946,35,6,2,54,42,9,7,5,16,7,9,13.6,9,6,5,6,-0.02,6,7,6,137,4,5,4,Medium
2947,34,8,4,80,46,7,4,8,8,8,5,9.5,7,2,3,9,0.32,5,6,4,114,3,5,8,Medium
2948,32,3,2,59,39,2,6,1,8,4,2,6.8,3,3,6,7,-0.35,3,2,3,75,7,8,5,Low
2949,24,5,2,100,44,6,7,8,12,5,8,14.7,6,6,7,5,0.06,4,8,3,123,3,6,6,Medium
2950,35,7,3,77,38,7,5,8,15,7,5,12.9,6,8,4,7,0.21,6,5,7,131,5,7,6,Medium
2951,31,1,2,57,36,3,2,5,5,4,6,8.6,6,4,3,5,-0.03,5,5,6,103,4,1,5,Low
2952,41,6,2,81,39,8,3,6,16,6,6,13.7,4,5,4,6,0.38,6,5,5,84,6,5,8,Medium
2953,39,6,3,74,39,9,3,6,10,5,5,8.4,5,7,4,7,0.35,8,6,5,128,3,9,6,Medium
2954,53,7,5,90,45,9,9,9,19,8,9,18.7,7,8,10,8,0.43,8,9,10,136,3,9,9,High
2955,57,8,3,91,45,7,8,10,18,9,8,12.8,9,8,6,8,0.5,10,7,7,119,1,7,6,High
2956,39,10,5,78,46,9,6,8,21,8,10,15.8,7,10,6,10,0.77,10,10,8,122,0,10,9,High
2957,52,5,0,76,35,8,4,6,11,9,8,16.1,5,8,6,7,-0.01,6,7,5,113,7,6,8,Medium
2958,39,4,1,80,43,8,7,7,15,9,8,10.9,7,5,8,7,-0.07,7,7,7,154,4,5,7,Medium
2959,28,6,5,100,45,8,7,5,13,8,7,17.8,8,5,5,6,0.13,3,6,8,129,4,6,5,Medium
2960,57,6,2,95,46,7,6,8,14,8,9,18.8,10,10,8,9,0.74,10,9,9,161,2,8,9,High
2961,36,1,1,65,31,3,4,5,4,5,6,9.4,5,3,3,4,-0.01,2,6,5,77,6,5,2,Low
2962,35,8,2,69,39,9,7,7,13,8,5,9.4,8,5,6,5,0.38,5,6,5,95,2,10,7,Medium
2963,47,8,5,85,50,8,8,7,19,9,8,18.1,8,9,10,10,0.66,10,8,8,144,0,10,10,High
2964,46,6,1,56,37,5,5,7,13,5,7,9.9,7,9,7,8,0.07,8,8,4,124,2,9,8,Medium
2965,34,7,2,70,47,6,7,7,12,6,7,10.0,7,8,3,7,0.67,8,7,4,126,3,3,7,Medium
2966,45,7,1,80,36,6,4,4,8,8,5,11.8,7,4,4,8,0.44,4,5,5,134,5,3,6,Medium
2967,50,5,1,43,29,6,6,4,6,5,3,4.8,3,5,3,1,-0.15,5,1,10,104,10,2,3,Low
2968,43,5,0,54,42,4,6,6,13,6,6,15.3,7,5,5,7,0.06,6,4,6,146,2,8,6,Medium
2969,48,9,2,73,38,6,7,6,15,7,8,10.9,7,6,7,8,0.33,8,7,6,96,2,7,7,Medium
2970,33,5,1,24,36,7,3,8,9,2,4,3.8,4,1,3,4,-0.03,3,5,5,101,5,4,5,Low
2971,28,4,2,59,46,4,1,3,8,4,5,5.0,5,5,4,5,-0.13,4,6,4,77,7,3,2,Low
2972,58,7,1,93,32,9,6,8,16,9,10,18.7,8,8,10,7,0.57,8,6,6,110,1,6,7,High
2973,32,7,1,94,36,8,7,4,11,4,5,6.9,5,7,7,9,-0.04,4,6,6,110,5,5,7,Medium
2974,43,4,0,73,38,6,7,5,10,6,9,12.6,7,8,6,8,-0.13,8,3,5,136,5,6,5,Medium
2975,24,7,1,80,47,7,2,6,14,7,5,9.9,4,5,6,6,0.32,7,5,3,92,8,4,8,Medium
2976,54,8,4,69,58,10,8,10,20,7,8,18.9,8,10,8,6,0.77,7,8,10,138,3,7,7,High
2977,44,5,2,73,34,5,6,5,16,5,7,8.7,5,6,5,5,-0.16,7,8,3,145,6,7,6,Medium
2978,37,6,3,65,34,8,8,8,15,9,8,12.6,9,4,8,5,0.37,7,5,5,121,2,1,8,Medium
2979,56,9,2,76,22,9,8,10,19,8,9,16.0,6,8,7,10,0.88,9,6,7,170,2,7,10,High
2980,52,8,3,83,45,9,8,8,18,10,7,20.7,8,6,8,7,0.72,10,5,6,141,3,6,6,High
2981,25,1,1,67,38,4,1,5,2,2,6,6.9,7,6,4,4,-0.17,5,5,5,99,6,3,6,Low
2982,54,10,1,91,44,8,10,9,19,8,9,13.2,7,9,9,8,0.85,7,8,9,144,3,6,8,High
2983,44,6,2,61,36,7,7,6,17,6,4,14.4,7,6,5,7,-0.21,7,3,9,119,5,6,7,Medium
2984,35,6,1,62,36,9,6,5,12,8,7,12.1,7,4,6,5,0.54,5,7,4,113,2,5,7,Medium
2985,31,4,1,61,36,6,5,4,9,2,5,6.1,3,4,4,5,-0.26,4,3,6,103,10,5,7,Low
2986,32,4,1,35,38,7,1,5,11,4,4,7.5,1,6,2,7,-0.5,4,3,2,105,10,4,4,Low
2987,38,8,1,87,42,10,8,10,19,8,9,16.9,10,8,10,8,0.86,8,7,9,110,3,10,8,High
2988,36,8,2,73,37,6,7,7,9,9,8,11.7,4,10,6,5,0.13,5,3,4,131,5,7,9,Medium
2989,46,6,2,46,36,7,6,8,12,4,7,14.6,7,9,4,7,0.11,5,5,7,111,3,6,8,Medium
2990,47,9,1,63,40,10,6,8,16,7,8,19.3,9,8,9,7,0.59,7,9,10,162,2,7,8,High
2991,46,10,4,87,45,10,9,9,15,7,9,14.8,8,9,7,8,0.89,9,8,9,152,2,6,10,High
2992,25,5,3,46,29,7,1,8,10,1,3,12.9,4,6,3,5,-0.25,1,3,4,65,5,1,6,Low
2993,41,6,0,93,48,7,8,6,14,7,6,15.2,7,6,5,7,0.25,6,8,3,110,5,5,7,Medium
2994,37,3,2,59,38,3,4,9,13,5,3,6.8,4,4,6,3,-0.31,3,4,4,94,6,5,5,Low
2995,49,8,2,85,39,10,9,8,20,8,10,15.8,9,8,10,10,0.59,9,8,8,144,3,7,7,High
2996,35,5,4,80,37,7,7,7,12,6,8,10.3,5,6,2,6,0.95,7,3,6,128,5,8,8,Medium
2997,62,9,3,78,40,8,8,8,15,9,7,12.7,7,10,9,8,0.71,6,10,7,123,0,8,8,High
2998,30,5,1,48,41,3,4,5,2,3,4,12.4,3,3,5,6,-0.26,4,2,7,81,2,8,3,Low
2999,30,4,2,77,39,7,3,2,10,4,5,11.8,3,3,5,5,-0.33,4,5,1,75,9,6,7,Low
3000,37,6,4,46,37,8,6,7,9,6,6,13.4,8,5,5,5,0.1,4,4,5,104,4,9,7,Medium
3001,42,7,3,57,42,7,7,6,9,8,6,13.7,7,4,4,6,0.12,6,7,7,121,3,4,5,Medium
3002,39,7,1,69,43,8,5,5,15,5,8,14.6,6,8,10,5,0.27,7,8,5,128,6,7,6,Medium
3003,47,9,7,96,39,8,10,10,19,9,8,14.8,8,8,9,9,0.55,10,8,8,121,0,9,8,High
3004,36,5,2,83,32,8,7,6,8,7,3,10.3,8,8,8,8,0.2,8,6,4,95,8,7,8,Medium
3005,29,4,4,48,48,5,4,8,12,5,7,11.0,8,8,5,9,0.63,5,5,6,109,3,3,7,Medium
3006,55,8,3,86,47,8,9,8,18,8,8,19.9,7,8,7,8,1.0,8,9,9,166,1,9,9,High
3007,40,5,4,47,42,5,6,8,13,7,4,10.0,7,7,8,6,0.47,7,8,4,111,2,8,5,Medium
3008,53,8,5,78,44,8,9,10,22,9,8,17.1,10,10,9,9,0.68,9,8,8,154,3,8,10,High
3009,36,5,2,44,34,6,4,8,3,5,2,8.7,4,7,2,5,-0.5,3,2,6,116,9,1,5,Low
3010,38,6,3,71,41,6,6,3,14,8,9,17.0,7,7,7,8,0.16,5,5,8,125,4,4,7,Medium
3011,25,4,1,67,29,4,4,2,8,6,5,10.3,6,3,2,3,0.24,2,6,2,81,6,3,7,Low
3012,39,5,3,52,32,1,5,1,9,7,1,9.5,4,4,2,1,-0.19,8,5,7,90,6,3,5,Low
3013,60,7,3,83,32,9,10,8,20,8,7,20.6,8,9,8,8,0.8,9,6,8,166,1,9,8,High
3014,30,4,2,70,35,2,3,8,5,4,7,7.0,5,6,2,2,-0.33,6,1,4,70,7,4,5,Low
3015,51,4,2,85,40,7,5,4,14,8,6,14.1,6,6,7,9,0.61,4,9,5,123,4,5,6,Medium
3016,33,6,1,96,36,3,5,7,14,7,8,14.7,4,6,5,8,0.64,5,9,7,100,4,7,9,Medium
3017,39,7,4,62,33,8,2,3,7,7,6,7.4,8,5,7,6,0.09,6,6,7,135,2,4,6,Medium
3018,70,10,2,72,45,9,10,8,21,8,8,18.3,6,10,5,8,0.78,7,9,8,140,2,8,10,High
3019,32,3,2,43,45,4,3,5,10,1,4,10.3,1,3,4,7,-0.15,4,7,5,78,1,4,4,Low
3020,39,8,4,57,40,6,6,7,12,3,6,9.7,6,8,3,6,0.17,10,3,4,93,4,8,8,Medium
3021,50,8,3,100,46,9,7,7,19,7,10,17.5,9,10,9,10,1.0,9,10,7,153,1,8,9,High
3022,51,5,1,53,38,6,6,8,10,7,6,9.1,7,8,7,9,0.24,8,6,7,114,7,8,8,Medium
3023,44,8,4,97,20,8,9,7,16,8,10,17.1,10,9,5,9,0.5,7,8,8,131,4,9,8,High
3024,31,3,2,86,24,6,6,4,8,5,3,10.8,4,1,1,2,-0.28,3,4,5,86,4,7,1,Low
3025,35,7,2,52,46,7,6,6,13,4,8,9.8,5,7,6,8,-0.16,8,5,8,102,4,7,7,Medium
3026,37,7,2,74,41,4,6,4,8,5,8,7.8,6,8,6,7,0.29,6,8,6,99,3,5,5,Medium
3027,50,8,3,72,36,8,10,9,21,10,8,14.9,7,8,10,8,0.44,8,6,9,118,2,7,8,High
3028,34,9,3,84,42,9,8,10,16,7,9,13.2,10,7,9,8,0.58,8,7,6,129,3,6,9,High
3029,35,6,2,100,38,8,7,6,11,6,9,14.2,4,8,7,6,0.11,8,8,3,121,6,6,7,Medium
3030,44,8,1,37,39,8,6,7,14,7,9,11.7,7,7,4,10,0.04,3,8,3,106,2,4,8,Medium
3031,29,5,0,12,38,6,5,1,6,4,6,7.2,6,8,4,6,-0.14,2,7,4,83,1,2,8,Low
3032,38,6,3,52,41,8,4,9,12,7,6,10.3,6,5,6,7,0.0,7,2,3,119,5,9,4,Medium
3033,30,7,0,58,47,8,10,7,10,6,6,15.8,7,6,4,5,0.4,8,10,4,139,2,4,8,Medium
3034,55,8,2,100,42,10,6,8,15,8,10,17.9,10,8,6,8,0.88,7,7,8,133,3,8,9,High
3035,47,8,2,58,46,6,3,6,13,8,5,10.7,7,5,3,10,0.38,8,4,4,113,4,8,8,Medium
3036,39,5,0,48,44,9,6,8,11,7,8,10.8,7,6,8,7,0.69,6,5,6,102,7,2,8,Medium
3037,24,4,1,58,42,3,2,5,8,5,8,6.1,5,7,5,5,-0.39,3,5,5,75,8,1,2,Low
3038,41,1,0,35,38,6,2,4,6,7,7,10.8,5,7,6,3,-0.48,6,2,4,75,8,6,6,Low
3039,44,5,3,64,42,6,8,9,11,5,3,17.8,6,6,6,5,0.51,9,6,6,94,1,5,8,Medium
3040,39,7,2,73,40,5,5,8,5,7,8,11.9,7,6,5,5,0.32,5,6,5,116,5,7,9,Medium
3041,51,8,3,85,34,7,7,10,21,7,8,12.9,7,7,8,10,0.63,10,4,8,148,3,7,8,High
3042,41,5,3,63,45,8,5,7,8,6,6,17.3,5,3,4,5,0.48,7,4,5,93,2,7,6,Medium
3043,40,5,3,78,46,9,6,7,7,7,8,13.4,5,8,8,7,0.26,6,8,6,117,6,5,4,Medium
3044,36,5,0,23,45,6,6,8,5,6,2,9.5,2,7,4,6,0.02,6,7,3,89,8,2,1,Low
3045,46,9,3,74,42,6,7,7,18,9,10,20.8,8,9,8,9,0.26,8,10,7,121,3,6,9,High
3046,57,10,5,96,42,10,6,8,18,7,8,15.2,9,8,8,8,0.69,5,7,9,128,4,10,7,High
3047,31,5,1,40,27,5,5,5,4,2,6,12.8,3,7,3,2,-0.14,5,3,4,100,7,5,7,Low
3048,49,8,0,100,47,9,6,10,16,9,8,20.3,7,9,10,10,0.54,7,8,8,106,1,10,7,High
3049,41,6,3,82,37,9,6,5,9,7,5,15.3,7,8,7,7,0.19,5,4,7,119,3,7,6,Medium
3050,37,2,0,76,37,4,5,2,8,6,1,9.1,3,2,7,3,-0.07,9,3,7,91,5,5,4,Low
3051,42,7,3,77,35,7,5,6,12,9,8,15.1,6,5,6,5,0.74,7,6,9,104,4,7,7,Medium
3052,42,8,2,56,30,5,4,8,13,4,8,8.3,6,4,8,6,-0.02,7,8,4,92,7,8,7,Medium
3053,39,2,2,53,39,7,1,4,7,4,6,5.9,4,5,2,5,-0.13,7,5,5,78,7,6,5,Low
3054,55,9,1,94,39,8,8,10,20,8,9,19.5,8,7,9,8,0.71,8,10,10,165,3,8,9,High
3055,60,9,4,69,32,10,7,9,14,9,10,13.0,9,9,8,7,0.91,10,10,8,161,3,8,8,High
3056,36,5,3,55,32,8,7,6,13,8,6,12.4,8,6,6,7,0.2,7,6,8,101,2,5,7,Medium
3057,43,9,3,65,35,8,8,8,10,7,8,11.2,4,7,4,8,0.42,4,6,5,120,0,7,8,Medium
3058,35,7,1,79,44,5,6,7,13,7,8,7.5,9,8,5,9,-0.38,5,6,4,112,2,7,8,Medium
3059,43,6,1,87,39,6,6,7,12,8,8,8.6,5,8,6,7,0.64,5,8,5,117,4,5,7,Medium
3060,40,4,4,56,39,8,9,10,13,7,5,10.3,7,5,7,8,0.18,4,7,7,98,2,7,7,Medium
3061,30,4,2,72,44,8,3,3,14,5,6,9.7,9,6,4,1,-0.2,7,7,6,103,11,4,6,Low
3062,24,6,3,63,35,7,8,5,14,6,6,10.0,8,8,6,6,0.08,9,3,6,103,3,7,5,Medium
3063,40,8,1,88,41,9,7,9,21,9,9,17.1,9,8,9,9,0.56,9,10,7,156,2,5,8,High
3064,35,5,2,80,45,3,6,5,11,6,7,13.2,9,9,7,8,0.21,7,5,8,105,4,6,7,Medium
3065,23,1,3,82,38,3,4,8,10,4,4,9.1,5,5,4,2,0.05,3,7,2,73,7,3,3,Low
3066,48,9,5,75,43,7,7,9,15,8,7,18.4,8,8,6,7,0.66,8,7,9,147,1,10,10,High
3067,34,8,1,71,42,6,9,7,13,5,9,15.4,5,7,7,7,0.64,1,6,8,113,1,8,6,Medium
3068,46,7,2,74,35,5,9,9,11,5,6,15.9,7,8,5,5,0.27,10,10,4,76,1,5,6,Medium
3069,33,4,3,65,31,4,3,5,3,1,6,7.4,4,4,5,2,-0.29,1,3,3,61,5,7,7,Low
3070,45,6,0,68,46,7,7,7,6,9,8,8.3,6,8,5,9,0.35,7,9,4,106,2,5,4,Medium
3071,44,9,6,89,42,9,9,9,14,9,9,20.7,10,10,7,8,0.85,7,8,8,142,1,10,9,High
3072,41,6,1,70,28,8,3,6,14,7,8,8.2,6,7,5,7,-0.14,6,4,6,115,2,5,7,Medium
3073,25,5,3,87,43,7,7,6,17,8,2,16.6,8,7,4,10,0.74,6,8,6,108,5,5,8,Medium
3074,46,10,6,84,51,6,9,9,16,10,7,17.3,10,8,6,10,0.53,4,7,7,108,1,7,7,High
3075,31,7,4,99,38,7,7,8,15,9,8,16.7,7,7,7,9,0.6,7,8,7,133,3,7,8,High
3076,42,9,5,100,39,10,8,9,14,9,9,16.7,10,10,7,8,0.98,6,9,9,140,1,8,7,High
3077,41,5,3,95,44,5,7,4,8,4,6,12.9,10,5,7,8,0.15,7,6,3,129,3,4,9,Medium
3078,33,6,3,69,45,8,2,5,10,9,7,13.0,4,2,8,6,0.31,6,5,4,119,3,4,5,Medium
3079,54,7,2,100,39,9,10,10,16,9,9,8.8,8,9,10,8,0.74,8,8,8,156,3,9,8,High
3080,58,10,5,81,35,8,9,9,16,9,9,15.4,7,7,8,7,0.75,7,7,5,140,3,9,9,High
3081,27,4,2,22,35,4,4,4,7,7,6,12.8,3,3,3,3,-0.36,1,4,3,93,7,5,8,Low
3082,32,2,0,61,24,6,4,6,11,4,5,7.8,6,6,7,9,-0.05,3,5,8,89,7,4,7,Low
3083,43,5,2,61,35,8,5,7,11,5,6,9.4,6,8,7,9,-0.06,5,9,7,127,5,8,8,Medium
3084,53,7,2,91,45,9,8,9,16,7,10,14.9,8,8,8,8,0.54,7,8,7,140,3,8,9,High
3085,49,7,3,97,44,7,6,7,14,7,8,13.4,7,6,5,5,0.0,5,7,9,106,4,6,5,Medium
3086,61,5,1,82,37,6,8,10,12,7,7,13.5,8,8,3,7,0.59,6,10,8,114,4,7,6,Medium
3087,30,4,3,62,34,5,4,4,2,7,3,6.0,6,2,4,8,-0.19,7,6,6,86,8,6,4,Low
3088,39,8,2,83,38,9,4,5,16,6,5,14.3,5,8,5,8,0.81,6,8,3,114,2,4,6,Medium
3089,51,7,2,100,39,7,8,9,16,8,7,16.9,8,10,8,9,1.0,8,8,8,138,0,6,8,High
3090,33,5,4,74,49,5,8,6,12,8,7,4.2,5,5,5,6,0.46,8,4,5,133,6,8,6,Medium
3091,44,9,2,82,39,8,7,8,14,8,9,16.1,10,9,5,6,1.0,6,8,7,105,2,10,9,High
3092,49,9,4,88,45,9,8,10,14,9,10,18.0,10,8,8,10,0.84,7,6,7,105,3,7,8,High
3093,41,6,2,59,39,7,3,8,12,9,8,15.9,4,7,6,5,0.08,6,8,6,133,3,5,2,Medium
3094,34,6,0,64,37,8,6,7,11,7,6,13.9,8,6,2,8,0.15,6,8,3,127,3,3,7,Medium
3095,37,6,2,83,41,8,5,7,11,3,5,12.9,6,7,6,8,0.09,10,4,8,97,4,4,7,Medium
3096,43,8,4,82,55,10,8,6,19,10,9,17.7,8,8,8,7,0.55,7,7,8,131,3,7,8,High
3097,35,5,1,53,40,6,4,6,8,5,5,8.7,8,8,6,5,-0.13,6,7,6,122,7,1,8,Medium
3098,60,6,1,51,45,8,5,9,15,4,7,9.0,6,7,4,5,0.16,6,4,5,104,1,8,6,Medium
3099,46,10,6,100,52,10,7,9,23,5,10,19.7,10,10,7,9,0.65,7,8,7,149,1,7,7,High
3100,40,7,2,61,45,8,6,7,12,8,4,11.6,7,6,7,7,0.29,3,5,5,129,7,9,8,Medium
3101,51,7,7,89,36,9,9,10,17,8,10,14.8,8,8,10,8,0.6,9,9,9,135,1,8,10,High
3102,47,8,2,68,47,8,5,9,16,7,7,19.1,5,8,7,10,0.29,7,7,5,132,4,2,7,Medium
3103,34,4,1,42,21,6,4,3,7,4,6,8.0,7,6,4,5,-0.27,4,8,1,94,4,5,6,Low
3104,43,4,2,80,39,7,7,5,10,4,4,12.1,5,4,6,9,0.33,7,2,4,97,3,4,6,Medium
3105,47,7,3,88,44,8,7,7,14,7,8,19.6,10,10,7,7,1.0,9,8,10,120,3,8,7,High
3106,32,9,3,69,46,8,6,7,13,7,8,11.9,9,7,5,9,0.46,9,8,4,122,9,9,8,Medium
3107,45,9,3,70,44,10,9,10,21,9,9,14.1,10,10,6,7,0.59,9,8,9,127,2,9,6,High
3108,55,10,2,100,38,9,9,10,12,8,9,18.7,9,8,10,8,0.66,7,7,7,129,3,10,9,High
3109,47,3,2,44,38,6,6,5,8,5,6,12.9,5,6,6,8,-0.12,3,6,7,109,4,5,7,Medium
3110,61,10,2,87,41,9,7,8,20,8,7,18.3,9,8,9,10,0.96,10,9,8,139,1,8,10,High
3111,35,4,1,70,37,2,3,3,11,5,1,3.5,5,4,4,6,0.16,7,4,7,74,4,2,5,Low
3112,32,6,0,80,41,8,8,8,17,7,7,9.0,7,6,7,7,0.24,6,6,2,119,2,1,4,Medium
3113,30,5,2,77,37,5,1,1,8,9,2,13.8,2,2,1,6,-0.09,3,2,6,69,5,2,6,Low
3114,48,6,6,98,52,10,9,8,15,8,8,22.4,8,10,7,10,0.96,8,10,6,158,3,7,9,High
3115,38,8,2,61,36,6,6,6,12,4,8,7.9,5,8,8,4,0.25,7,10,8,139,7,7,7,Medium
3116,35,5,0,54,34,6,3,5,11,4,4,8.3,6,1,4,5,0.1,4,4,4,101,9,4,3,Low
3117,48,6,3,92,45,7,6,7,17,5,6,15.5,8,9,5,8,0.32,7,5,7,86,7,3,7,Medium
3118,52,3,3,56,43,8,7,5,10,3,5,11.9,7,6,5,8,0.39,7,3,5,110,3,8,5,Medium
3119,22,4,2,44,36,7,3,8,6,4,5,6.6,4,4,3,9,-0.29,5,3,5,82,7,5,7,Low
3120,52,9,4,78,40,9,9,7,13,8,7,22.9,8,9,7,9,1.0,6,10,7,149,5,9,10,High
3121,49,9,5,91,38,8,9,8,15,7,9,16.6,9,9,6,9,0.49,9,6,10,142,3,9,8,High
3122,46,7,2,73,43,7,6,5,10,8,9,14.7,6,6,4,8,0.41,7,7,5,105,2,8,7,Medium
3123,45,8,3,95,25,9,8,10,22,10,7,17.3,8,9,9,10,0.54,8,9,9,141,2,10,8,High
3124,33,7,3,56,42,5,4,6,16,5,5,17.4,7,7,4,9,-0.06,8,7,4,112,8,6,9,Medium
3125,58,9,3,100,42,6,9,8,11,6,9,16.0,8,6,7,7,0.67,8,8,6,144,3,7,8,High
3126,36,5,3,93,34,9,4,4,12,7,7,14.9,4,4,8,7,0.33,7,6,4,109,1,6,7,Medium
3127,37,9,2,84,33,9,4,7,9,7,6,8.1,7,8,7,7,-0.02,6,5,7,129,6,6,5,Medium
3128,32,3,2,15,33,3,5,2,5,4,5,4.0,5,5,5,7,-0.22,6,3,3,60,7,4,3,Low
3129,49,8,6,78,43,10,9,8,14,10,10,16.7,9,7,10,10,0.39,10,10,9,147,1,10,10,High
3130,24,7,2,71,45,6,5,9,13,7,8,9.7,6,4,4,7,0.02,7,5,7,120,3,10,6,Medium
3131,38,6,0,46,28,2,5,4,14,1,2,8.7,5,4,3,4,-0.39,5,4,2,109,6,4,8,Low
3132,26,6,1,60,39,5,3,7,6,4,3,2.0,4,2,3,7,0.26,4,7,8,83,5,6,5,Low
3133,23,7,3,79,54,4,7,6,14,9,6,13.4,6,5,6,7,0.4,4,5,5,129,3,8,6,Medium
3134,39,5,3,82,52,6,7,8,10,6,5,15.6,5,7,7,8,0.35,8,6,6,129,5,8,5,Medium
3135,46,8,2,100,43,6,8,9,20,8,9,18.7,9,7,10,7,0.49,7,8,8,111,3,7,9,High
3136,55,10,4,85,44,10,9,8,16,7,10,12.9,8,9,8,8,0.91,6,7,6,130,3,6,9,High
3137,21,4,1,44,34,7,2,5,6,4,4,8.8,3,1,6,8,-0.07,7,2,4,96,4,3,3,Low
3138,56,9,3,96,43,9,8,9,16,9,6,14.5,8,7,7,9,0.39,10,9,9,146,3,8,10,High
3139,24,5,0,29,38,5,5,7,8,2,6,4.2,4,3,4,1,0.03,4,6,2,84,5,6,5,Low
3140,50,9,5,93,43,7,9,7,18,8,8,10.5,10,9,8,10,0.83,10,8,7,138,3,8,8,High
3141,57,10,2,91,37,8,7,9,14,8,8,17.4,8,7,10,6,0.93,8,9,8,140,1,7,9,High
3142,38,8,3,80,35,7,5,8,14,6,6,11.6,6,7,5,6,0.22,4,6,6,132,7,7,7,Medium
3143,43,8,4,85,48,9,10,9,15,8,10,13.2,8,9,8,6,0.78,6,9,8,140,3,5,9,High
3144,25,7,0,78,48,7,6,6,16,8,6,6.6,8,7,4,4,-0.26,8,8,5,132,4,3,6,Medium
3145,49,5,1,67,41,7,7,6,9,6,9,3.6,7,6,5,9,0.52,6,5,9,128,6,7,7,Medium
3146,52,8,2,69,54,10,7,7,17,9,7,17.2,6,9,9,10,0.43,8,7,7,106,1,9,8,High
3147,37,6,2,76,32,2,4,4,15,7,8,9.7,7,7,6,8,0.21,7,4,5,101,4,6,9,Medium
3148,48,7,2,82,38,8,5,8,10,7,4,17.4,5,5,8,7,0.38,10,8,7,132,2,2,8,Medium
3149,51,3,2,67,47,8,5,4,15,7,5,10.6,5,7,7,8,0.33,2,7,4,115,5,5,6,Medium
3150,60,6,4,93,43,9,5,10,15,8,7,18.7,10,9,10,7,0.27,9,6,10,154,4,5,7,High
3151,40,6,2,96,48,7,6,6,13,8,6,12.6,8,4,8,7,0.12,6,4,7,113,8,7,7,Medium
3152,24,5,1,66,39,3,6,5,10,2,7,6.0,5,3,1,4,-0.02,4,5,1,91,7,4,7,Low
3153,56,9,3,85,33,9,7,10,15,8,10,22.3,9,9,4,9,0.67,8,9,5,127,2,8,8,High
3154,47,8,3,85,39,8,9,8,18,10,7,13.1,9,9,6,8,0.61,8,7,7,118,3,8,10,High
3155,31,5,2,79,26,6,3,6,8,5,4,7.3,7,4,2,6,-0.0,4,4,6,69,9,3,6,Low
3156,32,8,0,74,39,8,8,5,10,7,6,7.5,6,7,7,7,0.23,5,4,9,137,6,7,8,Medium
3157,28,3,1,77,34,2,4,1,9,5,6,4.9,3,7,1,3,-0.26,3,5,1,97,10,5,3,Low
3158,24,6,1,59,35,6,9,7,17,7,4,12.0,7,6,3,9,0.39,3,4,6,124,4,8,6,Medium
3159,25,3,1,61,35,6,4,7,11,4,7,11.9,7,6,4,4,0.06,5,7,6,118,4,6,7,Medium
3160,59,6,4,100,47,9,10,9,18,8,8,17.2,10,10,9,9,0.86,8,8,7,136,2,9,7,High
3161,40,5,1,62,41,8,4,8,10,7,9,12.2,4,5,5,6,0.23,5,5,8,115,5,7,8,Medium
3162,32,6,0,64,42,3,6,4,12,6,3,7.9,8,6,5,9,-0.06,6,2,6,125,4,4,6,Medium
3163,50,7,4,63,44,6,3,7,13,8,6,9.7,8,9,7,8,0.62,8,7,5,123,4,6,7,Medium
3164,60,9,5,82,36,7,8,6,23,9,10,14.7,8,10,7,7,0.67,7,9,10,132,2,7,8,High
3165,36,7,1,64,40,6,5,10,13,7,10,16.4,6,5,4,5,0.28,8,6,8,109,4,7,5,Medium
3166,59,10,2,79,35,10,8,8,20,9,10,19.3,9,10,9,10,0.36,8,8,5,150,2,10,9,High
3167,44,7,1,70,37,6,5,5,5,6,6,9.8,5,7,3,7,0.13,2,5,6,104,4,6,8,Medium
3168,28,6,0,72,24,7,2,5,9,6,5,6.1,6,3,3,4,0.01,5,5,3,76,5,2,5,Low
3169,44,7,0,51,41,5,6,5,7,7,8,12.8,6,7,3,7,0.32,7,8,7,106,4,4,8,Medium
3170,51,6,1,86,38,6,6,8,14,8,6,9.2,8,8,5,4,0.61,2,7,4,117,6,7,5,Medium
3171,34,4,4,75,37,8,4,6,13,6,4,14.2,5,5,5,5,0.18,7,4,6,109,3,5,9,Medium
3172,34,5,1,41,29,5,2,5,11,6,5,3.4,1,4,2,7,0.27,3,5,1,78,5,4,1,Low
3173,34,8,2,31,30,5,5,4,4,10,5,11.3,8,3,2,5,-0.38,5,3,2,79,11,6,3,Low
3174,68,10,7,85,39,8,9,9,17,10,7,15.6,8,9,8,7,0.73,9,8,9,129,1,9,8,High
3175,42,6,1,81,37,7,5,6,11,7,6,12.1,8,8,6,6,0.22,5,5,7,115,3,9,7,Medium
3176,44,8,4,100,38,8,7,7,18,10,7,17.0,9,7,9,6,0.61,8,9,8,117,1,7,9,High
3177,39,6,2,73,44,6,5,6,12,6,7,12.1,7,9,5,7,0.62,5,7,7,130,1,4,7,Medium
3178,42,9,2,59,38,5,5,8,7,7,5,14.6,6,7,3,8,-0.08,7,4,9,120,4,4,5,Medium
3179,31,6,2,68,26,9,7,5,14,8,5,12.4,5,5,4,8,0.63,4,7,7,100,7,3,8,Medium
3180,48,5,5,71,44,7,5,5,17,6,9,11.4,8,6,7,5,-0.16,5,5,2,139,4,9,8,Medium
3181,26,3,2,65,42,9,3,7,11,7,9,11.8,6,8,5,4,0.89,4,9,8,108,7,4,7,Medium
3182,41,9,2,72,35,5,6,6,8,8,7,9.7,6,8,4,7,0.38,9,6,8,119,4,5,8,Medium
3183,36,2,3,44,38,6,3,4,9,5,2,6.3,7,1,4,5,-0.2,6,5,3,105,4,6,3,Low
3184,51,7,3,69,37,7,4,7,11,6,6,15.0,5,7,7,4,0.3,8,5,7,128,3,10,8,Medium
3185,39,5,0,76,36,6,7,7,11,9,5,11.0,6,7,5,7,0.28,4,8,3,125,6,5,6,Medium
3186,49,9,1,81,41,7,7,9,21,8,8,14.9,8,9,9,9,1.0,10,6,6,156,2,6,9,High
3187,50,9,2,78,44,8,9,10,15,9,10,18.5,9,9,6,9,0.84,9,7,7,137,2,7,8,High
3188,52,9,4,76,46,8,7,9,15,9,9,14.9,9,9,6,6,0.85,9,10,8,165,4,9,10,High
3189,58,8,6,75,37,9,7,10,17,10,9,19.6,9,9,10,7,0.47,8,7,8,126,1,7,10,High
3190,44,7,4,81,31,5,5,6,11,7,9,11.7,6,7,5,5,0.3,8,8,5,139,1,7,7,Medium
3191,36,5,3,77,36,6,5,8,15,6,8,8.7,7,8,9,6,0.31,8,7,6,118,4,5,4,Medium
3192,51,10,3,78,41,8,9,9,17,8,8,20.2,7,9,9,9,0.68,9,8,10,171,1,8,10,High
3193,36,6,2,82,37,7,7,6,10,8,6,12.6,4,7,8,6,0.07,3,4,5,115,4,6,2,Medium
3194,37,6,0,85,42,6,7,7,18,8,6,11.5,9,8,6,6,0.21,8,6,5,114,5,5,9,Medium
3195,19,3,0,58,35,4,1,4,4,4,4,11.0,4,6,4,5,-0.04,1,5,6,68,6,2,3,Low
3196,42,6,3,83,39,6,6,5,10,10,5,11.3,10,6,4,3,0.22,5,7,8,121,5,7,7,Medium
3197,51,8,0,100,44,8,3,4,15,6,8,15.2,6,8,3,7,0.23,6,5,4,105,2,7,7,Medium
3198,52,7,3,90,40,9,10,8,22,6,10,22.6,9,7,8,8,0.89,7,8,8,110,1,7,10,High
3199,25,7,2,55,47,6,4,7,13,7,6,9.4,7,9,5,6,0.63,4,5,7,125,4,4,7,Medium
3200,31,6,0,58,30,6,8,8,10,8,5,9.7,4,6,5,4,0.03,7,5,9,122,4,5,7,Medium
3201,53,7,1,79,45,10,7,10,18,9,9,19.4,8,8,6,9,0.76,9,6,5,140,3,7,8,High
3202,33,4,1,51,41,4,4,6,10,4,2,9.4,5,4,5,6,-0.1,2,8,1,103,8,5,2,Low
3203,41,5,2,61,45,5,4,5,10,7,5,9.2,6,9,5,4,0.01,6,4,5,115,4,5,5,Medium
3204,28,4,2,67,38,5,6,6,10,4,4,6.9,5,2,3,3,0.03,3,5,4,101,6,2,2,Low
3205,61,10,5,100,48,8,7,8,20,7,9,19.1,8,8,8,8,0.56,7,9,9,150,1,9,7,High
3206,55,8,4,93,46,9,8,8,20,9,10,18.3,10,8,4,8,0.94,9,8,8,155,2,10,9,High
3207,41,6,3,87,47,7,4,7,9,8,6,15.4,3,8,8,5,0.2,8,5,6,104,2,8,7,Medium
3208,51,8,3,76,38,9,10,7,18,8,5,18.6,8,10,8,8,1.0,7,9,7,141,0,9,8,High
3209,44,8,2,72,43,8,7,6,12,8,7,13.4,9,5,6,8,0.03,8,6,7,105,1,8,6,Medium
3210,50,7,2,100,41,8,8,8,20,8,8,10.7,8,8,10,8,0.7,10,8,10,132,3,7,5,High
3211,63,8,4,99,45,6,6,10,21,8,9,14.5,8,7,7,7,0.48,10,10,10,149,1,6,10,High
3212,54,9,4,65,46,8,8,7,18,10,9,21.5,10,8,10,7,0.89,8,8,9,121,1,6,9,High
3213,29,5,2,54,34,5,5,2,7,5,5,9.5,4,5,4,5,-0.36,4,2,1,86,3,5,3,Low
3214,51,10,1,93,32,9,6,9,18,10,8,13.2,8,9,10,7,0.82,9,10,10,148,2,10,8,High
3215,54,8,4,92,50,5,7,10,20,10,8,20.0,9,10,8,9,0.98,8,5,9,116,0,7,9,High
3216,38,7,3,53,44,8,5,6,7,7,4,13.1,5,8,9,6,0.19,5,8,7,116,6,6,6,Medium
3217,41,9,5,100,43,7,7,7,18,6,9,18.0,8,9,7,8,0.79,7,6,7,137,0,10,9,High
3218,36,6,2,77,44,4,6,5,12,7,7,9.1,8,8,5,7,0.22,5,5,6,119,6,7,8,Medium
3219,44,7,0,77,41,8,9,10,20,9,9,21.5,9,8,8,8,0.77,7,9,9,127,2,9,6,High
3220,31,5,1,74,39,6,2,3,10,6,5,2.5,6,4,7,6,-0.29,1,3,1,80,5,4,6,Low
3221,51,10,1,83,32,9,6,9,17,10,9,20.4,10,9,7,8,0.33,8,8,7,123,2,9,6,High
3222,34,7,3,89,35,8,6,6,7,7,4,11.8,8,5,8,3,0.26,5,7,7,133,8,4,10,Medium
3223,22,6,1,29,30,6,2,5,6,7,6,6.7,6,2,5,4,0.17,2,9,5,79,7,6,4,Low
3224,34,10,3,75,42,5,5,6,20,8,8,11.8,7,6,4,8,0.02,4,6,6,88,3,6,6,Medium
3225,38,5,1,44,37,6,4,3,8,8,5,3.6,1,3,3,3,-0.49,3,1,4,117,7,7,5,Low
3226,33,5,3,52,47,6,4,5,16,6,6,12.3,6,8,3,3,0.33,10,9,4,122,3,9,5,Medium
3227,51,4,2,67,41,9,5,5,14,5,4,8.6,6,6,5,4,-0.5,8,7,5,123,6,5,9,Medium
3228,33,5,2,50,44,7,4,5,9,5,6,14.9,7,7,8,8,0.6,6,5,6,142,5,4,7,Medium
3229,39,3,3,52,46,4,4,7,13,7,8,14.8,7,8,2,6,0.01,3,3,5,107,1,5,3,Medium
3230,40,8,3,50,38,4,4,5,8,9,5,9.8,6,4,7,4,0.31,7,7,4,110,3,3,4,Medium
3231,46,9,3,100,37,9,8,9,16,8,9,20.1,10,7,8,9,0.58,8,8,7,150,0,8,9,High
3232,23,2,0,63,34,6,5,7,9,5,2,9.3,4,3,6,3,0.09,8,5,5,98,12,5,8,Low
3233,61,8,3,100,47,10,10,7,22,9,9,21.4,10,8,8,10,0.87,9,7,7,131,3,8,7,High
3234,66,6,6,98,47,9,10,7,18,8,9,20.4,8,10,8,9,0.96,5,9,6,130,2,9,8,High
3235,44,6,4,46,31,5,7,9,10,4,8,11.4,8,6,3,8,0.16,6,8,8,107,5,5,4,Medium
3236,47,9,2,66,33,6,5,7,8,6,5,11.3,9,9,4,6,0.63,7,5,5,93,1,9,7,Medium
3237,54,7,4,70,57,9,8,9,20,10,8,18.3,8,8,8,10,1.0,9,4,7,130,4,7,7,High
3238,26,2,2,71,34,5,3,2,6,5,7,3.9,4,6,4,5,-0.27,5,1,5,78,5,4,6,Low
3239,27,5,3,39,42,2,3,7,7,4,5,7.5,5,5,2,3,-0.23,3,2,1,102,10,3,3,Low
3240,37,6,2,50,41,6,2,6,14,6,7,9.9,8,7,7,8,0.28,6,4,8,122,6,4,10,Medium
3241,46,9,4,100,44,7,6,9,18,10,9,15.4,7,8,6,10,0.71,4,5,10,157,1,7,10,High
3242,33,2,1,49,39,3,2,7,5,3,5,4.6,3,7,4,8,0.03,4,6,7,97,10,5,2,Low
3243,52,6,3,76,45,7,5,8,12,6,8,6.8,9,6,1,5,0.25,7,4,6,97,4,4,5,Medium
3244,35,9,0,100,46,7,7,8,12,8,7,15.7,10,9,7,9,0.61,9,9,7,119,1,7,10,High
3245,48,9,5,89,42,8,9,6,14,8,6,18.6,9,7,9,7,0.58,10,9,8,135,0,10,10,High
3246,47,7,2,63,47,7,8,6,5,10,5,11.5,5,6,5,5,0.14,6,8,6,130,4,5,10,Medium
3247,31,7,1,13,33,1,5,4,6,3,4,9.0,3,5,1,5,-0.28,5,1,6,63,7,4,5,Low
3248,47,9,1,100,41,7,10,6,18,9,7,21.7,8,8,6,8,0.64,9,8,10,146,1,10,7,High
3249,40,9,2,60,40,9,7,7,11,7,6,12.6,8,5,4,7,0.36,7,5,7,102,2,7,6,Medium
3250,28,2,1,45,26,6,2,1,6,3,6,8.7,3,1,4,4,-0.02,4,6,4,95,5,3,6,Low
3251,25,3,1,63,35,3,5,7,5,3,3,5.3,4,2,5,6,-0.1,2,6,3,60,4,4,6,Low
3252,56,8,3,83,38,8,9,8,14,9,9,13.2,10,8,8,7,0.81,7,10,8,138,5,8,10,High
3253,39,5,2,100,44,6,5,8,16,8,5,14.6,6,8,5,8,0.44,5,5,3,112,5,4,9,Medium
3254,46,10,4,67,40,9,7,10,19,9,7,17.5,9,8,8,8,0.79,8,7,10,133,3,9,9,High
3255,46,9,5,82,43,8,7,10,15,7,7,17.6,9,6,5,9,0.72,6,7,10,125,3,10,7,High
3256,40,8,1,79,38,6,6,7,12,7,5,15.1,9,5,6,7,0.06,5,7,5,124,2,10,5,Medium
3257,31,8,1,88,37,7,6,8,13,5,8,14.9,3,4,6,6,0.34,6,2,4,108,4,7,7,Medium
3258,51,5,0,89,34,8,9,6,20,7,8,9.5,5,8,8,6,0.21,4,6,5,115,6,4,6,Medium
3259,34,3,3,66,50,7,6,5,10,7,5,7.9,8,6,3,7,0.23,8,9,4,121,8,4,6,Medium
3260,37,8,2,66,44,10,6,10,17,10,9,9.7,8,6,6,7,0.69,5,6,7,99,0,6,9,Medium
3261,55,10,2,79,45,7,8,10,14,9,8,18.3,9,9,9,8,0.48,7,7,8,99,0,5,8,High
3262,40,5,2,99,45,7,6,7,10,7,7,20.9,7,7,7,10,0.26,5,5,5,122,4,3,7,Medium
3263,43,10,4,98,46,10,10,10,17,10,10,14.7,9,10,7,8,0.64,9,7,9,142,5,5,8,High
3264,34,3,3,75,51,9,4,6,14,6,5,10.8,9,7,5,6,-0.13,4,10,6,120,4,7,7,Medium
3265,40,6,4,66,41,7,7,7,9,7,7,9.1,8,4,4,3,0.46,9,8,6,118,2,8,6,Medium
3266,45,9,1,67,48,9,7,5,3,4,5,17.3,8,7,3,7,0.12,7,4,6,95,4,9,6,Medium
3267,29,6,0,76,33,6,7,7,12,7,7,10.7,5,7,4,6,0.49,3,9,7,121,2,7,7,Medium
3268,39,9,4,85,39,10,9,10,17,9,10,16.1,7,10,7,10,0.83,7,8,6,123,2,8,9,High
3269,34,5,4,71,41,9,5,8,15,7,6,16.9,7,7,5,7,0.09,5,7,6,113,3,5,9,Medium
3270,34,5,3,56,40,6,5,6,9,6,6,11.2,6,6,4,7,0.17,9,4,10,89,5,10,6,Medium
3271,26,2,1,95,29,3,4,5,11,3,5,10.2,4,2,3,4,0.15,3,1,6,96,6,2,6,Low
3272,46,5,2,59,37,6,7,5,14,7,5,15.8,6,10,10,8,0.32,7,7,5,147,3,8,9,Medium
3273,35,4,2,61,43,7,7,8,10,5,8,11.1,5,8,5,6,0.16,5,6,8,97,1,4,10,Medium
3274,37,4,3,63,44,5,7,8,15,5,5,17.8,6,8,5,5,0.22,10,6,7,118,1,6,7,Medium
3275,42,9,1,63,39,8,8,8,17,10,8,16.4,8,9,10,9,0.72,10,10,10,111,3,9,9,High
3276,45,6,2,99,46,5,2,7,14,9,7,13.9,7,7,8,7,0.42,6,7,4,127,5,8,8,Medium
3277,44,8,4,82,37,9,7,8,21,8,7,18.6,10,7,5,9,0.6,7,6,8,133,1,6,8,High
3278,45,6,4,42,35,7,6,7,14,7,4,11.2,8,7,2,7,0.12,7,9,7,134,6,5,2,Medium
3279,35,6,2,91,38,7,6,6,10,6,5,10.4,8,7,5,5,0.2,6,7,8,135,8,6,10,Medium
3280,38,3,1,80,42,1,5,7,5,6,2,3.8,2,4,5,5,-0.33,3,5,2,84,9,4,5,Low
3281,37,7,2,80,39,7,6,6,9,8,9,12.6,5,5,5,6,0.46,8,4,9,119,6,8,7,Medium
3282,51,6,3,77,41,5,7,6,15,5,6,10.4,7,10,5,7,0.04,3,3,9,143,5,6,4,Medium
3283,55,5,3,66,40,8,5,5,10,8,7,8.5,6,5,7,6,0.62,3,6,6,126,5,6,2,Medium
3284,42,4,2,44,41,6,5,6,6,7,5,7.7,3,6,1,5,-0.3,4,6,3,108,0,4,2,Low
3285,41,2,1,63,34,3,5,4,9,6,4,2.5,7,7,2,2,-0.33,3,2,5,105,4,3,3,Low
3286,28,4,0,66,41,5,4,7,12,8,5,7.4,5,4,7,6,-0.14,5,6,4,101,3,8,6,Medium
3287,52,7,3,88,46,10,5,9,16,10,8,14.8,10,9,9,9,0.41,5,9,5,150,4,6,8,High
3288,42,7,3,75,44,4,8,10,16,8,7,12.2,7,5,4,8,0.21,8,5,9,137,3,6,6,Medium
3289,41,8,2,81,40,5,6,7,10,7,7,11.8,4,8,8,10,0.38,6,9,10,129,5,5,8,Medium
3290,30,6,3,43,40,2,6,1,3,4,3,7.6,7,4,1,7,-0.2,6,5,4,92,9,2,5,Low
3291,39,5,2,46,43,7,6,6,14,8,4,8.3,3,8,6,5,0.32,10,5,7,128,4,2,5,Medium
3292,38,8,1,72,39,8,6,6,15,6,5,9.4,5,7,7,5,0.38,5,5,7,135,6,2,3,Medium
3293,41,3,0,57,48,6,4,6,15,8,7,14.7,7,6,7,9,0.16,5,5,7,127,5,7,7,Medium
3294,28,6,1,68,45,6,6,7,15,4,7,9.0,4,5,7,9,0.49,7,3,1,120,4,7,9,Medium
3295,38,3,0,49,40,10,5,6,11,3,3,7.6,6,8,5,4,-0.01,7,7,1,98,8,7,5,Low
3296,25,3,1,75,38,1,5,6,9,5,5,10.3,7,3,2,6,-0.49,3,3,9,71,7,5,7,Low
3297,39,5,2,100,44,6,8,2,6,9,6,12.4,4,4,6,7,-0.26,6,6,6,139,4,6,8,Medium
3298,43,4,3,35,36,3,4,7,7,1,3,10.6,4,7,2,2,0.03,6,1,3,85,5,6,6,Low
3299,33,3,2,85,44,4,4,7,6,6,6,7.2,4,2,3,7,-0.03,3,4,3,97,3,4,2,Low
3300,51,5,2,70,40,8,5,8,14,7,5,14.1,7,8,4,5,0.04,6,6,7,109,4,7,6,Medium
3301,46,9,2,63,40,9,7,10,17,10,9,13.6,10,6,9,8,0.56,9,7,8,128,3,8,7,High
3302,36,6,1,75,42,5,6,8,9,5,6,7.8,6,5,8,8,0.48,6,7,5,104,0,8,5,Medium
3303,50,7,4,55,44,3,6,8,8,9,8,12.9,9,5,9,8,-0.23,10,5,5,129,5,7,7,Medium
3304,47,6,2,73,40,8,7,7,11,6,4,10.9,10,8,4,7,0.35,4,3,5,131,3,7,10,Medium
3305,62,9,5,95,34,8,8,10,18,9,8,11.3,9,9,7,7,0.61,9,8,7,134,0,8,9,High
3306,40,5,3,75,41,7,6,6,14,8,8,12.3,5,6,4,10,0.33,4,9,4,121,5,6,9,Medium
3307,19,5,0,71,32,7,3,2,2,3,4,7.1,4,3,1,5,-0.2,4,5,5,76,5,3,7,Low
3308,39,6,0,72,41,9,6,4,8,6,6,14.4,7,6,6,7,0.0,2,5,7,114,4,6,8,Medium
3309,27,3,2,50,36,3,3,7,2,5,1,6.0,5,6,3,1,-0.16,5,1,5,105,12,3,8,Low
3310,41,6,1,92,48,5,8,8,15,5,9,12.5,9,7,7,7,0.43,5,6,7,144,4,4,6,Medium
3311,38,4,3,100,41,5,6,7,14,7,9,17.3,8,8,4,4,0.28,5,6,6,134,6,4,6,Medium
3312,39,8,2,83,39,9,8,9,19,10,9,16.4,8,10,8,9,0.45,8,6,7,153,1,8,8,High
3313,50,6,2,93,41,7,6,5,13,4,8,9.0,5,8,3,6,0.37,4,6,8,104,4,8,6,Medium
3314,41,9,3,87,53,9,9,7,20,9,9,19.6,9,7,8,9,0.41,7,10,8,141,2,7,8,High
3315,54,8,0,82,40,8,9,9,16,8,10,15.4,9,8,9,9,0.57,5,9,10,151,3,10,10,High
3316,35,2,1,65,35,6,2,3,12,6,5,6.9,5,3,4,5,-0.47,4,8,5,108,8,3,4,Low
3317,49,8,2,60,44,9,4,7,11,8,7,13.9,5,5,8,8,0.66,9,6,3,112,6,9,6,Medium
3318,54,6,2,56,32,7,7,7,9,6,7,13.4,7,7,4,3,0.31,7,3,8,109,2,5,8,Medium
3319,35,6,1,87,42,8,2,9,11,6,7,16.2,5,4,7,8,0.2,3,5,6,143,4,6,8,Medium
3320,32,5,1,66,33,5,6,5,12,6,5,10.5,7,6,2,8,0.09,9,7,5,121,5,8,10,Medium
3321,54,9,6,81,48,9,10,7,16,9,9,14.6,7,6,9,10,0.72,7,9,9,128,3,9,6,High
3322,59,8,3,89,28,8,10,9,19,9,10,20.9,8,8,7,8,0.83,8,9,10,153,0,8,9,High
3323,48,8,2,79,48,6,4,7,7,5,9,9.5,7,4,5,6,0.08,4,6,10,142,4,7,5,Medium
3324,35,5,2,62,38,6,6,6,12,6,8,15.3,8,8,5,8,0.53,7,7,6,116,2,8,7,Medium
3325,42,8,5,87,35,7,10,6,16,9,7,15.3,9,8,7,8,0.49,7,7,7,139,1,9,9,High
3326,45,7,4,88,38,9,7,10,22,8,9,17.1,8,10,9,8,0.92,8,8,7,135,3,7,8,High
3327,54,7,5,87,44,5,10,10,14,9,10,18.1,7,8,7,8,0.82,8,9,8,138,0,9,9,High
3328,31,4,1,56,24,4,6,6,13,3,4,7.7,2,4,1,5,0.1,2,3,8,73,9,3,5,Low
3329,44,7,3,76,35,6,2,6,11,6,7,14.6,6,6,3,7,0.22,9,5,8,116,8,9,6,Medium
3330,38,4,0,62,28,5,4,3,4,6,2,8.6,5,5,2,7,-0.32,1,6,4,77,4,2,4,Low
3331,43,4,1,90,30,5,6,5,11,9,6,14.7,6,5,6,7,0.18,6,7,8,100,4,9,6,Medium
3332,20,5,1,39,32,7,3,6,10,3,5,6.9,2,8,5,3,-0.05,5,1,3,78,7,3,5,Low
3333,44,3,3,47,39,7,5,7,11,7,5,15.7,6,7,3,6,0.37,7,8,9,75,3,7,8,Medium
3334,38,6,1,58,45,10,6,7,8,7,4,16.6,7,7,7,5,0.08,4,6,7,134,6,7,8,Medium
3335,31,4,0,66,42,5,4,4,9,3,2,6.5,3,3,4,4,-0.14,4,5,4,92,5,4,3,Low
3336,43,5,2,72,36,5,5,5,13,6,6,13.9,6,7,6,8,-0.36,10,10,5,126,4,4,8,Medium
3337,41,5,3,48,37,5,4,8,8,5,9,11.0,5,6,3,6,0.27,6,7,5,108,2,7,8,Medium
3338,32,7,3,66,46,5,6,8,15,7,7,14.0,5,6,3,7,0.11,6,4,10,99,5,8,5,Medium
3339,33,5,2,69,48,5,3,6,11,6,5,10.0,3,7,3,1,-0.09,4,4,1,111,11,2,2,Low
3340,35,8,2,62,41,5,7,5,11,8,6,7.9,6,7,10,8,0.41,4,8,5,122,2,5,7,Medium
3341,53,9,2,90,30,9,8,8,18,7,9,20.4,10,9,7,10,0.97,8,10,9,157,6,8,9,High
3342,39,6,1,99,26,6,4,3,4,2,6,5.8,6,1,5,4,-0.29,3,2,5,89,4,6,6,Low
3343,41,5,1,79,43,5,4,2,15,5,4,6.3,3,6,5,8,0.05,6,4,4,117,7,4,6,Low
3344,41,4,2,57,42,8,7,5,10,9,8,11.9,4,5,4,6,0.28,2,8,7,127,5,5,5,Medium
3345,48,6,5,86,37,8,8,8,19,10,9,16.8,9,8,9,9,0.89,8,7,4,132,0,9,7,High
3346,42,6,2,72,48,3,5,7,15,6,6,5.0,5,8,7,8,0.2,7,5,6,144,4,9,9,Medium
3347,34,5,3,51,39,8,5,7,13,6,4,14.1,6,8,7,6,0.35,7,6,5,141,4,8,7,Medium
3348,38,4,2,77,47,6,6,5,15,8,3,15.1,6,7,4,8,0.29,2,4,5,111,8,9,6,Medium
3349,46,6,3,93,36,4,5,9,15,5,4,14.2,5,8,7,8,0.04,6,6,9,104,0,6,6,Medium
3350,22,5,0,4,37,4,5,5,10,4,3,4.3,7,6,5,4,-0.01,4,3,3,88,10,4,6,Low
3351,43,7,1,76,40,6,7,6,10,9,9,7.9,7,8,7,6,0.33,7,7,2,121,6,7,8,Medium
3352,61,10,4,83,36,10,10,8,19,8,8,15.6,9,9,7,8,0.36,6,7,8,157,3,6,8,High
3353,37,8,1,87,43,5,2,7,11,6,7,12.9,5,6,5,10,0.16,6,7,6,98,7,8,9,Medium
3354,56,9,7,97,43,9,8,8,15,10,7,17.8,9,9,5,10,0.63,8,10,8,111,3,9,10,High
3355,51,7,3,100,38,10,8,10,15,8,8,12.0,9,8,8,9,0.94,8,9,8,159,3,9,8,High
3356,32,5,0,14,32,7,4,7,8,5,6,10.9,2,6,1,3,0.17,7,10,4,107,6,2,7,Low
3357,57,8,3,97,42,10,7,8,12,7,8,17.4,8,9,6,9,0.74,6,8,6,140,0,10,8,High
3358,26,2,1,30,37,5,6,9,8,4,4,4.4,6,4,1,6,-0.02,4,2,6,71,3,7,4,Low
3359,40,7,4,69,38,7,5,7,13,7,8,10.8,7,5,5,5,0.12,6,6,6,94,5,5,9,Medium
3360,24,4,0,32,50,4,4,6,8,7,2,5.9,2,6,8,5,-0.14,4,6,2,71,3,4,2,Low
3361,31,5,2,75,31,4,2,6,9,1,5,7.6,4,7,4,6,-0.24,3,4,5,64,9,5,5,Low
3362,30,4,4,85,34,8,5,5,12,9,5,14.9,6,4,3,6,0.04,4,5,8,103,4,5,9,Medium
3363,32,1,3,100,36,7,8,5,10,6,7,12.3,8,6,6,5,-0.21,4,4,8,124,2,10,6,Medium
3364,50,5,4,65,44,6,7,5,11,10,7,14.4,7,5,7,7,0.36,5,5,5,132,4,3,7,Medium
3365,47,7,5,84,42,8,6,7,13,8,8,11.7,8,4,5,8,0.29,5,7,7,130,7,9,6,Medium
3366,34,1,3,37,31,3,5,8,7,8,3,8.5,4,2,2,4,-0.12,4,4,4,113,10,7,5,Low
3367,34,7,1,43,25,5,2,4,13,7,7,11.0,4,6,7,5,-0.21,4,1,2,107,3,3,2,Low
3368,43,7,2,77,40,7,6,8,8,5,6,10.7,7,5,5,5,0.36,4,9,5,126,9,7,6,Medium
3369,44,5,1,70,36,6,5,9,16,5,7,12.9,5,5,4,5,0.19,7,5,10,119,4,4,8,Medium
3370,42,9,2,87,29,7,8,8,15,8,9,18.1,10,8,9,9,0.65,10,7,10,162,3,9,8,High
3371,34,5,2,65,42,6,5,9,9,8,6,14.5,5,7,5,8,0.2,6,7,6,92,2,6,7,Medium
3372,65,8,4,86,45,10,10,8,15,9,8,14.0,9,10,10,8,0.66,7,5,7,112,2,8,9,High
3373,44,6,4,81,33,9,7,9,12,5,4,8.6,9,6,8,7,-0.16,4,7,5,89,4,8,10,Medium
3374,31,8,0,70,41,10,2,6,14,6,6,12.1,7,10,6,8,0.11,6,5,4,121,5,4,6,Medium
3375,32,3,2,82,39,6,3,8,13,6,8,12.6,8,6,6,4,-0.1,5,6,6,96,5,7,4,Medium
3376,19,6,2,95,28,6,7,7,19,6,7,14.3,8,6,6,6,-0.13,6,9,5,116,4,7,5,Medium
3377,40,4,2,97,32,6,5,6,9,6,8,12.4,7,5,5,6,0.09,6,9,6,123,4,4,7,Medium
3378,53,8,3,81,39,10,9,8,14,9,6,10.9,9,9,6,8,0.67,9,9,6,125,1,7,9,High
3379,42,6,1,85,40,5,6,5,10,6,8,16.8,8,6,6,6,0.18,7,8,4,98,3,6,6,Medium
3380,54,9,3,100,46,8,9,10,19,8,7,17.0,10,8,8,9,0.7,9,7,9,142,1,7,10,High
3381,55,9,5,66,37,9,8,10,23,9,10,18.4,7,9,10,7,0.46,9,9,8,172,2,5,8,High
3382,38,8,4,92,43,8,8,10,18,8,10,14.8,8,8,10,9,0.51,7,9,10,122,1,7,9,High
3383,48,10,5,54,41,7,10,9,17,7,10,14.7,10,7,6,9,0.95,7,9,10,117,2,6,9,High
3384,37,7,2,84,44,7,7,6,15,8,9,12.2,5,6,6,5,0.54,4,5,9,117,3,6,3,Medium
3385,38,9,2,95,36,7,3,7,15,8,4,7.0,4,5,8,9,-0.2,4,4,8,120,6,5,8,Medium
3386,45,2,0,75,37,6,5,6,12,5,4,10.1,4,6,5,5,0.43,5,5,5,118,4,5,6,Medium
3387,30,7,1,70,39,2,6,8,16,5,8,11.8,6,6,4,3,0.51,4,10,5,134,2,3,7,Medium
3388,47,7,0,70,55,3,5,8,10,6,6,10.4,6,6,10,8,0.9,8,9,4,104,7,9,6,Medium
3389,48,8,3,92,41,9,6,9,17,9,10,14.7,8,8,10,9,0.84,8,9,9,140,0,7,7,High
3390,35,8,2,100,37,5,3,7,12,5,5,11.2,7,4,6,7,0.2,6,5,6,108,3,5,8,Medium
3391,34,5,5,80,45,8,7,8,8,7,8,7.2,7,8,4,8,0.33,7,7,10,104,4,8,7,Medium
3392,35,4,1,38,30,6,5,1,5,4,8,9.3,4,5,2,5,-0.03,5,4,1,96,7,3,5,Low
3393,36,4,1,67,32,9,5,7,10,8,7,11.7,6,8,5,7,0.39,3,4,5,98,1,4,9,Medium
3394,32,1,1,35,24,4,6,5,8,6,1,6.6,7,2,5,8,0.01,6,2,5,85,8,4,4,Low
3395,40,7,4,80,42,9,8,9,20,9,9,14.0,9,8,10,10,0.47,4,8,6,134,3,10,9,High
3396,38,7,2,85,37,7,7,7,13,8,2,15.4,6,5,5,8,0.19,7,6,8,102,3,7,9,Medium
3397,27,2,0,47,36,6,6,5,2,4,6,9.0,5,5,1,5,0.12,6,3,4,97,6,3,3,Low
3398,34,4,1,62,30,3,1,3,8,6,4,7.6,3,5,5,6,0.26,8,6,1,115,6,4,5,Low
3399,36,6,2,66,48,5,4,7,7,7,6,12.5,5,7,7,7,0.37,6,4,8,108,6,4,8,Medium
3400,41,9,3,81,36,5,6,7,16,6,7,15.8,7,8,6,7,0.32,4,6,7,106,1,3,6,Medium
3401,37,5,2,43,33,8,4,8,9,5,7,6.6,7,6,7,7,-0.28,6,7,4,116,3,4,6,Medium
3402,27,2,0,30,42,4,4,4,9,3,3,3.4,5,5,6,4,-0.19,6,6,1,93,5,8,3,Low
3403,30,8,1,100,47,6,3,6,12,6,5,10.6,9,7,7,8,0.53,5,5,4,115,5,10,8,Medium
3404,38,6,2,73,44,8,4,8,15,7,8,11.4,8,7,4,5,0.22,6,7,4,120,3,5,6,Medium
3405,39,5,0,71,25,6,6,9,14,6,7,8.4,6,7,7,5,0.37,5,6,6,130,7,4,9,Medium
3406,42,5,0,76,36,5,7,5,11,7,7,13.8,5,8,8,6,0.02,5,7,8,112,4,3,7,Medium
3407,37,5,2,63,39,7,8,7,12,6,8,9.9,8,6,6,6,-0.35,8,4,10,114,6,7,4,Medium
3408,39,8,2,71,43,9,5,6,8,7,8,11.4,9,6,10,4,-0.18,5,8,6,121,4,8,6,Medium
3409,45,8,4,100,43,8,6,10,15,9,6,14.3,9,7,9,8,0.77,9,5,7,144,1,9,10,High
3410,48,7,2,72,45,5,7,7,10,5,9,13.4,7,6,6,6,0.15,4,6,5,132,6,4,10,Medium
3411,41,7,3,66,48,9,8,7,14,5,9,12.3,7,6,4,7,0.27,6,8,7,130,5,8,7,Medium
3412,26,6,0,47,25,3,4,2,9,9,3,13.9,5,5,5,4,-0.15,6,4,1,79,9,4,5,Low
3413,35,6,2,91,44,7,6,5,12,8,7,11.2,8,7,4,8,0.67,6,3,7,92,5,7,7,Medium
3414,36,4,0,26,32,2,1,5,11,2,6,6.0,2,2,4,4,-0.09,3,1,2,82,5,5,3,Low
3415,46,5,2,67,40,8,5,8,12,3,8,12.8,7,6,7,6,0.31,6,7,3,104,5,4,7,Medium
3416,54,7,5,91,46,8,8,7,18,9,9,22.4,7,7,8,7,0.92,10,7,7,135,0,5,8,High
3417,49,8,3,77,34,8,4,6,20,8,7,11.6,6,6,7,6,0.19,4,8,3,135,5,4,7,Medium
3418,30,3,1,61,36,6,3,3,4,4,2,7.0,6,4,3,4,0.11,5,4,5,112,7,1,4,Low
3419,25,2,0,38,38,6,4,4,11,4,4,12.2,1,1,4,3,-0.15,4,6,4,92,8,3,3,Low
3420,24,6,1,71,44,7,5,9,8,8,6,11.5,8,7,7,5,0.23,4,7,2,136,5,5,7,Medium
3421,47,3,2,53,33,9,4,7,6,5,4,4.2,3,4,5,5,-0.36,3,6,1,78,2,5,5,Low
3422,23,3,0,47,38,5,9,4,7,6,6,8.3,2,3,2,3,-0.06,7,4,5,90,8,2,2,Low
3423,41,9,1,83,29,8,7,8,24,9,9,17.9,9,7,8,7,0.67,7,10,7,155,1,8,9,High
3424,44,7,3,100,46,8,6,6,11,6,7,15.7,8,5,6,6,0.6,8,7,7,116,5,4,5,Medium
3425,56,8,2,82,37,4,5,7,10,7,7,16.2,5,7,6,8,0.41,4,6,5,118,1,4,5,Medium
3426,38,7,5,87,52,7,6,7,8,8,10,17.0,9,10,6,10,0.83,9,10,6,123,2,10,6,High
3427,23,5,0,24,31,5,5,5,7,2,2,6.4,3,4,6,5,-0.34,5,3,4,101,5,6,7,Low
3428,49,8,4,78,43,7,9,9,11,7,7,15.7,10,9,5,8,0.68,8,10,9,120,4,8,8,High
3429,43,5,1,80,46,5,4,8,11,8,7,9.6,8,7,8,6,0.52,4,6,2,99,3,3,7,Medium
3430,60,9,2,91,47,8,9,10,12,9,6,18.4,8,8,9,9,0.66,7,7,9,127,2,8,10,High
3431,42,5,2,71,37,7,7,4,9,8,8,12.6,8,5,9,3,0.41,5,5,7,122,2,5,6,Medium
3432,59,8,3,88,33,5,8,10,17,6,8,14.4,10,8,9,9,0.54,9,7,5,127,0,9,7,High
3433,44,8,5,71,37,10,8,9,11,10,9,14.0,10,8,10,8,0.47,6,7,8,125,1,9,10,High
3434,39,5,2,100,31,7,6,5,10,2,8,11.8,6,4,5,7,0.5,2,5,5,96,3,8,8,Medium
3435,37,10,3,86,40,8,10,7,14,10,8,18.0,9,6,9,8,0.18,8,7,10,104,3,8,7,High
3436,38,7,3,48,40,8,5,4,13,6,5,10.4,7,7,5,7,-0.04,8,2,3,106,4,7,7,Medium
3437,44,9,2,77,41,9,8,7,8,7,6,13.8,8,10,7,7,0.26,5,6,5,122,2,7,6,Medium
3438,48,4,2,71,32,4,4,5,12,6,5,13.1,6,7,6,6,0.47,6,6,5,141,0,6,8,Medium
3439,49,5,2,88,39,7,5,5,12,6,3,11.0,4,8,8,5,0.08,7,7,9,142,4,7,6,Medium
3440,28,4,2,30,30,3,3,5,8,6,5,8.2,3,3,4,4,-0.01,3,2,7,78,6,5,6,Low
3441,44,5,1,55,39,5,3,5,14,7,7,11.4,8,9,8,6,0.21,6,5,8,134,1,7,7,Medium
3442,53,6,1,55,41,6,5,8,13,6,7,11.6,5,8,4,6,0.49,6,5,6,115,5,4,6,Medium
3443,53,10,5,84,47,9,10,10,16,9,7,15.3,10,8,8,8,0.55,6,8,7,137,0,10,10,High
3444,50,8,4,64,46,8,5,7,18,10,10,15.0,8,7,10,8,0.57,7,7,10,140,0,9,10,High
3445,37,7,2,87,34,4,4,5,16,4,6,10.1,6,6,7,6,0.17,6,8,7,98,5,6,8,Medium
3446,29,8,3,90,48,8,5,6,11,8,6,12.8,8,10,9,8,0.28,7,5,7,105,2,8,10,Medium
3447,51,7,1,79,56,8,6,6,7,7,6,11.2,6,2,10,3,0.41,7,6,9,96,4,5,6,Medium
3448,33,4,2,38,35,4,4,6,8,3,5,8.7,4,5,5,5,-0.5,8,5,4,74,8,3,4,Low
3449,25,3,2,32,38,3,3,3,7,4,5,3.8,8,5,5,4,0.08,3,2,10,101,9,4,5,Low
3450,37,3,4,81,47,6,3,5,7,4,7,9.8,3,8,4,6,0.09,6,5,5,137,4,5,6,Medium
3451,34,7,2,85,36,8,5,5,15,9,4,10.6,6,6,5,5,0.19,7,8,3,108,6,8,5,Medium
3452,69,9,4,96,39,9,8,9,17,8,9,18.9,7,8,8,9,0.46,7,7,7,130,2,8,8,High
3453,39,5,1,76,43,9,6,7,11,7,8,15.3,7,8,3,4,-0.12,6,7,6,134,4,6,7,Medium
3454,48,6,3,99,31,6,6,5,10,8,8,13.4,6,9,4,8,0.42,5,5,7,130,4,3,4,Medium
3455,39,8,3,65,43,9,6,6,14,5,5,13.3,7,5,5,6,0.41,8,6,4,110,3,7,8,Medium
3456,23,5,1,51,38,3,4,8,7,4,4,7.0,5,6,3,2,0.28,6,2,4,91,7,1,3,Low
3457,53,6,2,57,39,9,3,7,12,6,8,19.1,4,9,3,7,0.46,5,5,6,108,8,2,8,Medium
3458,33,6,1,57,38,8,4,5,12,9,6,10.0,9,4,2,7,0.36,6,7,6,109,7,3,4,Medium
3459,43,6,3,76,33,8,5,6,14,8,7,7.2,5,5,7,6,0.53,5,5,4,100,1,6,6,Medium
3460,39,7,1,100,43,5,6,6,10,8,6,11.1,9,5,6,7,-0.14,5,9,7,143,5,5,4,Medium
3461,68,9,3,66,45,9,5,9,18,10,9,22.2,9,10,10,10,0.74,8,8,6,141,2,9,8,High
3462,60,7,4,100,47,10,8,10,15,8,6,13.9,8,8,8,7,0.47,8,6,9,141,4,10,9,High
3463,40,7,1,88,33,4,7,7,11,5,7,12.5,8,9,1,6,-0.18,6,7,6,110,2,10,8,Medium
3464,46,2,1,100,44,9,7,5,16,6,5,14.0,6,7,4,10,0.42,4,5,5,118,2,5,5,Medium
3465,45,8,2,66,47,8,7,8,8,5,7,8.7,7,6,5,6,0.11,9,7,7,96,2,9,8,Medium
3466,34,7,2,73,46,7,5,6,14,6,7,7.2,7,9,4,8,0.53,7,3,5,117,7,9,5,Medium
3467,39,8,3,48,47,7,3,7,14,6,4,13.8,6,9,9,7,0.24,3,7,7,98,5,8,5,Medium
3468,33,3,1,70,39,5,5,5,12,6,6,6.3,2,3,5,1,-0.26,1,4,2,91,6,3,5,Low
3469,31,6,0,69,42,6,8,10,12,4,4,13.7,5,8,6,5,0.5,9,7,4,115,5,2,6,Medium
3470,43,6,1,88,34,6,4,5,8,6,7,10.1,9,7,7,8,0.18,9,5,7,124,2,6,6,Medium
3471,40,7,2,65,48,5,7,6,14,7,5,10.3,5,7,7,4,0.11,7,3,4,106,6,5,9,Medium
3472,43,7,2,90,56,7,5,8,15,10,10,19.4,7,8,7,8,0.74,8,8,10,158,2,7,10,High
3473,45,8,5,92,57,9,5,6,19,10,9,16.3,9,9,10,8,0.5,9,7,9,135,4,9,9,High
3474,48,8,4,96,41,7,8,9,16,8,8,14.4,10,10,9,7,0.77,10,7,7,155,1,8,9,High
3475,51,3,3,56,33,6,3,8,14,5,7,11.7,6,7,7,6,0.49,6,4,3,110,5,6,6,Medium
3476,55,6,2,100,37,8,8,10,17,7,7,19.7,9,9,9,10,0.7,6,8,5,165,3,6,10,High
3477,30,7,3,43,21,3,3,4,9,8,5,7.0,3,4,4,5,-0.05,6,3,3,94,5,6,5,Low
3478,54,6,4,99,45,10,7,9,18,7,8,15.2,7,9,7,8,0.82,8,9,8,128,1,7,9,High
3479,35,3,2,55,26,7,2,6,5,5,7,7.7,4,6,5,5,-0.5,3,3,6,94,4,4,5,Low
3480,53,10,5,86,34,8,8,9,17,9,10,20.0,9,7,7,8,0.62,7,7,7,147,1,9,9,High
3481,51,5,4,65,33,3,5,8,15,7,9,11.4,6,5,7,8,0.48,7,7,5,104,4,6,7,Medium
3482,62,9,3,80,44,9,10,9,20,9,8,14.6,10,8,6,10,0.8,10,8,8,138,2,9,8,High
3483,55,9,4,84,46,10,7,9,17,8,9,22.2,9,9,9,8,0.73,8,7,9,140,1,9,8,High
3484,27,6,1,67,29,2,3,6,12,9,5,12.7,6,7,3,3,-0.48,3,4,6,78,8,2,3,Low
3485,30,9,2,29,34,7,1,7,11,9,10,18.0,7,7,4,8,0.84,3,7,4,121,4,6,5,Medium
3486,55,10,4,81,41,9,8,9,18,6,10,17.1,9,8,8,9,0.7,8,10,8,140,2,10,8,High
3487,32,6,2,85,43,5,6,4,10,7,4,17.4,5,7,6,6,0.13,6,5,4,113,2,5,6,Medium
3488,48,8,3,100,50,9,7,9,17,7,9,13.4,10,8,10,10,0.82,7,5,5,131,2,8,10,High
3489,37,6,1,93,39,5,4,6,14,7,5,9.2,7,7,7,6,-0.18,7,4,6,122,2,6,5,Medium
3490,54,6,3,65,46,7,4,8,13,9,8,14.4,5,7,4,6,0.49,7,6,3,118,3,8,4,Medium
3491,40,7,2,44,36,7,5,8,17,5,6,12.5,5,4,6,7,0.42,6,6,10,107,6,5,6,Medium
3492,43,7,3,70,30,8,5,6,14,7,5,11.3,5,4,5,4,0.11,5,5,5,89,0,8,8,Medium
3493,53,10,4,76,35,10,7,8,17,8,6,15.9,8,9,8,9,0.77,8,7,5,143,4,7,7,High
3494,29,5,2,76,37,7,4,6,10,6,4,15.5,7,6,3,7,0.12,5,4,7,117,3,4,7,Medium
3495,42,5,0,83,36,8,5,7,9,7,8,16.5,7,6,7,7,0.08,3,8,5,105,3,8,4,Medium
3496,24,8,0,54,40,10,5,8,8,5,7,14.4,9,5,7,10,0.44,8,8,8,107,7,6,7,Medium
3497,34,6,2,60,41,6,5,9,10,6,8,12.1,6,5,8,7,0.45,7,4,6,112,3,4,8,Medium
3498,56,6,3,72,48,9,8,9,19,9,9,17.3,9,9,8,9,0.62,7,10,7,157,1,10,9,High
3499,44,8,2,88,38,10,7,8,13,10,9,13.0,9,7,10,7,1.0,8,8,6,132,0,6,7,High
3500,34,4,2,69,43,5,4,8,12,7,6,13.5,6,4,4,5,-0.06,8,7,2,89,3,7,6,Medium
3501,62,9,4,96,32,10,9,7,23,10,7,16.8,9,9,8,8,0.63,7,7,6,127,3,7,10,High
3502,48,10,6,78,39,9,7,8,20,10,7,21.5,8,8,10,9,0.71,9,7,7,156,1,9,7,High
3503,28,5,2,71,33,8,4,8,12,5,6,18.7,4,8,1,6,0.32,5,5,7,88,1,6,2,Medium
3504,38,9,3,100,36,9,8,9,14,10,9,16.2,6,8,8,9,0.72,8,9,7,117,4,7,9,High
3505,34,4,2,90,44,7,5,6,12,6,7,12.4,5,8,2,5,0.52,5,6,10,92,0,3,6,Medium
3506,28,3,2,74,33,6,2,5,7,5,5,7.5,7,6,4,6,0.12,4,3,3,78,8,8,6,Low
3507,36,10,4,84,42,8,8,9,16,8,8,11.7,9,9,9,9,0.78,9,10,10,127,1,10,8,High
3508,55,8,2,41,31,4,5,8,13,8,5,15.9,8,3,3,7,0.98,10,5,4,110,4,9,5,Medium
3509,57,7,3,82,42,8,10,6,17,9,8,18.9,8,9,9,10,0.49,8,6,10,160,1,8,10,High
3510,50,8,4,100,30,7,7,7,18,9,9,16.2,9,10,4,8,0.69,7,8,6,149,4,7,9,High
3511,37,3,0,67,40,2,3,2,6,5,4,10.5,4,4,5,5,-0.01,1,6,3,75,11,5,7,Low
3512,43,8,1,100,42,7,10,9,13,9,7,18.7,9,7,9,9,0.84,8,8,10,134,2,10,10,High
3513,44,5,2,55,39,5,7,6,11,4,6,13.5,7,7,5,4,0.22,5,3,9,114,5,8,8,Medium
3514,46,7,2,85,39,7,5,4,10,9,9,17.1,6,6,5,8,0.29,5,8,7,128,4,7,7,Medium
3515,33,5,4,65,35,10,4,5,7,5,7,4.9,5,6,3,7,-0.25,7,2,8,110,4,7,4,Medium
3516,47,5,4,97,43,10,10,8,16,8,8,17.2,10,9,8,9,0.48,10,6,8,120,0,9,7,High
3517,37,5,0,57,36,4,3,4,9,3,5,10.2,5,7,2,4,0.09,4,5,4,82,11,6,6,Low
3518,35,4,6,68,40,6,5,7,14,7,8,14.3,5,8,5,6,0.43,5,6,3,113,6,3,6,Medium
3519,44,9,4,30,35,7,6,7,13,6,5,10.0,7,5,5,7,-0.07,6,8,6,99,6,4,6,Medium
3520,58,7,3,88,40,9,7,9,16,9,8,12.5,9,7,7,7,0.7,8,9,9,141,1,10,9,High
3521,40,8,2,93,42,4,8,9,17,6,9,14.7,5,7,6,6,0.32,4,8,6,97,5,9,6,Medium
3522,26,6,1,72,36,6,4,2,8,4,2,9.0,3,4,2,6,-0.16,1,2,4,107,10,5,4,Low
3523,33,7,4,72,32,7,5,6,12,6,7,13.2,9,6,7,5,0.56,8,7,5,107,3,6,7,Medium
3524,45,4,4,81,44,8,7,5,8,4,7,11.9,6,5,3,7,0.23,6,6,5,137,2,6,6,Medium
3525,50,7,5,94,50,6,10,7,17,9,8,23.1,7,9,10,10,0.5,8,7,9,123,3,8,9,High
3526,36,6,1,91,39,2,6,6,15,7,7,13.6,7,7,4,6,0.31,8,6,6,126,1,2,5,Medium
3527,38,6,1,57,48,7,5,6,13,5,6,15.5,5,6,5,4,0.42,4,6,5,124,5,9,5,Medium
3528,54,6,5,64,34,8,10,9,20,9,10,20.2,10,8,8,8,0.79,8,9,8,155,3,10,7,High
3529,30,4,1,84,35,2,4,6,9,5,1,3.0,4,4,3,4,0.5,1,3,6,76,9,6,4,Low
3530,56,10,4,99,47,8,6,9,17,8,8,17.2,8,7,9,10,0.89,9,7,8,112,4,9,10,High
3531,43,4,2,67,39,6,9,6,7,7,7,8.2,7,6,7,5,0.46,9,5,5,86,6,8,9,Medium
3532,37,8,7,94,39,7,7,8,20,10,10,19.0,9,8,7,7,0.49,6,10,10,136,4,8,10,High
3533,29,4,1,57,43,5,7,4,4,6,6,12.4,8,8,7,4,0.05,5,4,10,124,3,4,6,Medium
3534,40,4,3,29,26,4,3,5,14,3,7,3.9,3,5,5,5,-0.16,1,5,1,73,6,5,1,Low
3535,54,9,5,64,48,8,9,8,16,9,8,14.7,7,10,8,7,0.55,7,10,7,128,3,8,8,High
3536,40,10,4,100,40,8,4,7,18,8,7,15.8,10,9,3,7,0.79,6,7,10,134,5,10,9,High
3537,63,8,4,89,50,8,7,9,15,8,8,19.2,8,8,7,8,0.31,7,7,10,127,3,9,8,High
3538,27,3,1,58,37,4,5,4,10,5,4,10.2,6,5,3,5,-0.16,1,7,5,77,8,1,3,Low
3539,50,9,1,77,42,10,10,9,18,9,10,17.5,8,9,6,6,0.73,10,8,10,122,2,9,10,High
3540,45,10,3,96,36,8,7,8,20,8,9,23.3,8,9,10,9,0.44,9,9,8,167,2,8,8,High
3541,46,8,2,79,34,9,6,9,10,5,5,10.0,8,8,6,6,0.51,10,7,5,120,3,6,7,Medium
3542,50,8,4,96,35,9,7,9,22,10,7,14.8,7,9,7,8,0.8,10,7,7,173,0,8,8,High
3543,40,10,3,86,35,8,10,8,17,10,7,17.6,10,7,8,9,1.0,5,7,9,130,2,6,8,High
3544,40,5,2,56,36,5,6,7,8,7,5,10.1,7,7,6,8,0.35,4,9,8,119,4,2,9,Medium
3545,41,4,2,57,44,3,5,3,7,4,5,4.4,6,2,2,5,0.14,6,8,6,85,12,5,4,Low
3546,37,5,0,73,45,7,6,9,11,7,6,10.5,8,6,5,5,-0.08,1,6,8,134,6,5,9,Medium
3547,21,8,1,35,30,5,5,2,9,4,6,9.7,2,5,3,6,-0.5,6,4,5,60,6,3,8,Low
3548,40,3,2,42,42,6,9,9,10,6,7,14.3,6,8,7,6,0.36,8,7,8,118,5,6,8,Medium
3549,40,8,1,62,36,5,9,8,13,5,6,13.2,10,7,7,6,0.49,5,7,6,125,0,8,9,Medium
3550,28,3,0,60,27,3,3,6,7,6,7,2.0,8,1,5,4,-0.5,2,9,2,88,9,6,7,Low
3551,47,4,3,81,35,8,7,8,8,3,7,9.3,7,5,5,7,0.56,4,9,7,94,1,6,5,Medium
3552,28,1,1,80,31,4,2,7,7,6,5,6.6,6,3,3,4,0.0,6,7,3,90,7,6,2,Low
3553,42,9,5,100,37,7,7,10,15,9,10,13.2,7,10,9,9,0.9,6,7,7,146,3,8,7,High
3554,33,8,3,79,47,7,8,9,18,8,7,19.4,7,8,6,9,0.6,7,10,6,139,2,8,8,High
3555,26,5,1,40,43,3,1,1,7,5,8,6.7,5,5,5,5,-0.06,6,5,3,113,4,5,1,Low
3556,53,9,3,93,41,8,7,9,16,8,8,13.2,10,9,6,10,0.98,9,8,7,139,2,6,7,High
3557,38,8,3,54,38,3,5,1,12,9,7,6.7,9,8,4,8,-0.19,6,5,7,132,6,8,6,Medium
3558,41,5,3,36,47,7,6,8,11,6,9,10.1,6,9,7,10,0.05,5,10,6,146,6,4,4,Medium
3559,26,4,0,57,30,4,3,2,7,4,5,8.6,3,5,7,3,-0.13,3,3,3,79,4,6,4,Low
3560,24,6,1,66,42,6,6,5,13,8,7,9.0,6,5,7,9,0.12,5,7,8,103,7,5,8,Medium
3561,46,9,4,83,42,10,10,7,15,9,9,10.7,8,9,6,9,1.0,8,8,7,143,2,8,10,High
3562,50,9,3,95,34,7,7,10,16,10,10,21.7,9,8,8,8,0.6,9,5,7,154,3,8,9,High
3563,27,3,1,16,42,4,4,1,3,5,7,6.4,2,4,1,2,-0.22,1,4,6,92,9,6,7,Low
3564,34,1,0,67,40,5,5,2,4,5,7,13.5,3,5,2,3,-0.42,4,8,9,105,2,1,3,Low
3565,35,3,1,100,36,8,6,8,7,5,7,14.9,8,3,5,5,0.15,9,10,3,114,2,3,5,Medium
3566,37,7,1,71,41,8,6,5,14,10,5,12.9,7,6,4,6,0.42,8,3,7,96,5,5,7,Medium
3567,41,7,0,55,52,6,6,7,10,5,7,12.5,8,7,7,8,0.12,5,4,8,109,1,6,7,Medium
3568,26,6,4,77,42,6,7,7,13,6,7,6.4,6,5,3,7,0.28,7,7,5,125,5,6,3,Medium
3569,48,10,2,70,49,9,10,10,20,9,8,20.8,10,9,10,7,0.88,7,8,7,164,2,10,6,High
3570,42,7,2,99,57,7,8,8,14,8,9,16.2,8,9,7,8,0.82,9,9,6,141,3,10,9,High
3571,52,6,2,94,43,5,3,6,11,6,9,12.5,6,7,7,5,0.22,5,5,9,133,3,10,7,Medium
3572,42,9,3,92,43,6,10,8,11,10,8,13.0,6,10,7,8,1.0,7,8,8,151,4,9,7,High
3573,41,6,3,45,41,4,7,5,14,6,7,10.7,5,7,4,5,0.52,7,5,8,137,7,2,6,Medium
3574,37,4,5,84,39,6,5,7,9,4,5,13.9,4,4,6,6,-0.2,5,5,4,102,2,8,5,Medium
3575,35,4,0,60,35,7,6,8,12,3,8,12.9,6,7,5,8,0.25,3,4,5,129,5,6,5,Medium
3576,42,3,2,89,40,6,5,8,11,7,8,9.6,8,7,8,9,0.06,7,3,5,102,2,5,10,Medium
3577,57,7,4,78,41,6,10,8,18,10,8,19.7,9,7,10,8,0.63,8,7,8,122,2,10,10,High
3578,50,3,3,96,40,7,5,8,11,4,7,8.6,7,7,3,9,0.59,6,9,5,151,3,1,10,Medium
3579,44,4,3,95,38,4,6,8,11,6,7,13.5,8,6,8,7,0.38,3,4,9,123,1,5,6,Medium
3580,46,7,1,72,37,6,8,7,9,7,6,14.3,5,8,8,8,0.08,6,6,9,140,2,5,8,Medium
3581,27,2,3,99,40,7,3,6,9,3,4,11.4,1,6,4,5,0.07,4,6,4,102,3,8,5,Low
3582,42,10,4,100,34,10,8,9,15,10,8,20.9,8,10,8,9,0.16,9,7,7,166,3,6,6,High
3583,27,8,2,73,28,5,8,6,14,5,4,14.9,4,5,6,8,0.21,4,7,3,130,5,3,8,Medium
3584,47,6,2,74,48,9,5,8,12,8,5,11.0,6,6,4,4,0.47,5,8,6,112,5,7,8,Medium
3585,36,4,2,73,38,7,4,5,12,8,6,16.9,7,8,9,10,0.58,5,5,7,136,6,8,7,Medium
3586,40,9,2,68,38,5,3,8,18,5,5,11.5,9,7,8,7,0.26,8,6,7,123,5,6,9,Medium
3587,26,5,3,70,32,4,2,4,10,7,1,11.3,3,5,5,1,0.02,3,5,3,74,7,6,4,Low
3588,43,5,2,65,30,6,3,2,5,7,8,14.3,8,9,6,6,0.25,6,7,5,103,4,7,5,Medium
3589,40,3,4,79,31,4,6,8,11,4,6,12.5,8,7,9,5,0.44,5,7,8,133,5,2,8,Medium
3590,61,8,2,83,36,7,10,10,22,8,6,20.3,8,8,8,8,0.62,9,8,9,147,1,8,9,High
3591,59,8,5,79,41,6,10,7,16,9,9,24.5,10,6,7,7,0.74,8,7,8,141,1,9,10,High
3592,52,7,3,88,50,9,9,10,13,8,9,19.5,9,7,9,9,0.73,8,5,5,126,1,7,9,High
3593,48,6,2,73,26,3,4,5,7,5,3,12.3,6,7,6,8,-0.12,5,8,10,115,5,9,5,Medium
3594,43,5,2,32,39,4,6,7,9,7,6,12.1,6,7,7,7,0.38,6,7,4,136,4,9,5,Medium
3595,36,2,1,93,34,4,3,5,9,4,2,5.2,5,3,4,3,0.03,6,6,6,88,6,6,7,Low
3596,57,7,7,89,50,7,5,9,17,8,8,15.4,8,9,10,8,0.67,10,8,8,139,2,9,8,High
3597,40,5,3,59,45,6,8,4,11,7,7,9.5,7,6,1,7,0.48,7,7,7,116,1,8,6,Medium
3598,31,6,2,70,47,8,7,8,7,7,5,12.5,9,6,4,4,0.33,4,3,7,165,7,5,6,Medium
3599,36,8,1,63,38,6,6,5,8,8,6,7.7,7,8,7,7,0.58,6,2,7,133,1,5,8,Medium
3600,20,5,1,21,42,5,1,3,2,1,6,10.5,7,3,4,2,0.05,7,5,5,61,6,6,5,Low
3601,41,6,1,69,43,3,7,8,8,8,6,9.8,6,7,9,8,0.31,4,7,6,122,6,8,6,Medium
3602,33,3,1,26,34,8,3,2,15,5,4,7.1,7,5,1,1,-0.28,5,5,3,68,7,6,1,Low
3603,32,6,4,53,46,9,9,10,14,10,9,11.1,8,10,7,9,0.96,7,8,8,130,0,10,8,High
3604,34,4,1,87,44,5,4,8,12,4,5,4.5,4,7,5,7,0.49,5,4,4,106,5,3,6,Medium
3605,28,8,1,67,28,6,3,7,7,6,6,8.9,7,4,1,7,-0.14,5,3,1,66,10,5,6,Low
3606,43,7,4,69,43,5,4,5,8,6,9,11.9,6,8,4,7,0.17,7,8,9,115,4,5,8,Medium
3607,34,5,1,69,42,5,5,3,9,6,1,6.3,1,3,3,3,0.35,5,10,6,72,7,2,5,Low
3608,38,7,2,81,40,6,5,8,16,7,6,17.7,8,6,4,3,0.24,6,10,8,108,4,7,9,Medium
3609,53,10,4,97,36,7,8,10,21,9,7,15.8,8,8,9,7,0.67,9,6,10,152,2,9,10,High
3610,25,4,0,56,37,4,3,3,6,5,5,5.2,5,6,4,5,-0.28,5,5,1,89,9,5,7,Low
3611,42,10,3,100,38,8,7,8,19,9,7,21.4,9,8,8,8,0.8,10,6,9,148,3,8,10,High
3612,30,4,1,48,40,4,2,5,5,3,5,7.8,5,3,1,5,-0.2,7,7,7,82,9,5,4,Low
3613,59,6,2,81,41,5,5,7,12,6,8,9.7,7,7,6,8,0.35,7,5,4,116,5,6,7,Medium
3614,48,9,4,73,28,8,9,8,19,9,10,16.1,8,9,8,10,0.59,5,9,9,144,2,8,9,High
3615,31,7,0,71,47,7,6,7,13,9,6,11.0,6,7,7,6,0.22,9,6,6,115,5,6,5,Medium
3616,35,1,2,62,47,4,3,1,8,4,5,11.0,3,4,5,2,0.16,8,4,3,111,10,5,2,Low
3617,43,5,1,53,29,8,5,7,11,6,6,7.2,4,6,8,6,0.25,7,5,4,127,6,2,8,Medium
3618,51,6,1,80,39,8,4,5,8,4,9,20.8,7,7,4,7,-0.02,5,6,5,101,3,5,5,Medium
3619,46,10,3,100,45,5,8,9,21,7,7,17.8,9,8,10,8,0.24,8,9,9,156,4,10,10,High
3620,27,7,2,83,37,4,4,7,14,8,8,16.0,8,7,5,8,0.26,6,7,4,85,7,4,7,Medium
3621,49,9,2,100,52,8,7,9,18,8,9,16.1,8,7,9,10,0.97,8,8,8,134,2,8,9,High
3622,48,9,2,79,46,9,7,9,17,10,7,17.4,10,8,8,7,0.86,7,8,7,138,3,10,10,High
3623,57,6,4,81,36,4,6,3,8,5,6,11.8,5,4,4,6,0.25,4,6,10,107,3,5,9,Medium
3624,46,9,3,75,35,10,7,7,14,8,9,17.0,7,9,7,8,0.85,10,10,7,146,2,7,10,High
3625,39,4,0,61,39,7,6,6,12,7,4,7.6,6,4,3,8,0.55,6,4,5,131,7,5,8,Medium
3626,44,6,4,93,39,10,7,10,14,10,8,20.0,8,10,8,8,0.84,6,8,7,164,1,9,7,High
3627,26,2,0,63,32,3,6,5,14,5,4,14.6,3,2,4,3,-0.45,5,7,3,84,6,4,6,Low
3628,26,6,2,88,42,7,7,5,14,8,4,4.1,9,8,6,7,0.34,8,8,3,119,6,9,7,Medium
3629,35,4,4,64,39,6,8,7,13,7,5,13.9,5,4,4,4,0.47,1,5,6,148,7,2,5,Medium
3630,37,8,2,80,42,4,5,6,8,8,7,10.6,8,4,5,7,0.02,6,5,8,112,4,3,6,Medium
3631,40,5,1,47,39,8,5,8,11,8,7,10.2,5,6,3,10,0.34,8,6,6,115,5,7,9,Medium
3632,65,9,5,85,33,9,6,9,12,10,8,17.9,7,10,8,8,0.8,7,6,5,160,2,7,10,High
3633,27,5,1,70,29,5,3,7,2,1,2,5.4,5,6,2,6,-0.5,3,5,3,83,4,3,6,Low
3634,31,6,0,24,24,3,3,4,4,4,4,9.3,9,5,3,4,0.26,3,1,6,93,8,3,3,Low
3635,59,10,1,91,50,10,10,7,17,8,7,22.9,8,9,8,9,1.0,8,7,7,137,0,9,9,High
3636,29,5,1,77,42,7,7,8,14,7,9,15.0,9,4,5,6,0.24,8,4,5,125,5,6,6,Medium
3637,53,8,4,71,42,8,8,9,19,10,9,17.6,10,10,8,10,1.0,8,8,9,145,0,7,7,High
3638,52,8,3,66,38,7,7,7,16,8,8,16.9,6,9,9,9,1.0,8,9,8,139,2,6,9,High
3639,50,9,5,100,40,9,6,8,21,9,9,15.2,6,8,6,9,0.59,7,8,10,158,1,9,9,High
3640,66,7,4,100,46,9,5,8,19,10,8,10.9,8,8,7,7,0.39,8,8,10,132,4,8,8,High
3641,45,6,0,60,46,5,7,8,9,6,8,12.5,5,9,4,6,0.63,6,5,4,109,6,4,7,Medium
3642,31,6,1,36,35,4,2,5,8,7,7,5.4,7,5,6,6,-0.34,6,10,2,72,7,6,5,Low
3643,52,10,4,62,40,9,9,8,19,7,8,16.9,8,8,9,7,0.73,8,7,8,115,3,7,9,High
3644,34,8,2,69,42,9,8,7,8,8,7,18.1,8,6,5,8,0.3,8,4,6,126,6,6,7,Medium
3645,32,5,3,85,49,4,4,6,8,9,4,14.6,5,6,1,3,-0.22,1,6,8,84,6,4,5,Low
3646,30,7,1,68,46,9,6,6,15,3,6,14.1,4,8,4,5,0.32,6,6,5,100,0,5,9,Medium
3647,50,9,4,80,43,10,9,7,16,10,9,16.0,10,7,6,6,0.86,9,10,9,124,0,7,9,High
3648,45,6,2,73,40,6,4,6,9,8,7,11.9,7,7,6,5,0.32,8,4,10,109,5,6,6,Medium
3649,50,5,4,60,28,5,5,8,8,3,8,11.0,7,5,9,6,0.55,7,3,7,106,5,7,7,Medium
3650,53,4,2,82,40,6,7,5,14,4,8,8.9,8,9,4,5,-0.08,5,3,6,81,1,9,6,Medium
3651,41,8,1,63,47,4,7,9,8,7,6,11.5,8,7,9,6,0.57,7,8,8,119,3,8,6,Medium
3652,45,8,1,90,42,8,5,8,16,6,7,14.9,7,4,6,7,0.76,8,7,6,91,7,5,6,Medium
3653,42,7,4,85,52,4,6,3,10,4,6,6.0,5,6,8,10,-0.18,5,6,6,121,8,7,5,Medium
3654,39,1,0,45,38,5,4,4,7,4,8,9.8,4,5,2,4,-0.02,4,5,3,99,3,6,3,Low
3655,51,9,3,89,43,9,6,9,15,9,9,22.7,9,7,6,9,0.68,10,8,8,125,2,10,9,High
3656,41,9,3,52,48,9,4,9,5,7,6,14.0,5,10,5,7,0.15,7,6,5,118,4,9,7,Medium
3657,52,9,6,69,51,5,6,8,11,9,10,19.9,7,5,9,8,0.71,7,4,4,134,2,8,9,High
3658,48,7,3,72,35,7,10,7,18,8,7,19.0,7,7,9,10,0.71,8,6,10,122,1,7,7,High
3659,42,7,1,75,43,5,6,7,14,7,7,3.9,7,7,6,7,0.67,6,8,4,129,6,5,8,Medium
3660,38,4,1,66,31,5,5,5,13,7,9,11.8,7,7,8,8,0.2,4,7,4,139,0,5,5,Medium
3661,39,4,2,70,43,4,3,7,13,8,5,16.6,5,8,5,8,0.64,7,3,7,122,5,6,7,Medium
3662,51,9,3,90,36,8,8,8,17,9,8,19.8,9,10,9,9,0.81,7,8,10,147,1,9,8,High
3663,37,6,2,38,32,9,6,7,8,7,6,14.7,9,5,7,6,0.25,6,7,5,120,4,7,8,Medium
3664,50,3,3,89,38,6,3,6,13,8,6,14.1,4,8,7,8,-0.24,8,3,6,115,4,5,7,Medium
3665,36,7,2,61,38,7,6,7,11,5,7,10.8,6,8,7,6,0.13,7,7,4,107,3,7,5,Medium
3666,41,7,3,55,40,6,4,7,12,7,5,15.7,5,7,3,5,0.25,7,10,7,145,5,5,10,Medium
3667,28,2,0,37,37,4,3,3,2,7,6,8.9,9,2,4,4,0.47,1,2,3,113,7,1,2,Low
3668,36,6,0,89,40,5,6,3,10,6,7,11.8,8,10,2,7,0.21,8,6,8,107,4,3,9,Medium
3669,54,9,5,88,47,10,10,10,14,8,10,15.5,8,10,8,10,0.8,8,8,7,145,2,10,8,High
3670,31,3,2,57,38,4,8,6,15,7,6,12.3,8,7,9,7,0.59,3,3,5,132,4,5,5,Medium
3671,41,7,2,73,43,3,4,8,12,7,5,9.2,5,8,5,7,0.14,7,5,6,117,4,8,5,Medium
3672,40,7,1,68,42,6,7,7,9,10,7,15.3,8,5,4,2,0.35,5,5,4,89,4,1,6,Medium
3673,48,10,2,91,42,10,7,7,18,10,10,13.6,7,8,10,8,0.53,9,9,10,163,3,8,7,High
3674,33,5,1,44,30,5,4,5,3,5,3,10.3,4,8,4,4,-0.25,5,4,4,100,10,3,2,Low
3675,57,10,2,100,47,8,10,6,17,9,9,15.5,8,9,9,8,1.0,3,10,9,139,2,8,8,High
3676,38,2,2,70,40,7,8,5,14,6,5,14.0,7,7,7,7,0.51,7,6,5,103,7,4,6,Medium
3677,41,8,3,62,41,6,4,8,12,8,5,11.7,6,10,4,7,0.24,5,6,8,116,1,5,6,Medium
3678,29,4,3,39,37,6,2,5,8,7,3,6.9,2,3,5,5,0.04,5,4,4,104,8,4,4,Low
3679,26,2,1,55,35,2,2,4,8,7,6,10.1,6,4,3,2,-0.01,1,2,5,104,7,4,4,Low
3680,45,8,3,51,42,4,6,5,10,7,5,11.3,9,9,6,7,0.41,8,4,7,104,4,5,6,Medium
3681,38,6,2,50,37,5,8,5,12,8,5,14.2,7,6,5,5,0.05,3,8,8,114,3,7,6,Medium
3682,48,8,4,89,47,8,6,9,16,9,8,21.3,10,8,9,7,0.47,7,10,10,163,4,7,10,High
3683,24,6,0,84,41,2,3,7,10,5,4,8.3,5,1,2,4,-0.11,3,4,8,100,11,4,4,Low
3684,41,9,2,71,40,5,7,8,9,6,3,10.3,6,9,6,9,0.18,6,5,5,124,3,5,5,Medium
3685,46,6,0,76,44,6,6,6,14,7,5,12.3,6,8,7,5,0.47,4,5,3,119,5,6,7,Medium
3686,33,3,0,75,41,8,6,5,4,2,3,11.0,7,5,4,6,-0.5,7,2,8,70,3,6,5,Low
3687,29,3,2,80,35,4,5,5,3,3,7,3.9,6,6,3,3,0.11,3,1,2,107,7,2,5,Low
3688,47,9,1,88,40,7,4,7,19,5,10,12.9,8,5,6,6,0.19,3,8,4,141,6,5,8,Medium
3689,42,6,3,79,48,8,6,5,12,7,8,16.6,6,6,4,8,0.1,6,6,6,87,1,4,8,Medium
3690,45,9,1,96,39,6,7,7,15,7,5,13.2,5,8,7,6,0.25,4,10,5,108,4,8,4,Medium
3691,37,6,4,75,40,8,5,7,9,8,5,13.3,8,4,4,8,0.25,9,5,7,103,5,4,6,Medium
3692,38,6,3,58,37,7,5,9,11,8,6,9.2,7,6,5,6,0.42,4,3,4,108,2,8,7,Medium
3693,33,3,1,77,36,1,4,3,8,3,4,8.1,7,4,7,6,0.14,4,2,2,60,6,5,5,Low
3694,46,6,0,32,38,8,4,7,9,6,7,11.5,8,5,7,8,0.41,5,6,7,122,3,3,7,Medium
3695,47,6,4,100,35,10,8,9,19,7,9,19.7,9,9,9,8,0.63,10,9,7,148,3,7,7,High
3696,40,5,2,80,47,7,4,7,16,9,7,12.1,7,6,9,5,0.54,5,6,8,106,4,5,7,Medium
3697,43,5,0,78,37,5,5,8,13,6,5,11.6,6,7,4,8,0.45,5,7,8,92,5,7,7,Medium
3698,43,6,1,72,44,10,5,9,15,7,9,9.5,8,8,6,4,0.16,9,9,5,102,2,5,7,Medium
3699,50,10,2,94,39,7,7,10,21,6,10,20.4,8,10,5,7,0.87,9,7,9,162,6,7,8,High
3700,56,10,3,100,42,6,7,9,19,8,9,11.9,9,8,6,8,0.53,9,8,5,142,1,8,10,High
3701,43,7,2,52,41,10,6,7,15,7,7,12.4,7,8,6,7,0.27,5,7,10,111,4,6,5,Medium
3702,44,10,4,97,43,10,8,8,19,10,10,9.8,9,10,7,7,0.52,6,7,9,125,4,6,8,High
3703,26,3,1,45,37,5,2,6,10,4,4,10.3,3,3,3,5,-0.15,2,3,6,96,6,5,4,Low
3704,21,4,1,61,28,5,5,8,9,2,3,8.4,1,3,2,7,-0.32,6,5,2,72,3,2,2,Low
3705,52,8,5,91,51,8,6,10,16,8,8,15.7,9,10,9,9,0.8,7,8,5,127,3,10,6,High
3706,41,7,4,94,45,8,8,10,18,10,8,10.3,10,6,9,10,0.69,6,4,5,129,1,9,8,High
3707,33,1,1,48,39,5,1,2,8,5,2,7.9,3,5,4,4,0.27,3,3,3,101,7,4,3,Low
3708,48,3,1,65,47,6,5,6,6,7,6,19.8,6,6,5,7,-0.34,5,2,5,131,6,7,9,Medium
3709,28,3,2,72,35,3,4,8,8,4,5,5.6,5,7,6,6,-0.27,8,4,8,77,8,2,4,Low
3710,51,4,2,73,35,7,4,8,13,4,7,15.0,3,6,1,5,-0.08,7,9,7,114,7,5,5,Medium
3711,39,9,2,93,56,9,6,8,18,9,9,9.4,7,8,6,9,0.48,9,7,10,140,2,9,8,High
3712,42,7,3,56,39,6,8,6,12,8,6,15.4,8,6,6,5,0.09,7,10,6,136,2,8,8,Medium
3713,39,6,3,62,45,5,5,6,11,9,5,16.8,5,7,2,10,0.69,5,7,5,139,8,3,7,Medium
3714,41,4,0,73,48,8,3,8,12,9,5,12.7,8,6,6,4,0.37,7,8,4,108,3,10,6,Medium
3715,40,4,1,36,30,3,4,4,6,3,1,5.9,5,3,3,4,-0.1,4,5,6,79,7,3,3,Low
3716,49,8,2,47,40,7,6,4,13,9,4,11.8,8,6,4,7,0.04,5,4,8,95,5,6,5,Medium
3717,39,7,1,77,35,7,6,7,14,4,9,9.6,6,10,4,7,-0.01,6,7,6,118,4,9,6,Medium
3718,46,8,4,100,40,8,7,8,14,7,8,17.1,10,8,6,10,0.64,7,8,8,151,2,8,7,High
3719,43,8,2,100,40,8,7,7,18,10,7,20.8,8,7,6,7,0.95,9,10,7,122,1,10,8,High
3720,33,4,0,56,40,8,4,4,10,3,6,2.8,5,4,3,3,-0.0,3,3,3,104,8,9,4,Low
3721,42,10,3,100,32,10,8,8,15,8,8,22.7,7,9,8,6,0.78,7,9,8,123,2,10,10,High
3722,46,7,4,100,39,9,8,7,15,9,8,16.6,8,9,8,8,0.79,8,10,8,117,1,6,7,High
3723,43,8,4,88,37,8,7,9,15,9,8,13.3,10,10,8,6,0.68,9,10,9,133,1,10,9,High
3724,46,8,2,74,41,7,7,7,12,8,5,13.4,5,4,2,10,0.09,7,4,7,133,2,8,4,Medium
3725,43,6,1,58,41,5,4,6,10,9,6,11.4,5,10,6,5,0.35,6,9,9,106,4,6,8,Medium
3726,45,4,2,78,40,6,7,8,12,8,6,14.1,7,6,7,6,0.12,6,5,9,114,4,5,6,Medium
3727,25,3,2,81,36,4,4,2,10,8,4,3.6,4,4,4,4,0.14,3,2,5,86,8,1,6,Low
3728,33,2,0,61,37,6,6,5,13,7,8,9.5,5,6,2,6,0.66,9,9,10,120,1,8,6,Medium
3729,42,8,2,70,41,9,8,7,7,7,8,12.4,8,7,5,6,0.3,8,2,6,115,1,7,6,Medium
3730,49,2,2,76,48,5,8,7,14,5,3,9.2,7,6,2,7,0.27,6,5,10,93,6,7,6,Medium
3731,50,10,3,100,43,8,7,10,22,8,8,21.0,8,8,9,10,0.79,10,8,7,117,1,7,8,High
3732,46,6,3,88,47,8,6,7,14,7,8,9.5,4,3,2,9,-0.06,6,7,6,108,3,7,5,Medium
3733,38,4,2,44,41,6,4,5,7,3,6,10.1,4,3,1,4,0.43,4,4,8,91,12,6,4,Low
3734,39,8,4,98,41,9,9,9,17,7,10,14.5,8,10,9,9,0.67,8,7,8,141,2,7,7,High
3735,40,9,4,83,48,8,8,9,16,7,9,16.1,8,10,6,10,0.54,8,10,5,121,0,8,9,High
3736,47,8,7,73,34,9,5,8,17,9,10,20.5,10,10,6,7,0.86,7,10,10,147,3,6,10,High
3737,55,8,1,94,37,8,9,8,21,9,9,19.8,9,9,5,10,0.86,8,9,8,133,3,10,8,High
3738,29,6,1,72,38,6,5,8,17,8,6,15.6,5,8,2,6,0.57,5,6,7,118,4,7,5,Medium
3739,52,8,4,92,42,9,4,9,17,8,8,15.0,10,9,10,7,0.44,5,10,8,120,2,9,7,High
3740,27,6,0,65,35,2,3,6,5,7,5,14.0,5,2,4,6,-0.21,4,6,4,83,7,3,5,Low
3741,34,4,0,38,37,8,7,5,15,5,6,7.9,5,8,4,7,0.42,8,5,6,121,7,8,8,Medium
3742,43,7,2,69,41,6,5,7,17,5,8,10.1,7,9,5,8,0.35,5,6,8,115,6,6,8,Medium
3743,17,2,0,70,32,7,2,6,10,3,7,8.3,3,4,1,4,-0.5,4,2,5,71,9,5,2,Low
3744,29,4,0,17,34,4,3,6,10,5,5,7.8,7,5,2,7,-0.19,3,4,4,83,6,4,4,Low
3745,35,6,1,72,32,5,4,8,7,7,5,8.8,5,9,4,7,0.03,4,5,8,112,5,5,8,Medium
3746,55,9,5,77,36,8,9,9,15,9,8,12.2,7,10,7,9,1.0,7,8,9,134,2,7,10,High
3747,51,6,2,74,37,6,4,9,9,9,5,14.8,6,4,3,7,0.54,3,9,7,119,4,7,7,Medium
3748,19,2,0,32,37,4,3,3,5,6,5,9.8,6,1,6,7,-0.21,4,1,4,84,8,5,8,Low
3749,55,9,2,84,42,8,10,7,17,10,8,20.1,10,9,7,10,0.5,9,8,6,143,3,6,10,High
3750,40,7,5,45,36,8,6,6,19,3,7,11.2,6,5,2,6,0.5,6,3,6,116,2,7,4,Medium
3751,50,5,0,58,40,6,3,6,14,7,6,8.9,10,5,2,8,0.08,6,8,3,125,4,6,7,Medium
3752,39,6,1,70,30,8,6,8,12,8,6,17.0,6,6,5,8,-0.13,7,5,4,115,4,9,7,Medium
3753,44,6,3,63,50,7,7,7,10,7,7,12.0,5,9,4,5,-0.02,4,7,7,105,4,8,8,Medium
3754,50,7,2,82,47,4,5,6,7,5,8,7.3,7,6,5,5,-0.04,5,7,7,120,3,8,8,Medium
3755,55,9,5,88,42,9,6,10,13,7,8,15.5,8,8,7,10,0.31,7,8,7,133,1,8,10,High
3756,53,6,1,83,34,7,3,8,9,7,6,17.1,7,5,3,6,0.05,6,5,9,107,5,5,6,Medium
3757,47,8,4,83,44,6,6,6,10,7,5,16.4,8,5,2,7,0.08,4,2,5,122,2,7,7,Medium
3758,37,9,5,100,51,10,8,10,11,8,7,13.4,8,10,9,7,1.0,8,8,8,134,1,7,8,High
3759,55,7,3,86,40,8,6,9,12,7,10,13.6,8,9,9,7,0.86,10,8,8,128,3,8,8,High
3760,25,5,1,28,44,5,8,4,9,4,3,12.2,6,6,4,3,-0.5,2,4,3,67,5,5,6,Low
3761,31,6,0,48,38,2,4,7,5,4,6,5.2,4,5,3,3,-0.33,1,4,6,60,10,3,3,Low
3762,46,2,2,65,31,3,5,4,9,7,5,14.8,5,5,6,4,-0.44,4,3,6,75,4,6,6,Low
3763,29,7,2,89,38,9,7,6,12,6,4,13.3,6,5,5,4,0.31,5,6,6,102,5,7,8,Medium
3764,39,4,3,65,46,7,6,6,16,6,5,12.4,8,6,5,7,0.74,6,6,5,99,2,5,6,Medium
3765,31,6,0,40,29,6,3,2,10,6,3,8.0,4,4,4,5,-0.0,1,2,4,67,10,3,4,Low
3766,43,8,0,93,42,8,10,9,20,9,9,12.8,8,9,8,7,0.46,7,8,10,117,2,10,8,High
3767,50,5,3,71,41,6,4,5,15,7,8,18.8,7,6,9,7,0.37,5,6,6,118,5,6,6,Medium
3768,49,5,1,81,39,8,4,5,7,8,7,13.4,7,4,3,8,0.3,4,5,7,132,3,5,6,Medium
3769,37,7,1,87,44,5,7,6,16,8,4,12.8,7,7,6,7,0.23,1,8,7,103,8,8,6,Medium
3770,27,8,5,59,38,9,4,6,12,6,7,9.5,7,5,5,8,0.14,10,5,9,88,6,5,8,Medium
3771,37,4,1,42,27,3,5,5,8,4,3,9.0,4,4,5,7,-0.11,1,2,4,100,7,1,2,Low
3772,31,5,1,74,33,4,1,6,15,6,5,15.2,7,6,7,8,0.33,7,6,8,118,5,5,7,Medium
3773,35,8,2,94,37,8,8,8,16,6,9,16.2,7,6,7,9,0.69,8,8,7,116,3,9,9,High
3774,35,5,0,74,43,5,4,7,8,6,7,12.0,6,5,8,6,0.57,6,7,8,133,6,7,7,Medium
3775,41,5,5,68,41,10,3,6,10,7,6,12.8,7,9,3,5,0.59,7,6,7,88,4,7,8,Medium
3776,41,3,2,70,37,8,2,5,6,10,8,13.6,6,6,7,8,0.19,6,6,7,125,6,8,5,Medium
3777,33,7,1,58,27,5,5,5,9,5,5,6.5,3,4,2,3,-0.22,3,7,3,84,8,4,5,Low
3778,25,3,0,45,38,6,3,9,10,1,6,4.4,4,7,3,3,-0.41,3,5,8,71,10,2,8,Low
3779,48,5,3,72,41,6,7,8,12,6,5,11.2,2,7,5,6,0.39,4,9,7,94,4,7,4,Medium
3780,34,5,4,56,34,5,5,7,15,5,6,10.6,6,8,5,5,0.36,4,5,7,97,3,6,8,Medium
3781,43,4,0,28,35,5,4,6,7,1,4,11.3,5,3,6,5,-0.32,5,4,5,96,12,4,1,Low
3782,50,9,3,84,50,7,9,7,17,10,10,17.0,8,10,7,10,0.7,8,8,7,146,5,7,9,High
3783,47,10,4,82,53,6,10,8,15,9,8,21.7,8,10,9,8,0.57,7,5,9,153,3,7,8,High
3784,48,8,6,100,37,9,10,9,24,7,10,13.7,7,9,7,8,0.96,5,8,10,146,0,6,8,High
3785,54,9,3,90,46,8,9,8,18,9,9,15.8,8,9,8,9,0.6,7,8,9,144,1,9,9,High
3786,44,7,2,90,42,5,5,3,14,5,9,12.9,9,6,4,5,0.11,6,5,4,117,4,8,6,Medium
3787,64,8,2,100,36,9,10,9,16,8,8,19.4,8,10,6,9,0.78,7,9,5,131,5,9,9,High
3788,48,6,2,48,35,6,1,4,8,1,7,8.8,5,3,4,5,-0.5,5,7,4,91,8,6,2,Low
3789,46,7,3,82,39,8,7,9,16,9,8,16.1,8,8,6,8,0.87,10,7,6,136,4,9,8,High
3790,58,9,4,91,45,8,9,7,17,9,9,14.9,8,9,6,8,0.75,7,8,7,147,0,8,10,High
3791,53,8,1,99,36,9,10,8,15,10,7,18.7,10,9,9,9,0.9,8,9,5,115,2,7,8,High
3792,51,8,1,74,41,6,8,9,20,9,9,13.6,9,8,7,9,0.64,10,8,7,144,5,4,9,High
3793,41,8,1,66,39,7,5,5,9,8,9,14.2,7,5,7,8,0.37,4,7,8,115,0,8,6,Medium
3794,34,10,1,66,42,8,7,8,14,9,7,10.7,5,6,2,5,0.34,8,5,5,105,8,5,10,Medium
3795,38,5,2,59,35,3,5,8,14,8,4,8.9,8,6,5,6,0.47,5,7,5,96,8,9,4,Medium
3796,36,5,2,57,38,8,5,8,13,7,5,12.4,8,6,10,6,0.41,10,9,6,90,3,6,6,Medium
3797,41,2,2,56,39,5,3,6,6,4,4,9.9,3,5,3,2,0.0,3,8,2,84,9,1,5,Low
3798,46,5,3,98,46,6,5,8,10,9,6,13.1,8,5,9,4,0.29,5,6,5,107,6,6,6,Medium
3799,39,8,3,91,45,8,7,7,12,6,9,17.0,10,9,7,10,0.8,8,9,9,136,3,9,6,High
3800,25,5,0,34,22,3,2,5,6,5,4,11.1,5,5,4,4,-0.47,5,4,6,92,2,7,2,Low
3801,50,9,1,95,55,8,8,9,18,9,10,14.2,7,8,10,7,0.97,8,10,10,131,3,6,7,High
3802,36,8,5,100,38,9,7,8,18,8,9,19.8,7,9,10,7,0.61,8,10,10,94,1,8,10,High
3803,54,7,1,84,41,8,9,10,18,7,10,18.8,9,9,9,10,0.8,10,7,8,147,3,6,9,High
3804,34,8,4,97,44,10,7,9,20,8,9,13.3,9,7,8,9,0.85,9,10,10,138,2,10,7,High
3805,46,6,2,73,34,5,4,5,14,7,8,10.4,5,7,6,6,0.1,5,6,6,109,7,6,8,Medium
3806,54,8,3,100,44,9,8,9,16,10,9,19.5,10,9,9,8,0.62,9,9,7,137,5,10,8,High
3807,47,10,4,100,36,9,9,8,14,10,10,15.7,9,8,5,9,0.44,8,7,9,148,2,7,10,High
3808,34,3,0,32,43,6,3,6,14,6,3,11.1,5,5,4,6,-0.5,3,5,4,89,7,6,7,Low
3809,35,7,1,67,35,8,7,7,13,7,8,8.3,5,4,8,3,0.67,6,5,6,129,3,5,3,Medium
3810,51,9,4,76,43,8,7,9,11,10,10,16.6,10,9,8,9,0.97,9,9,9,164,0,8,10,High
3811,28,4,1,79,43,8,6,6,10,7,8,10.2,5,9,5,8,0.19,4,5,9,116,5,8,7,Medium
3812,43,9,1,69,41,8,7,7,14,8,7,16.6,7,6,8,7,0.13,6,5,6,116,5,4,8,Medium
3813,39,4,3,86,41,6,3,8,14,5,9,14.3,5,8,5,6,0.42,6,3,5,109,4,8,5,Medium
3814,30,3,3,57,32,3,8,4,2,9,4,4.9,7,2,3,7,-0.11,2,1,5,88,6,1,6,Low
3815,33,3,2,100,39,6,5,7,12,4,7,10.0,8,6,5,9,0.15,7,7,6,110,6,6,10,Medium
3816,51,9,2,84,45,9,7,8,21,10,9,20.0,10,7,10,10,0.86,10,6,7,127,0,8,8,High
3817,33,7,1,61,34,8,6,9,6,9,6,9.1,7,7,8,6,0.29,4,7,5,143,1,5,8,Medium
3818,31,4,0,45,41,5,6,2,9,5,1,11.4,1,7,5,1,0.0,6,6,3,85,7,4,4,Low
3819,24,2,1,71,33,5,3,3,7,5,4,6.9,5,2,3,3,-0.32,4,4,7,71,7,7,5,Low
3820,38,6,1,73,41,7,4,5,13,8,7,7.4,5,7,4,8,0.36,6,6,8,123,3,7,7,Medium
3821,50,6,3,85,41,9,7,10,18,7,6,15.2,9,8,8,8,1.0,6,8,7,156,0,6,9,High
3822,37,8,1,100,44,9,5,7,11,4,7,12.0,8,6,3,7,0.19,7,9,4,134,5,5,6,Medium
3823,50,7,2,75,43,4,4,6,11,5,9,14.0,7,5,4,9,-0.22,7,7,5,112,2,5,5,Medium
3824,51,4,0,73,33,8,4,9,12,9,8,13.7,4,5,5,7,0.44,4,8,6,88,4,6,6,Medium
3825,30,8,2,88,43,6,4,4,17,6,8,15.8,6,6,2,6,-0.08,6,6,6,122,3,4,4,Medium
3826,52,8,3,100,35,8,7,8,20,8,6,19.4,10,9,10,8,0.33,6,6,7,169,0,6,7,High
3827,39,8,3,100,38,9,7,10,13,9,8,12.0,7,9,8,7,0.86,10,10,7,149,3,5,9,High
3828,37,3,1,54,39,5,3,4,6,8,4,7.8,4,6,2,3,-0.27,4,5,4,76,4,8,2,Low
3829,30,4,3,69,36,9,4,6,12,7,6,15.1,5,7,6,8,0.77,9,8,4,123,5,5,10,Medium
3830,37,3,2,65,27,6,5,6,9,6,1,10.4,4,4,2,4,-0.14,5,3,7,91,4,5,7,Low
3831,40,6,2,74,44,6,4,6,15,5,6,13.7,6,9,7,8,-0.04,5,7,7,107,5,5,9,Medium
3832,31,4,2,68,35,8,7,9,10,7,7,13.0,9,6,7,8,0.09,6,7,8,114,4,6,9,Medium
3833,33,5,1,43,36,6,3,4,5,7,5,8.6,5,2,5,4,-0.5,2,4,1,80,6,6,4,Low
3834,45,8,2,90,38,9,7,8,10,6,5,9.9,5,8,6,5,0.26,8,9,3,103,2,9,5,Medium
3835,43,8,2,48,40,6,8,5,11,6,7,12.7,9,8,8,8,0.31,7,6,8,121,1,5,7,Medium
3836,58,7,4,77,39,8,10,7,14,9,8,16.8,8,10,8,10,0.4,9,10,10,157,1,7,10,High
3837,45,8,4,100,46,7,10,8,18,9,7,12.6,8,8,7,7,0.66,8,5,8,145,5,6,9,High
3838,21,3,2,59,34,3,4,5,7,3,5,6.6,7,5,5,6,-0.4,3,6,4,99,6,4,7,Low
3839,50,9,6,69,36,8,6,7,19,10,8,14.2,9,8,7,8,0.78,10,6,7,103,1,10,7,High
3840,30,8,1,95,42,7,5,6,15,9,5,17.3,4,4,2,8,0.24,6,6,5,123,2,8,3,Medium
3841,35,6,1,81,42,6,4,6,19,6,6,15.4,4,8,4,8,1.0,8,6,9,119,2,6,9,Medium
3842,35,10,3,98,40,7,9,8,16,9,9,21.5,10,5,9,9,0.93,7,9,7,138,0,6,10,High
3843,48,9,1,58,41,6,9,10,17,7,8,20.5,8,9,10,8,0.6,7,6,8,143,4,10,8,High
3844,35,10,4,100,42,8,7,8,22,10,9,17.9,7,10,8,9,0.62,10,8,10,144,3,10,8,High
3845,48,7,1,83,45,10,6,6,9,6,5,10.5,7,5,4,6,0.39,9,4,8,96,7,4,6,Medium
3846,37,4,2,69,37,9,7,8,6,7,7,11.2,8,7,8,7,0.01,2,3,7,113,2,6,8,Medium
3847,45,9,4,81,31,8,8,9,16,10,8,11.7,9,9,6,10,0.65,8,7,9,153,2,9,6,High
3848,31,6,0,70,47,6,7,8,17,6,8,7.6,8,7,6,5,-0.16,8,5,5,120,3,5,9,Medium
3849,46,7,2,77,49,6,4,6,6,2,6,14.1,8,6,5,9,0.57,8,6,7,144,3,8,7,Medium
3850,31,8,2,86,46,7,6,8,7,7,6,9.4,8,8,5,6,0.53,7,7,10,104,5,3,6,Medium
3851,33,6,4,65,33,8,6,4,7,7,5,10.7,5,7,7,9,0.18,4,5,6,117,2,8,8,Medium
3852,33,6,1,70,28,6,7,8,13,6,5,8.2,9,8,5,6,0.18,4,5,6,106,8,6,6,Medium
3853,28,5,0,39,25,5,3,4,6,5,2,6.8,5,4,1,5,0.35,3,1,1,87,4,8,1,Low
3854,59,8,2,99,40,6,6,8,15,7,7,22.8,9,9,9,10,0.61,5,7,10,118,4,7,9,High
3855,26,4,2,72,29,3,4,1,10,4,1,9.9,2,4,4,5,-0.02,8,9,4,102,7,5,6,Low
3856,36,3,3,61,39,6,6,7,10,6,6,9.0,5,6,3,7,0.01,10,6,5,142,0,7,7,Medium
3857,40,6,1,73,32,6,8,5,11,4,9,11.7,8,8,6,6,1.0,7,8,7,90,5,7,6,Medium
3858,40,2,1,88,39,6,4,6,6,2,6,5.2,6,8,3,5,0.37,3,4,6,71,12,3,3,Low
3859,20,2,0,71,41,5,5,3,8,5,8,4.6,6,4,5,3,-0.12,5,1,5,102,13,5,6,Low
3860,27,4,1,59,31,3,4,6,10,2,5,7.6,7,5,2,4,0.08,2,6,5,100,6,3,6,Low
3861,67,10,1,69,53,8,9,7,16,10,9,16.5,10,9,5,7,0.47,7,6,9,142,3,10,10,High
3862,33,5,2,54,38,6,5,10,15,10,7,10.6,6,8,4,6,0.32,8,3,8,138,6,6,9,Medium
3863,55,9,2,83,45,9,8,8,17,8,7,24.1,6,8,7,8,0.63,7,8,6,163,1,7,7,High
3864,33,6,2,56,46,6,6,4,8,5,7,10.3,6,7,5,5,-0.07,7,7,6,123,4,7,9,Medium
3865,28,7,1,57,37,5,6,8,14,8,5,12.9,5,5,4,7,-0.13,5,4,5,86,4,8,6,Medium
3866,45,7,1,71,48,6,4,7,12,6,7,16.4,6,5,7,9,0.72,6,5,8,98,9,6,8,Medium
3867,39,5,4,92,40,7,2,7,11,6,6,11.0,4,5,9,5,0.48,6,7,7,114,7,5,7,Medium
3868,51,8,4,85,41,8,8,9,20,10,9,14.4,8,8,8,9,0.5,10,7,10,179,1,6,9,High
3869,36,7,1,83,40,6,7,9,9,7,3,10.9,5,7,6,5,0.26,8,6,8,125,6,4,4,Medium
3870,37,6,2,80,47,10,5,8,12,5,7,13.6,9,9,1,5,0.2,3,7,3,108,4,6,6,Medium
3871,58,10,3,91,29,8,9,6,17,7,10,16.8,7,7,9,9,0.72,8,10,7,129,2,7,9,High
3872,48,6,4,89,39,9,7,8,15,10,10,10.4,9,8,10,8,0.97,8,8,9,137,0,10,8,High
3873,45,8,3,96,41,8,6,10,14,8,8,12.8,9,9,8,8,0.74,10,10,8,154,2,8,8,High
3874,31,6,1,56,42,6,6,8,12,9,8,9.4,7,7,6,6,0.46,8,6,10,116,8,3,9,Medium
3875,53,8,3,100,43,9,9,5,15,8,10,17.0,10,7,6,7,0.51,10,6,6,91,3,10,8,High
3876,38,6,0,75,38,5,6,9,15,8,6,11.6,10,6,7,8,0.39,3,7,6,126,5,7,6,Medium
3877,36,6,4,51,42,7,6,7,8,7,7,9.4,6,6,4,8,0.43,8,3,5,102,7,9,5,Medium
3878,52,4,2,76,39,8,7,6,15,6,6,11.1,5,7,5,7,0.06,7,5,4,112,4,2,6,Medium
3879,30,6,1,62,32,6,6,5,10,7,7,11.4,6,4,6,8,0.58,3,8,6,89,1,6,5,Medium
3880,26,4,2,64,34,3,2,7,5,3,5,8.0,2,6,1,6,0.3,6,4,4,88,8,2,4,Low
3881,47,8,2,91,31,5,5,7,12,7,7,11.2,6,5,4,4,0.06,5,7,2,112,2,5,7,Medium
3882,44,8,2,99,45,7,8,8,17,8,7,13.8,8,7,6,9,0.47,7,8,9,136,2,10,10,High
3883,39,7,2,76,39,4,5,6,15,7,5,11.1,6,6,2,7,0.33,4,7,4,111,4,4,9,Medium
3884,27,5,1,67,34,7,3,5,8,6,6,9.9,5,4,3,3,-0.21,4,6,5,75,8,1,2,Low
3885,37,4,2,90,35,3,3,3,9,4,3,12.5,4,7,4,5,-0.18,6,2,4,85,8,6,5,Low
3886,52,10,2,84,43,8,9,8,15,10,8,15.9,6,10,8,8,0.56,10,8,8,143,0,4,9,High
3887,45,7,1,62,29,7,4,9,14,6,8,15.3,10,5,2,4,0.35,4,7,5,132,2,5,6,Medium
3888,21,4,4,79,41,7,5,4,14,7,7,15.1,9,6,6,7,0.18,7,6,6,111,3,4,8,Medium
3889,45,8,4,88,40,8,10,8,15,8,8,21.6,7,10,10,9,1.0,9,6,8,143,1,9,8,High
3890,52,7,5,97,44,6,7,8,23,8,9,17.4,8,8,9,8,0.54,10,9,7,137,1,10,7,High
3891,43,4,1,84,32,6,5,8,10,6,3,13.7,7,6,5,7,0.56,4,5,8,114,4,4,9,Medium
3892,39,8,2,82,36,6,3,9,14,9,6,9.8,6,5,5,5,0.02,4,2,5,121,2,7,8,Medium
3893,51,8,6,90,41,8,9,7,14,10,7,16.1,8,10,9,8,0.66,7,8,10,127,2,8,8,High
3894,38,7,3,94,43,4,7,5,13,9,7,11.3,5,5,6,3,0.04,4,5,4,106,5,7,6,Medium
3895,29,3,1,36,33,4,4,2,13,4,6,6.3,7,4,2,5,-0.23,5,5,3,85,6,4,7,Low
3896,48,6,5,91,48,7,5,9,13,9,9,16.6,5,7,8,7,0.56,9,6,10,149,2,7,10,High
3897,40,6,2,85,38,6,5,7,13,9,5,10.6,7,7,6,7,0.47,5,4,9,112,3,4,6,Medium
3898,37,8,1,92,40,5,7,8,10,6,9,12.6,4,7,6,6,0.72,7,5,7,116,5,9,8,Medium
3899,43,5,3,64,39,6,5,10,9,7,7,10.1,6,9,6,6,0.06,6,5,8,121,7,2,7,Medium
3900,28,1,0,53,39,7,2,4,3,5,6,6.6,7,2,5,4,-0.23,2,5,5,77,4,3,5,Low
3901,31,4,2,35,44,5,3,4,10,3,4,3.8,6,5,7,6,0.03,3,4,7,85,7,6,6,Low
3902,47,10,4,91,55,9,8,8,19,9,9,12.7,9,9,5,8,0.48,8,7,6,143,4,7,9,High
3903,32,4,2,37,30,4,1,4,11,5,2,6.1,6,7,4,4,-0.11,5,1,2,94,7,3,8,Low
3904,39,4,4,99,39,7,5,6,12,5,5,10.3,8,5,5,7,0.37,7,4,10,136,3,4,7,Medium
3905,42,8,1,80,33,6,7,7,9,5,6,11.5,8,4,10,8,0.47,6,9,6,130,7,6,6,Medium
3906,30,3,4,63,37,3,5,4,10,7,3,2.0,3,2,4,5,-0.15,4,4,4,117,6,5,4,Low
3907,55,8,2,81,38,10,8,9,14,10,9,21.5,9,10,9,8,0.61,10,7,8,133,0,8,7,High
3908,33,8,4,84,23,8,3,5,16,7,9,12.0,6,7,8,7,0.1,6,8,5,114,6,7,9,Medium
3909,40,5,0,76,43,9,4,6,13,5,5,16.8,7,5,2,5,0.13,7,7,5,116,7,7,5,Medium
3910,38,6,3,76,34,8,3,9,12,5,5,9.7,6,6,2,6,0.45,2,5,6,114,4,8,5,Medium
3911,38,7,2,58,34,7,4,9,16,5,10,10.8,6,6,4,9,0.06,5,9,7,119,2,5,4,Medium
3912,29,4,0,84,29,6,4,5,6,2,2,8.1,4,5,1,2,-0.46,2,5,4,93,4,7,3,Low
3913,59,9,1,86,40,8,8,7,13,10,10,15.2,9,9,6,9,1.0,9,7,10,142,2,9,9,High
3914,62,9,1,92,52,10,7,9,20,9,10,14.6,10,9,6,7,0.64,9,9,6,157,3,10,8,High
3915,31,3,2,53,35,6,5,9,10,9,8,12.8,6,7,7,8,0.23,8,6,8,123,2,3,10,Medium
3916,35,8,1,17,45,5,5,4,11,5,5,14.8,6,9,4,5,0.45,6,6,4,137,4,8,5,Medium
3917,53,10,2,79,35,9,6,10,22,9,8,14.4,7,10,6,7,0.84,10,5,6,135,3,6,6,High
3918,49,7,1,99,36,9,6,7,16,7,5,19.8,9,8,7,7,0.97,8,7,7,148,2,6,9,High
3919,27,6,1,67,39,5,7,5,7,9,8,10.0,4,6,7,8,0.23,7,5,10,105,5,8,7,Medium
3920,38,6,0,64,50,10,4,5,9,7,8,12.2,6,5,3,6,0.22,2,5,5,122,4,8,6,Medium
3921,57,3,2,29,38,5,5,8,16,6,5,13.8,8,6,4,4,-0.09,8,6,7,117,2,6,6,Medium
3922,44,7,1,91,38,8,10,10,19,8,9,16.2,8,8,8,8,0.7,8,8,10,138,1,7,9,High
3923,49,9,1,80,38,7,8,6,16,8,8,12.8,9,9,8,8,0.55,5,7,9,143,3,5,9,High
3924,35,6,0,71,33,3,3,5,12,2,3,11.3,2,3,3,1,0.04,2,5,9,90,8,4,6,Low
3925,27,5,4,100,38,5,4,7,11,5,8,17.0,9,4,8,5,0.05,5,6,5,105,6,8,7,Medium
3926,53,10,2,98,50,9,7,10,16,10,8,19.6,9,7,7,8,0.84,8,8,10,148,2,7,7,High
3927,66,10,0,100,42,7,9,8,19,8,8,15.3,9,8,10,8,0.75,8,8,9,155,1,7,9,High
3928,53,8,4,81,39,8,9,9,21,7,9,17.0,10,7,8,9,0.78,8,8,6,148,0,8,9,High
3929,42,8,2,87,42,9,8,8,19,10,9,21.2,8,7,8,8,0.86,8,7,9,172,3,9,8,High
3930,28,3,3,73,41,6,6,5,14,8,8,11.2,8,8,6,8,0.71,5,5,7,103,8,2,6,Medium
3931,45,6,3,77,43,8,5,8,16,5,8,11.4,4,8,6,8,0.48,3,10,5,114,8,4,6,Medium
3932,28,6,3,56,38,7,4,9,14,5,7,10.0,6,6,6,9,0.44,5,6,7,128,2,8,9,Medium
3933,30,3,0,68,44,2,3,5,9,3,3,8.7,1,3,3,3,-0.21,8,1,3,85,8,3,5,Low
3934,40,7,4,69,36,6,3,8,10,6,7,6.5,6,7,9,6,0.58,7,6,7,102,4,4,7,Medium
3935,63,10,7,92,35,10,8,8,18,10,10,15.6,9,10,5,9,0.75,10,10,7,143,1,9,9,High
3936,26,3,0,45,39,2,5,2,11,5,5,16.1,4,6,3,4,0.13,5,1,6,103,9,2,4,Low
3937,44,10,5,100,39,9,8,10,18,10,8,16.9,9,8,10,9,0.56,8,8,10,139,4,8,9,High
3938,46,6,3,76,41,8,7,9,11,5,4,9.4,7,9,5,5,0.4,6,8,4,104,8,7,7,Medium
3939,55,8,9,95,44,5,6,10,21,8,8,20.4,9,6,8,8,0.42,8,8,7,131,5,8,6,High
3940,26,7,1,48,29,6,3,2,2,5,6,7.5,6,6,4,3,-0.16,3,5,1,81,10,3,1,Low
3941,38,7,2,76,33,6,8,8,15,8,6,10.4,4,6,9,6,0.32,7,9,7,120,8,5,6,Medium
3942,32,6,4,62,45,8,7,6,6,8,6,13.8,2,7,7,6,0.21,5,6,7,99,2,8,5,Medium
3943,48,9,3,89,46,7,8,8,12,7,5,10.7,6,6,6,7,0.31,7,10,9,143,5,7,5,Medium
3944,52,7,6,86,54,10,5,9,21,9,9,13.1,9,6,10,9,1.0,6,9,10,152,3,10,7,High
3945,67,8,5,96,37,9,6,9,18,8,7,18.1,8,7,5,8,0.66,9,8,7,122,4,8,6,High
3946,29,7,2,39,41,6,1,4,11,4,8,7.4,7,6,1,3,-0.5,3,4,2,73,11,1,4,Low
3947,48,4,0,72,40,7,2,7,10,6,6,15.2,8,7,4,6,-0.08,6,6,3,140,0,4,5,Medium
3948,28,5,4,68,36,8,8,7,8,6,7,6.9,7,8,5,8,0.61,7,6,8,130,3,3,7,Medium
3949,46,7,3,90,43,6,7,9,15,9,8,6.7,8,5,6,5,0.23,5,8,6,105,1,6,7,Medium
3950,56,9,3,96,36,8,9,10,13,8,8,14.8,8,7,7,9,1.0,10,8,9,119,2,8,7,High
3951,42,7,3,94,53,8,8,9,19,10,9,22.5,8,7,4,9,0.25,9,10,10,121,2,7,10,High
3952,27,8,2,80,40,5,6,4,11,5,6,11.1,9,7,6,6,0.45,7,5,8,131,1,6,8,Medium
3953,58,10,2,74,42,8,5,6,20,8,9,12.2,10,8,8,7,0.66,9,10,8,108,2,10,10,High
3954,39,4,3,62,40,8,6,6,13,7,6,12.5,8,6,4,7,0.27,4,5,6,149,3,4,5,Medium
3955,61,9,3,83,39,10,7,10,15,9,7,17.2,9,8,8,8,0.89,7,8,8,126,2,9,9,High
3956,25,7,0,100,47,5,6,6,11,8,4,13.4,5,5,8,7,0.27,6,6,3,138,4,2,5,Medium
3957,58,10,1,87,41,8,9,10,21,9,7,23.9,9,7,5,7,1.0,6,7,9,119,3,9,8,High
3958,55,9,3,78,40,7,6,9,16,7,10,17.6,8,8,7,9,0.65,9,9,7,137,1,8,10,High
3959,51,5,2,73,43,6,7,8,12,6,6,9.9,4,6,6,9,-0.29,7,5,7,111,8,9,7,Medium
3960,52,8,2,75,34,9,10,7,14,10,10,13.0,7,8,9,8,1.0,9,7,9,126,0,9,10,High
3961,38,5,3,54,34,5,4,4,8,5,9,4.7,7,4,5,5,0.04,2,3,3,90,8,5,3,Low
3962,24,3,0,82,34,7,6,8,8,5,9,12.4,6,6,5,7,0.15,4,4,4,105,3,8,5,Medium
3963,41,5,1,77,34,6,7,7,8,5,8,16.1,9,7,5,7,-0.04,6,7,4,140,6,7,3,Medium
3964,47,9,2,97,37,8,10,9,11,7,8,18.0,6,7,7,10,0.47,9,7,7,164,0,8,7,High
3965,55,9,5,90,40,9,4,8,13,8,7,14.8,8,8,9,8,0.65,7,5,8,146,0,7,9,High
3966,52,9,2,96,40,9,6,8,23,9,10,21.2,10,8,7,9,0.64,10,7,8,166,1,7,10,High
3967,45,8,3,86,44,10,7,9,18,9,9,20.7,6,10,10,8,0.81,8,6,10,143,1,9,8,High
3968,34,7,1,71,35,6,6,6,9,6,8,10.8,6,5,2,5,-0.29,7,8,6,93,2,3,7,Medium
3969,52,9,4,87,51,9,7,7,21,7,9,19.0,9,10,7,9,0.6,8,8,7,124,2,7,9,High
3970,50,5,0,99,34,10,7,5,17,9,4,12.7,5,7,8,7,0.47,8,4,8,94,3,6,8,Medium
3971,28,7,2,87,48,6,5,8,13,7,6,14.4,9,6,5,6,0.07,7,8,4,120,4,7,6,Medium
3972,29,6,0,56,42,4,1,1,8,6,4,7.3,6,6,1,7,0.11,2,3,4,95,8,5,3,Low
3973,48,9,1,82,38,8,8,8,15,9,6,17.5,10,5,7,10,1.0,7,8,9,140,2,5,9,High
3974,43,9,3,86,48,9,7,8,11,7,8,15.9,9,7,7,8,0.67,9,8,9,108,2,7,9,High
3975,42,6,2,64,49,8,7,4,14,8,9,15.9,7,6,5,6,-0.05,7,7,7,116,0,9,6,Medium
3976,26,4,3,53,36,3,2,4,8,4,6,7.2,5,8,3,2,-0.19,4,4,2,95,7,6,4,Low
3977,45,10,1,87,46,10,10,9,16,7,8,12.7,10,9,7,8,0.75,7,8,8,137,2,10,8,High
3978,30,4,2,54,31,6,4,5,11,4,10,6.7,6,4,6,1,0.02,9,1,3,101,3,5,3,Low
3979,45,7,5,100,42,10,8,10,21,9,10,17.0,9,7,9,9,0.45,8,7,9,156,0,7,7,High
3980,42,8,4,100,41,9,10,7,20,8,9,13.4,7,8,10,8,0.66,6,10,9,134,0,8,8,High
3981,34,7,4,65,31,7,5,9,11,5,7,7.6,7,8,6,7,0.2,4,8,7,128,7,7,6,Medium
3982,43,5,3,66,45,7,5,8,11,8,9,7.7,6,7,4,6,0.49,6,1,5,108,3,4,8,Medium
3983,43,10,2,78,46,7,8,8,15,8,9,18.3,9,9,9,9,0.65,9,7,7,132,2,8,8,High
3984,54,7,5,81,46,7,9,8,19,8,7,15.1,8,9,10,10,0.67,8,9,6,144,2,8,8,High
3985,49,6,3,77,44,5,4,7,9,7,9,8.5,7,6,5,7,0.08,7,8,4,112,6,5,5,Medium
3986,48,7,4,86,44,8,7,10,14,10,10,18.9,4,9,7,9,0.68,10,6,7,144,0,8,7,High
3987,23,7,0,46,38,1,3,3,8,3,6,5.3,5,3,7,3,0.14,5,5,1,82,4,6,3,Low
3988,29,9,3,71,39,9,4,9,12,8,7,14.3,8,5,9,7,-0.1,5,8,7,120,5,8,4,Medium
3989,56,10,4,93,40,8,9,8,17,9,8,16.0,9,8,8,8,0.75,7,9,6,119,3,9,8,High
3990,44,7,3,95,36,7,5,7,19,8,8,18.2,10,7,9,7,0.53,8,8,5,125,3,8,8,High
3991,26,1,1,57,44,7,2,4,9,5,6,3.3,5,5,3,6,-0.39,8,6,2,84,6,1,8,Low
3992,35,9,1,83,51,9,6,10,17,8,10,17.6,9,8,9,10,0.89,9,8,7,149,5,8,6,High
3993,44,5,3,79,49,8,2,5,11,5,6,11.3,7,9,8,5,0.04,7,6,5,101,7,6,10,Medium
3994,40,9,4,92,41,6,6,5,12,10,7,10.5,7,9,6,5,0.2,9,5,8,118,4,10,8,Medium
3995,22,3,0,55,40,4,3,3,13,6,6,9.7,3,5,3,6,-0.17,3,7,5,78,11,5,5,Low
3996,53,8,4,74,40,8,10,8,23,9,10,17.8,9,9,6,8,0.78,8,6,10,153,0,5,6,High
3997,31,3,1,62,29,4,4,4,6,3,4,8.1,6,5,3,5,0.02,6,3,7,82,8,3,8,Low
3998,33,5,1,74,41,6,7,7,17,6,8,11.1,7,7,9,8,0.5,4,4,8,109,3,7,7,Medium
3999,50,5,2,96,40,5,3,6,18,6,4,11.3,5,5,4,3,0.37,6,4,7,110,2,5,8,Medium
4000,47,8,4,100,50,10,10,9,19,8,9,16.7,9,9,7,9,0.24,6,8,10,144,5,7,10,High
4001,45,7,3,64,27,8,8,7,11,10,6,12.9,8,9,3,9,0.19,5,10,6,106,2,6,7,Medium
4002,55,10,6,92,47,10,10,7,16,9,5,14.6,7,10,8,10,0.87,10,8,8,160,3,8,10,High
4003,29,5,3,70,40,4,5,5,16,6,7,11.8,6,7,8,4,0.76,6,6,8,96,2,8,7,Medium
4004,45,7,2,82,33,4,6,4,13,10,5,9.8,8,7,3,10,0.09,6,5,7,136,0,5,7,Medium
4005,34,7,4,82,33,6,7,5,7,6,4,9.5,7,4,5,6,-0.3,7,6,3,111,5,4,7,Medium
4006,39,10,2,99,40,7,9,9,18,10,6,14.6,8,8,6,8,0.66,7,10,7,167,1,9,8,High
4007,56,6,2,89,36,8,7,10,17,8,9,14.0,9,6,9,9,0.59,8,8,9,96,0,8,7,High
4008,25,6,2,57,39,3,5,7,4,6,3,2.0,2,4,2,4,-0.06,4,4,4,100,9,4,4,Low
4009,40,5,1,59,40,8,8,5,14,7,8,10.5,6,7,6,7,0.37,8,8,5,110,4,6,6,Medium
4010,23,3,1,39,40,4,4,6,2,2,7,6.4,6,3,4,5,-0.27,7,6,5,108,6,4,6,Low
4011,50,3,4,78,36,7,7,6,12,5,8,13.1,8,7,6,5,0.13,6,5,6,112,4,6,5,Medium
4012,41,7,4,78,47,6,4,7,14,8,7,13.7,7,9,3,6,0.5,7,5,5,121,7,6,6,Medium
4013,40,5,2,88,33,8,6,10,11,5,8,7.1,7,6,4,6,-0.07,5,3,8,117,4,7,7,Medium
4014,32,6,2,80,36,5,5,7,10,7,7,19.0,7,8,4,6,0.21,5,6,3,109,4,2,6,Medium
4015,45,9,2,61,49,4,5,4,13,8,4,14.9,7,5,5,8,0.38,6,7,8,127,0,9,9,Medium
4016,42,5,4,65,46,6,4,6,13,8,5,7.0,8,6,6,6,0.15,7,8,8,111,6,6,6,Medium
4017,41,10,7,91,57,7,6,9,16,8,7,17.3,7,8,9,9,0.75,6,6,7,147,2,8,8,High
4018,36,9,0,99,42,9,7,9,11,8,4,12.3,7,6,5,6,0.41,8,8,6,89,0,6,4,Medium
4019,36,3,0,92,35,4,5,1,11,5,3,7.8,5,5,3,3,-0.5,5,2,4,65,7,4,6,Low
4020,55,8,1,90,44,9,7,10,17,7,7,10.7,9,9,9,8,0.62,10,9,10,139,2,8,7,High
4021,31,6,2,70,32,8,7,4,16,7,7,9.9,4,7,9,5,-0.1,6,7,6,113,3,8,6,Medium
4022,48,7,5,85,33,6,4,8,4,8,6,11.2,9,6,8,5,0.46,4,3,6,116,0,5,8,Medium
4023,30,4,2,84,36,7,6,4,12,8,5,11.0,5,9,7,6,0.62,7,7,3,110,3,10,7,Medium
4024,32,8,2,54,43,8,6,6,10,6,6,11.7,8,6,4,4,0.4,7,3,6,120,5,6,8,Medium
4025,29,6,2,44,27,4,2,4,3,5,4,9.1,5,6,3,4,-0.5,6,4,5,104,5,6,4,Low
4026,38,6,0,74,45,6,7,5,13,9,10,15.0,8,7,5,10,-0.5,3,5,6,102,7,6,7,Medium
4027,54,8,2,100,51,6,8,8,16,9,6,17.2,6,8,7,8,0.85,9,9,8,135,1,5,9,High
4028,36,5,0,84,49,5,6,6,14,4,7,16.2,5,6,6,8,0.05,4,8,9,137,6,7,7,Medium
4029,40,4,4,73,51,7,6,5,15,6,7,14.3,6,5,4,5,0.42,4,5,7,130,5,4,5,Medium
4030,44,7,1,92,41,5,5,6,11,6,6,13.6,5,6,3,9,0.63,4,5,4,120,4,6,6,Medium
4031,22,6,0,51,40,6,3,7,6,2,6,5.4,2,7,3,4,-0.1,3,7,5,84,7,1,5,Low
4032,41,4,3,32,37,6,5,5,12,9,9,18.8,6,9,3,7,0.33,3,7,6,125,5,5,8,Medium
4033,52,8,3,56,38,10,9,8,17,8,10,15.9,8,9,10,10,0.77,10,9,7,140,1,8,7,High
4034,21,4,1,42,28,5,2,7,9,4,4,6.1,5,5,4,7,-0.5,1,1,6,87,15,7,4,Low
4035,38,7,2,55,32,4,6,8,11,4,7,10.4,6,7,6,6,0.32,7,6,7,117,0,7,9,Medium
4036,42,5,2,47,33,7,5,7,14,5,8,14.9,8,9,3,8,0.6,5,7,4,115,3,5,5,Medium
4037,34,5,4,64,42,5,8,6,9,5,6,11.8,7,3,2,7,0.1,5,3,8,139,7,6,9,Medium
4038,47,8,4,100,33,7,10,9,18,6,8,16.7,9,10,9,8,0.62,8,9,7,138,2,9,7,High
4039,34,6,0,22,27,6,3,5,12,4,9,13.9,3,3,1,4,-0.28,6,3,4,112,5,4,3,Low
4040,29,6,2,86,48,6,6,6,17,8,10,11.8,7,7,4,5,0.79,7,5,5,88,6,10,9,Medium
4041,26,4,0,34,36,9,4,2,9,2,6,11.8,8,6,3,3,-0.06,3,4,5,71,9,5,6,Low
4042,48,8,6,87,41,10,10,8,20,9,9,19.1,9,7,7,10,0.57,9,10,8,151,2,8,10,High
4043,36,5,0,49,50,3,5,6,12,1,4,7.4,4,1,1,6,-0.24,3,5,4,79,9,4,4,Low
4044,31,8,2,51,39,7,7,5,12,8,8,11.4,8,8,6,10,-0.19,8,5,8,135,0,2,8,Medium
4045,53,10,2,79,53,8,9,7,9,8,8,16.5,10,9,7,7,0.87,8,8,6,122,2,7,7,High
4046,37,8,3,71,32,10,8,10,15,10,8,18.5,9,9,10,7,0.89,8,5,9,143,2,6,9,High
4047,33,8,2,75,36,5,7,6,13,6,9,15.8,6,8,2,5,0.19,5,9,6,119,4,6,6,Medium
4048,48,4,1,64,36,8,6,7,6,6,8,12.1,5,8,1,5,-0.0,5,8,6,106,8,6,5,Medium
4049,50,8,2,47,36,8,7,5,11,7,8,12.1,8,7,5,7,0.09,5,4,6,126,3,6,8,Medium
4050,44,5,3,92,41,5,7,7,16,7,7,13.5,6,6,3,8,0.6,6,4,5,124,2,6,7,Medium
4051,46,4,1,61,37,5,5,6,7,4,6,13.5,6,5,8,5,0.31,5,6,9,122,3,6,4,Medium
4052,51,7,3,52,38,7,4,8,15,5,7,12.5,4,5,8,5,0.0,7,4,7,102,4,7,5,Medium
4053,33,8,3,77,45,5,5,5,16,8,9,10.9,3,6,6,6,-0.23,5,4,6,107,7,6,7,Medium
4054,47,6,3,93,46,7,8,8,17,8,5,10.6,6,9,6,6,0.25,5,7,8,122,4,5,7,Medium
4055,43,4,0,58,44,7,3,4,15,6,4,9.9,7,8,6,6,0.36,6,4,4,122,5,4,5,Medium
4056,60,5,3,88,51,7,8,10,17,9,10,19.9,10,9,7,7,0.34,9,10,6,172,4,8,10,High
4057,31,5,1,82,41,6,4,7,10,6,5,16.0,7,8,6,6,0.3,8,3,7,106,5,5,7,Medium
4058,29,6,1,33,28,5,5,6,7,4,4,9.8,6,6,4,6,-0.33,6,1,3,83,8,6,4,Low
4059,30,3,0,64,20,6,4,5,8,6,5,5.2,3,4,4,6,0.52,4,2,6,113,8,3,3,Low
4060,49,8,4,89,39,9,9,9,10,9,9,11.1,8,6,8,9,0.84,8,9,7,144,4,7,8,High
4061,42,5,3,77,47,4,5,8,15,5,9,14.5,6,6,8,4,0.67,8,7,4,103,7,7,10,Medium
4062,23,4,1,27,27,4,4,9,11,5,3,7.2,5,7,5,4,-0.3,4,2,6,97,5,2,3,Low
4063,40,6,1,75,41,6,6,8,13,8,10,6.3,7,7,8,7,-0.01,6,7,8,115,3,6,7,Medium
4064,53,7,0,89,37,6,5,5,12,8,6,14.3,5,6,6,5,0.74,5,8,7,99,3,7,7,Medium
4065,42,7,1,77,38,7,5,5,8,6,7,9.4,9,7,5,5,0.15,9,4,8,107,4,8,8,Medium
4066,44,7,1,89,38,9,4,7,12,7,7,14.7,8,9,5,8,0.24,7,5,5,113,7,6,5,Medium
4067,28,3,0,69,35,2,4,7,6,4,6,11.7,2,3,6,4,-0.19,2,5,4,98,5,4,5,Low
4068,45,8,3,87,49,7,8,9,17,8,10,16.7,9,9,6,10,0.59,8,8,6,159,0,9,7,High
4069,39,5,3,55,46,8,5,5,17,6,4,13.1,10,7,5,5,0.22,7,6,9,124,4,6,7,Medium
4070,45,2,1,60,45,9,4,8,12,7,7,11.9,7,5,8,2,0.72,4,7,6,121,3,6,7,Medium
4071,45,8,4,84,33,8,10,9,21,10,8,16.9,9,8,7,8,0.54,8,8,10,133,1,7,10,High
4072,39,6,2,67,49,5,6,7,18,5,6,13.4,4,7,4,7,0.33,4,7,7,110,3,5,7,Medium
4073,49,7,3,65,34,4,7,6,17,6,6,11.3,5,6,7,8,0.16,7,7,7,141,0,7,5,Medium
4074,45,10,1,80,36,7,4,6,13,6,10,16.7,9,9,6,6,0.0,4,6,5,102,2,7,5,Medium
4075,40,5,1,66,36,6,4,6,15,8,7,13.9,9,4,7,4,0.15,7,5,7,132,3,6,7,Medium
4076,64,9,3,87,41,8,8,8,14,8,8,12.3,8,9,6,8,0.57,9,8,7,146,1,8,6,High
4077,44,9,3,82,40,10,9,10,25,7,7,21.5,10,8,6,7,0.76,9,7,9,133,1,6,10,High
4078,38,6,1,38,31,4,5,6,5,2,5,7.9,4,2,4,5,0.26,4,8,4,81,6,7,2,Low
4079,23,2,3,50,26,8,5,2,12,6,3,8.0,4,4,5,7,-0.01,4,1,5,88,7,1,8,Low
4080,46,8,8,93,44,8,9,7,16,9,10,18.8,10,10,9,10,0.63,8,6,7,149,1,5,10,High
4081,60,8,5,83,31,8,10,8,18,10,8,15.0,10,6,7,8,0.87,8,10,9,135,1,9,9,High
4082,48,9,4,100,41,10,7,7,12,8,9,14.1,8,9,8,8,0.56,7,6,8,130,0,8,9,High
4083,46,6,0,57,43,7,3,8,9,9,7,12.7,8,7,5,8,0.47,6,7,4,103,3,3,6,Medium
4084,40,6,0,72,39,8,5,6,13,6,7,9.7,8,10,9,6,0.32,9,7,7,106,4,5,7,Medium
4085,52,7,5,83,37,10,6,6,15,9,10,14.5,8,8,6,9,0.77,8,9,6,141,2,7,8,High
4086,34,3,0,49,47,9,6,8,11,7,8,8.8,7,6,8,7,0.28,4,2,6,117,4,4,5,Medium
4087,40,5,3,66,42,8,7,7,10,6,8,8.8,8,10,5,5,0.4,7,6,9,107,5,6,5,Medium
4088,29,2,1,59,32,6,4,5,12,5,7,11.9,3,5,1,5,-0.26,4,2,5,106,5,6,3,Low
4089,42,4,2,87,36,6,10,10,16,5,5,10.5,8,6,8,8,-0.01,7,10,6,95,4,6,6,Medium
4090,43,4,3,66,42,5,6,8,9,6,9,9.2,5,9,4,6,0.41,4,5,10,99,7,5,7,Medium
4091,53,5,0,73,32,7,5,6,14,7,7,11.7,7,6,5,6,0.39,7,4,7,117,2,6,6,Medium
4092,45,8,3,96,37,9,8,9,16,8,10,15.1,8,8,8,7,0.75,8,10,8,126,0,6,6,High
4093,23,5,1,59,36,8,6,7,15,6,7,12.6,8,6,6,5,0.19,4,6,8,122,4,4,8,Medium
4094,57,7,2,80,35,8,10,10,15,7,9,15.6,10,9,10,10,0.64,6,9,7,105,7,10,8,High
4095,31,3,1,51,31,6,1,6,9,4,7,2.0,4,7,4,6,-0.16,3,6,3,79,5,3,5,Low
4096,34,6,0,66,47,5,4,7,8,6,7,10.3,6,7,3,9,0.08,5,4,6,131,3,3,6,Medium
4097,57,7,5,76,36,7,7,7,18,10,8,14.2,8,8,6,8,0.84,10,4,9,161,5,8,8,High
4098,30,3,1,31,26,4,1,9,8,4,3,11.3,1,7,4,1,-0.2,7,6,7,90,8,5,2,Low
4099,21,6,1,59,29,5,5,4,12,8,4,7.1,1,5,3,4,-0.21,3,3,5,60,11,4,5,Low
4100,25,6,1,69,44,6,2,9,15,5,8,10.9,7,6,3,7,0.47,7,5,5,123,5,6,7,Medium
4101,26,4,2,65,28,6,2,2,10,6,4,12.5,6,8,2,2,-0.19,5,5,4,93,5,4,3,Low
4102,43,7,3,74,35,8,7,10,19,7,8,16.9,10,10,6,8,0.94,6,10,5,130,4,8,7,High
4103,51,7,6,88,30,9,8,8,20,8,9,11.5,8,9,8,9,0.96,8,10,6,139,1,7,9,High
4104,22,5,3,77,38,8,6,6,12,4,8,12.8,7,6,8,7,0.47,7,6,4,125,3,8,8,Medium
4105,35,5,3,80,41,5,4,9,9,8,4,11.7,6,8,4,8,0.16,7,3,9,110,5,8,7,Medium
4106,32,7,4,96,44,7,6,6,13,7,6,10.6,6,5,5,8,0.3,6,6,6,105,3,6,6,Medium
4107,46,9,2,92,42,8,4,9,20,10,9,19.5,8,6,8,8,0.7,8,9,8,140,3,7,10,High
4108,24,3,1,62,37,4,3,5,9,2,6,6.2,4,6,4,2,-0.31,4,1,2,87,6,3,3,Low
4109,45,6,3,61,39,4,7,6,9,6,6,16.5,7,4,6,5,0.3,5,5,10,122,7,4,8,Medium
4110,41,6,5,89,38,7,5,7,10,7,5,11.7,8,9,9,7,0.6,6,4,6,114,3,6,6,Medium
4111,35,5,2,65,34,9,7,7,14,6,4,12.0,9,6,4,6,0.1,4,7,4,99,3,8,8,Medium
4112,32,4,2,79,37,7,3,7,11,6,7,11.8,5,9,2,7,0.29,6,5,5,132,6,5,8,Medium
4113,40,7,4,88,44,9,6,7,21,10,10,15.0,7,8,8,8,0.8,10,9,10,139,1,7,8,High
4114,29,4,2,54,30,1,3,5,7,7,7,11.7,5,7,6,4,0.35,3,7,4,61,9,5,3,Low
4115,36,5,1,23,36,5,1,7,8,3,8,11.2,2,6,5,3,-0.32,5,8,7,62,6,4,6,Low
4116,46,8,3,100,45,8,8,8,19,8,9,11.1,9,10,7,10,0.57,9,10,10,146,2,10,8,High
4117,49,9,4,83,35,9,7,9,14,8,9,16.2,8,7,8,8,0.47,8,7,9,128,2,10,8,High
4118,21,3,1,86,34,3,2,5,9,3,1,10.2,4,5,4,8,0.16,2,6,5,118,4,2,9,Low
4119,49,7,4,81,42,4,6,7,7,9,6,16.7,6,7,6,5,0.18,4,6,8,152,5,5,6,Medium
4120,28,3,1,84,44,6,5,5,16,6,8,14.1,6,5,6,6,0.07,5,3,3,112,6,9,7,Medium
4121,26,8,2,75,30,7,5,6,16,6,8,17.1,9,7,6,6,0.67,7,2,7,114,3,3,8,Medium
4122,45,6,1,82,43,8,5,6,10,7,5,7.5,6,6,6,7,0.31,4,7,7,136,5,8,8,Medium
4123,29,4,3,55,31,6,3,5,7,8,3,2.1,6,6,4,4,-0.29,1,5,3,69,9,6,4,Low
4124,44,5,3,63,41,6,5,10,7,9,6,14.4,9,5,3,5,-0.12,6,6,4,86,1,6,4,Medium
4125,55,7,3,71,34,9,9,8,17,6,9,17.0,9,8,9,8,0.81,10,7,9,140,2,8,10,High
4126,32,8,2,68,41,5,7,4,12,6,8,11.3,7,9,4,6,0.51,5,5,6,118,6,8,7,Medium
4127,34,5,4,78,45,5,8,4,9,6,6,18.0,6,10,6,8,0.76,9,6,8,112,7,3,6,Medium
4128,23,4,1,81,37,5,4,1,10,1,1,13.1,2,6,4,2,-0.04,4,5,2,76,5,1,2,Low
4129,50,8,7,75,32,10,10,7,13,9,9,13.5,8,8,7,8,0.85,10,10,8,142,2,9,8,High
4130,53,10,1,100,47,9,6,10,15,7,10,19.2,8,9,10,8,0.81,10,10,6,135,0,8,10,High
4131,50,10,3,91,39,8,8,8,15,8,9,17.2,7,7,8,10,0.92,10,9,9,170,3,8,8,High
4132,46,8,2,87,40,10,8,8,13,6,10,10.4,9,10,8,9,0.66,5,10,10,159,1,5,9,High
4133,59,8,4,79,47,8,7,6,16,9,7,20.4,8,10,8,9,0.47,10,7,8,143,1,9,6,High
4134,36,5,3,76,27,6,4,8,12,7,6,9.2,7,8,4,6,0.34,3,6,9,129,5,6,8,Medium
4135,38,5,3,76,34,6,6,5,12,7,5,9.2,6,7,7,7,0.01,4,7,7,114,1,4,6,Medium
4136,47,6,1,45,33,6,8,6,17,9,9,10.4,8,6,5,5,0.71,7,8,7,118,6,4,9,Medium
4137,49,9,3,96,43,8,8,7,15,8,8,21.3,8,10,8,9,0.79,8,7,9,142,4,10,9,High
4138,62,8,4,74,39,6,7,8,18,8,7,7.8,9,10,7,9,0.7,7,9,9,145,1,9,8,High
4139,36,9,3,80,38,5,5,5,14,8,8,15.9,10,5,7,5,0.4,8,7,6,122,7,6,9,Medium
4140,35,3,2,42,21,4,3,7,5,3,5,7.6,4,5,5,2,-0.5,1,8,9,96,7,4,2,Low
4141,33,7,2,57,42,7,6,7,10,7,8,19.2,8,6,7,5,0.49,6,6,6,138,3,6,6,Medium
4142,39,8,4,100,44,8,8,7,14,9,8,13.8,9,8,6,7,0.52,10,7,8,156,3,8,7,High
4143,29,7,2,55,37,5,5,4,14,1,5,18.6,5,9,10,6,0.31,6,7,5,112,6,4,4,Medium
4144,42,3,0,68,36,5,3,6,12,6,6,15.1,7,7,6,8,0.35,5,9,4,90,3,4,8,Medium
4145,48,5,2,63,39,4,4,9,14,5,7,10.6,3,7,5,5,0.42,8,5,5,115,6,5,6,Medium
4146,36,6,3,67,54,6,8,7,20,9,8,16.3,7,9,5,5,0.38,5,9,4,152,5,9,5,Medium
4147,56,8,5,92,47,8,8,9,11,8,8,13.6,9,8,8,8,0.35,7,9,7,127,1,4,9,High
4148,44,8,2,71,40,7,5,6,20,5,7,17.5,5,3,5,6,0.23,2,6,5,112,2,9,8,Medium
4149,27,7,4,85,40,9,9,9,17,10,9,18.6,9,7,7,7,0.82,9,8,6,167,2,8,8,High
4150,27,6,4,78,38,7,5,4,10,7,7,9.0,5,5,5,6,0.32,6,5,9,113,5,5,8,Medium
4151,59,4,4,66,47,6,5,5,7,5,3,13.0,7,4,3,8,0.06,5,4,4,89,3,5,4,Medium
4152,44,7,3,87,44,7,6,8,9,6,7,12.6,7,6,6,5,0.46,6,6,9,127,2,6,7,Medium
4153,52,9,2,74,49,8,10,8,21,7,6,17.4,10,7,9,9,0.41,7,8,8,157,4,8,7,High
4154,38,5,1,46,41,6,6,4,15,7,7,9.5,5,9,4,5,0.51,4,5,5,118,5,4,7,Medium
4155,47,7,1,75,43,8,8,6,9,7,5,13.6,7,6,5,8,0.55,6,5,7,110,2,6,6,Medium
4156,35,6,0,73,43,6,4,5,11,7,8,13.1,7,7,4,6,0.21,7,6,9,106,2,5,10,Medium
4157,52,6,4,88,55,6,8,8,12,8,10,17.2,9,8,8,8,0.89,9,6,7,123,3,8,7,High
4158,40,5,0,32,32,3,3,4,2,7,4,11.7,2,4,3,4,0.09,4,4,1,84,5,2,9,Low
4159,53,9,6,94,51,9,7,8,17,7,9,21.9,8,10,7,10,0.76,7,8,7,114,3,9,9,High
4160,31,5,1,59,39,7,5,5,13,8,7,14.3,6,6,6,5,0.52,6,6,8,118,6,6,7,Medium
4161,34,7,2,63,30,5,4,8,15,7,6,13.0,7,5,6,7,0.09,6,7,3,113,4,4,8,Medium
4162,25,3,2,34,42,3,5,4,5,6,5,8.0,6,4,4,4,-0.25,3,5,2,92,4,3,5,Low
4163,42,6,1,63,39,6,7,5,17,4,9,11.0,6,6,3,5,0.45,4,5,7,118,3,6,7,Medium
4164,46,5,3,97,44,5,9,6,17,9,6,10.9,8,4,6,5,-0.04,4,3,5,136,3,7,6,Medium
4165,31,6,2,37,28,4,4,5,8,5,3,8.4,1,6,2,2,-0.24,5,3,3,95,8,3,4,Low
4166,38,5,1,63,30,9,2,4,16,7,5,13.8,6,6,5,4,0.45,4,10,7,128,0,7,10,Medium
4167,55,8,3,83,36,8,9,8,11,9,7,16.6,7,7,10,8,0.76,6,10,9,145,2,5,10,High
4168,37,6,3,51,40,3,5,5,10,5,4,11.7,3,8,3,3,0.2,2,5,7,118,4,7,8,Low
4169,47,9,3,70,43,8,6,10,16,9,7,19.2,8,8,6,7,0.78,10,9,6,151,4,8,9,High
4170,43,6,0,59,25,8,6,6,13,6,8,12.7,8,7,5,6,0.59,3,3,3,145,6,6,6,Medium
4171,45,4,1,100,38,4,5,6,19,6,8,16.3,6,7,3,4,0.36,2,8,8,120,4,6,5,Medium
4172,31,6,4,89,45,7,8,6,15,6,7,9.8,4,8,7,5,-0.23,3,4,4,134,6,7,7,Medium
4173,38,4,1,54,36,4,4,8,12,5,3,4.0,2,5,7,5,-0.12,3,5,5,102,7,3,4,Low
4174,29,4,1,33,40,4,3,3,7,4,6,11.6,5,3,4,9,0.19,2,3,6,96,8,3,1,Low
4175,26,3,1,56,35,4,4,7,5,5,4,13.1,4,6,1,4,-0.27,3,3,3,77,7,3,7,Low
4176,22,3,1,35,32,6,3,5,11,6,7,7.5,5,4,4,3,-0.27,6,6,1,112,7,4,6,Low
4177,39,6,1,84,36,8,7,5,10,8,4,7.2,9,7,6,7,0.66,6,7,5,116,6,7,5,Medium
4178,62,8,2,90,48,7,9,6,14,9,7,15.3,8,8,7,7,0.55,9,9,8,123,5,10,8,High
4179,63,8,3,100,38,8,10,8,15,8,9,14.1,7,9,7,10,0.96,8,8,8,141,1,9,9,High
4180,22,7,0,75,43,7,6,8,9,4,6,12.2,5,5,7,6,0.2,7,10,9,115,8,3,8,Medium
4181,32,3,0,57,47,4,5,3,10,4,1,5.1,2,3,4,4,-0.46,2,6,3,70,6,7,3,Low
4182,40,7,1,100,36,6,4,4,14,8,7,15.2,6,6,6,9,0.09,5,6,6,128,3,7,5,Medium
4183,42,7,3,75,44,8,5,8,10,7,8,5.2,9,6,7,6,-0.16,8,8,5,103,7,8,7,Medium
4184,39,6,0,86,43,8,5,4,13,5,5,12.0,8,7,5,3,0.18,1,7,7,99,3,4,7,Medium
4185,52,6,2,92,33,8,4,5,11,7,9,13.6,8,9,3,5,-0.02,5,7,8,75,4,7,8,Medium
4186,45,5,3,69,35,4,5,6,14,6,7,16.0,7,5,3,7,-0.5,6,5,6,121,9,6,6,Medium
4187,37,6,3,86,38,7,7,7,7,5,6,12.3,10,6,7,9,0.09,6,5,7,127,0,5,8,Medium
4188,52,7,0,65,49,5,5,7,12,7,7,7.6,6,7,6,8,0.69,8,6,8,97,2,9,6,Medium
4189,50,8,4,95,37,8,10,7,19,10,7,18.8,9,8,6,9,0.34,8,8,9,156,3,10,7,High
4190,53,10,2,82,35,8,10,7,17,7,8,14.9,7,10,8,9,0.44,8,7,9,132,2,10,6,High
4191,40,4,2,49,38,6,6,9,14,6,6,11.5,4,6,7,10,0.42,6,3,5,139,6,7,7,Medium
4192,61,7,0,77,39,9,9,7,12,10,9,15.3,8,9,8,10,0.97,7,6,9,136,1,7,9,High
4193,52,7,4,100,41,10,6,10,16,8,8,15.9,6,9,8,10,0.77,9,10,10,138,0,7,8,High
4194,42,6,2,100,40,6,7,6,16,9,7,13.7,7,6,7,6,0.44,7,6,6,95,2,3,7,Medium
4195,53,4,0,67,38,4,6,7,9,6,3,13.7,7,6,6,6,0.43,7,5,7,79,4,2,7,Medium
4196,44,9,0,68,39,7,4,10,11,7,10,10.2,5,8,5,8,0.11,7,4,7,115,5,8,9,Medium
4197,48,9,3,94,32,7,9,10,16,7,7,17.9,9,9,10,8,0.86,9,5,9,177,4,10,10,High
4198,60,8,3,87,49,7,6,7,14,9,10,16.2,6,8,8,9,0.55,6,7,6,143,1,8,8,High
4199,30,3,1,50,37,5,2,3,6,4,4,5.4,4,6,6,1,-0.32,2,5,6,78,9,5,7,Low
4200,36,6,2,68,41,7,8,6,11,9,5,8.1,5,8,8,9,0.71,7,6,5,125,4,2,7,Medium
4201,45,6,4,75,44,5,7,5,11,8,6,9.9,6,6,2,6,0.46,5,6,6,122,6,10,4,Medium
4202,25,10,2,84,44,7,4,7,14,8,7,12.8,4,7,8,8,0.32,6,8,4,126,6,6,8,Medium
4203,22,4,1,56,37,4,4,6,7,4,5,10.7,1,3,3,3,-0.16,1,5,3,98,12,4,4,Low
4204,45,9,1,97,49,9,8,7,14,10,8,8.5,10,8,8,9,0.85,7,8,8,135,6,10,9,High
4205,34,7,5,69,41,4,8,7,11,7,8,12.4,9,7,5,7,0.19,5,6,9,116,5,4,6,Medium
4206,47,9,5,100,32,7,6,9,19,7,9,14.4,9,7,6,8,0.9,7,8,9,144,0,7,10,High
4207,51,7,5,86,41,10,10,10,18,5,9,16.7,9,10,10,7,0.71,9,9,8,152,0,8,8,High
4208,49,8,4,97,39,8,6,7,16,9,8,19.0,7,9,7,10,0.95,9,8,9,168,0,8,10,High
4209,40,8,1,68,32,9,7,7,10,9,6,9.2,5,10,5,5,0.32,7,8,4,106,0,7,6,Medium
4210,40,7,2,76,39,7,4,7,11,4,5,10.6,5,7,5,9,-0.35,4,6,6,117,1,6,7,Medium
4211,31,3,1,53,26,4,3,8,8,4,4,6.4,8,4,2,9,-0.04,5,3,5,109,7,4,6,Low
4212,27,5,2,70,40,8,5,5,14,8,6,15.5,8,8,6,7,0.41,5,5,7,112,4,5,7,Medium
4213,23,3,1,42,39,2,2,7,3,5,1,5.1,3,4,3,5,-0.37,3,3,3,62,6,5,4,Low
4214,37,5,1,80,35,4,6,7,14,5,7,12.5,7,6,10,9,0.28,3,6,5,100,1,6,4,Medium
4215,34,5,2,54,42,6,7,7,11,4,6,13.6,6,5,9,8,0.03,7,7,3,123,5,5,9,Medium
4216,22,4,1,41,35,4,3,5,15,5,5,6.5,4,5,1,4,-0.11,1,4,3,74,8,3,4,Low
4217,28,2,1,39,33,3,4,3,7,6,3,11.6,5,2,3,1,0.38,4,6,10,78,8,4,7,Low
4218,41,5,1,54,38,5,4,2,8,7,2,9.4,8,5,3,3,-0.16,5,6,1,95,10,5,4,Low
4219,60,9,5,69,44,9,8,9,19,10,10,19.9,9,10,7,10,0.46,8,6,8,142,1,9,8,High
4220,50,10,3,100,52,9,9,10,14,10,10,21.0,6,9,9,10,1.0,7,9,6,124,3,7,8,High
4221,38,3,3,65,45,7,9,8,17,5,5,12.8,6,5,3,5,0.7,7,7,8,110,0,7,5,Medium
4222,30,3,1,63,42,9,4,4,6,2,6,10.1,2,4,5,2,-0.21,10,5,6,82,9,5,7,Low
4223,18,5,0,40,37,4,5,6,10,2,4,7.1,1,5,5,6,-0.24,4,2,3,71,6,4,4,Low
4224,27,6,1,48,36,6,1,3,10,2,1,5.7,5,7,5,5,0.19,4,2,2,78,2,1,3,Low
4225,31,5,0,57,23,3,3,3,11,9,5,15.1,3,6,3,3,0.2,5,7,4,79,4,6,2,Low
4226,53,10,4,100,38,7,8,9,14,10,8,19.8,7,8,8,9,0.74,9,5,10,122,0,5,8,High
4227,44,5,3,58,42,7,5,5,12,7,8,15.0,5,5,4,8,0.21,4,5,4,109,1,5,4,Medium
4228,33,4,1,71,43,3,4,4,14,5,6,13.3,9,9,4,5,0.23,3,6,10,124,5,1,8,Medium
4229,36,5,1,56,30,5,4,6,5,1,6,3.1,4,7,6,6,0.06,4,4,3,111,7,4,4,Low
4230,40,5,0,65,36,5,5,5,15,5,7,16.4,8,6,5,8,0.39,4,6,2,110,7,6,6,Medium
4231,43,8,3,72,44,6,5,4,11,8,7,15.8,8,4,7,7,0.35,4,10,6,129,2,8,6,Medium
4232,34,6,2,65,43,6,6,4,12,5,6,12.6,8,6,7,8,0.56,4,6,4,100,8,4,7,Medium
4233,41,6,2,53,41,5,5,8,13,7,5,17.0,6,7,4,8,0.47,5,5,4,125,5,6,6,Medium
4234,35,3,1,64,35,7,3,4,10,6,6,10.2,5,3,4,3,-0.5,6,3,7,92,8,5,3,Low
4235,33,6,0,95,52,6,4,8,11,8,4,11.8,7,7,3,6,0.34,4,10,7,132,2,3,6,Medium
4236,38,9,2,62,44,4,6,7,12,5,6,7.8,4,7,5,6,0.02,9,8,6,96,6,10,7,Medium
4237,44,5,2,48,39,8,4,6,13,6,5,10.2,8,5,6,7,0.34,7,9,6,129,5,7,4,Medium
4238,51,8,3,66,42,7,6,8,15,10,9,15.4,9,9,5,8,0.62,7,7,9,157,1,7,8,High
4239,38,4,0,66,42,8,3,7,12,8,8,12.1,5,5,7,7,0.14,3,9,7,120,3,5,6,Medium
4240,49,7,2,75,40,7,7,6,11,4,7,13.9,7,6,4,7,0.04,6,2,9,98,6,8,5,Medium
4241,40,8,2,77,48,9,6,5,19,8,4,12.2,6,6,8,5,0.35,7,5,4,105,2,6,6,Medium
4242,37,6,1,76,34,8,6,5,19,4,4,9.6,4,6,7,8,0.49,3,6,4,124,5,8,7,Medium
4243,57,8,2,77,34,7,6,9,12,7,5,11.1,6,7,5,6,-0.08,7,4,5,136,6,4,8,Medium
4244,43,6,1,83,39,6,7,5,7,8,8,13.6,6,5,6,7,0.34,6,6,4,134,3,3,7,Medium
4245,48,9,5,100,39,7,6,8,18,8,9,10.0,9,9,9,9,0.75,9,9,4,148,6,5,10,High
4246,41,5,1,46,25,5,4,6,7,5,2,11.4,5,3,2,1,-0.18,4,6,2,86,8,6,7,Low
4247,33,5,3,45,27,6,4,5,14,7,7,11.3,8,5,8,8,-0.13,7,7,4,112,5,6,5,Medium
4248,40,6,1,77,33,6,3,8,7,6,7,12.2,5,5,5,6,0.22,4,7,7,123,0,5,4,Medium
4249,44,9,2,89,39,8,6,6,14,10,9,18.5,10,9,8,8,0.53,6,8,6,117,2,7,7,High
4250,44,5,2,79,42,10,5,6,18,4,4,7.7,7,5,3,7,0.32,8,9,7,134,6,9,9,Medium
4251,30,7,3,73,40,5,9,2,9,6,7,12.8,5,7,8,5,0.53,4,6,2,128,3,8,7,Medium
4252,32,3,2,51,25,2,3,6,9,2,4,2.0,6,5,3,5,-0.1,4,2,7,83,5,4,1,Low
4253,40,7,5,79,40,6,3,5,13,6,8,10.4,9,5,4,7,0.22,7,6,6,116,3,6,6,Medium
4254,22,5,1,57,26,8,2,3,6,4,5,5.1,5,1,4,7,-0.28,5,5,7,99,5,6,5,Low
4255,49,7,4,79,34,5,7,6,8,5,6,4.3,8,9,3,8,0.58,7,5,7,118,6,5,9,Medium
4256,34,4,2,60,30,6,4,5,8,5,5,3.5,4,2,2,7,-0.0,7,5,6,102,5,3,3,Low
4257,34,6,4,53,41,6,4,7,14,6,5,11.9,5,5,2,5,0.23,6,4,7,112,5,4,8,Medium
4258,39,6,2,68,33,7,5,7,13,8,8,9.6,6,6,8,8,0.44,4,4,2,99,4,7,6,Medium
4259,53,8,1,60,44,5,3,5,13,8,5,14.7,6,6,6,5,0.28,3,3,9,123,5,8,7,Medium
4260,53,6,6,86,36,10,9,9,17,9,9,16.5,7,8,7,8,0.52,8,8,10,140,3,10,8,High
4261,36,8,3,69,33,8,6,3,9,6,7,12.5,6,5,8,8,-0.15,7,4,7,136,1,7,6,Medium
4262,37,7,4,68,44,5,4,5,12,5,6,10.1,6,6,7,7,0.41,5,5,6,122,4,6,8,Medium
4263,39,7,1,64,48,3,5,8,11,7,8,14.1,6,6,6,7,0.42,7,8,3,109,0,7,9,Medium
4264,25,4,3,26,43,7,5,5,11,4,5,6.5,2,4,2,4,-0.06,7,4,1,105,8,5,5,Low
4265,58,7,3,83,54,10,8,9,15,9,8,14.1,8,8,8,8,0.34,8,9,9,133,0,8,10,High
4266,26,4,2,66,34,8,7,1,5,4,6,14.9,6,3,3,3,-0.5,2,5,4,62,6,2,3,Low
4267,37,8,2,68,39,5,7,6,14,3,9,11.4,5,8,5,6,0.64,6,9,4,116,4,4,7,Medium
4268,37,6,3,68,42,4,5,7,13,7,8,19.3,8,6,5,5,0.32,5,8,6,97,3,5,7,Medium
4269,29,8,2,55,38,6,6,6,13,6,4,8.6,5,7,6,8,0.2,7,5,3,119,4,6,6,Medium
4270,41,8,4,81,41,9,6,5,14,7,8,11.8,5,7,7,5,-0.18,9,7,8,118,7,4,7,Medium
4271,37,5,2,81,46,6,5,5,11,3,7,11.5,3,7,7,6,-0.03,6,8,6,122,3,5,7,Medium
4272,32,5,2,57,31,4,3,4,4,6,3,4.3,6,5,2,2,-0.11,2,3,4,85,5,4,7,Low
4273,66,8,5,70,40,7,8,9,20,7,10,21.1,7,9,8,7,0.78,9,7,8,135,1,8,10,High
4274,49,8,3,71,45,6,3,3,15,7,5,16.3,6,5,3,8,0.04,7,4,6,106,6,9,6,Medium
4275,53,6,2,85,46,8,9,8,18,6,8,15.6,8,8,9,9,0.46,6,9,9,174,3,9,8,High
4276,52,10,4,90,44,9,9,6,21,8,10,17.9,9,6,6,9,0.58,8,9,9,149,1,8,8,High
4277,43,10,3,80,57,9,8,7,17,8,7,18.3,8,8,7,9,0.57,10,10,7,123,3,7,10,High
4278,40,7,4,75,35,6,6,7,14,5,6,14.1,6,8,4,8,0.17,3,6,10,132,2,2,10,Medium
4279,44,7,0,80,43,5,4,6,13,7,4,13.0,10,6,5,4,0.11,6,7,7,126,6,7,7,Medium
4280,50,9,7,100,42,9,9,8,21,8,7,12.4,8,8,8,9,0.63,7,9,8,138,1,8,7,High
4281,37,9,1,77,35,5,7,7,18,6,9,10.8,7,5,6,8,0.39,3,7,7,157,1,1,8,Medium
4282,23,5,1,32,20,7,2,2,9,7,4,9.9,4,4,2,4,-0.06,4,4,4,107,10,2,2,Low
4283,49,7,5,83,37,9,9,8,10,7,7,14.5,10,9,9,9,0.68,8,9,7,130,3,10,7,High
4284,48,7,3,82,48,8,9,7,18,8,9,15.5,7,9,9,10,0.63,7,6,9,146,5,8,8,High
4285,40,5,1,56,41,8,6,7,9,3,6,11.2,5,6,7,6,0.11,8,2,5,94,3,4,8,Medium
4286,29,2,1,51,40,7,4,5,16,6,2,9.3,4,6,5,7,-0.23,2,4,5,101,7,6,6,Low
4287,28,3,2,63,47,5,9,8,15,5,7,12.2,7,7,5,6,0.03,7,9,8,109,3,5,7,Medium
4288,48,7,5,88,41,9,10,10,16,9,9,23.4,7,9,8,10,0.77,8,10,7,126,1,10,8,High
4289,61,9,2,80,47,9,5,7,14,10,8,14.9,10,7,7,8,0.9,6,7,10,112,3,10,10,High
4290,37,7,3,83,45,8,4,7,8,7,5,9.8,7,6,9,9,0.58,7,5,7,111,4,4,7,Medium
4291,25,5,0,67,43,7,5,5,5,8,2,6.8,4,5,5,4,0.27,6,5,6,82,7,8,5,Low
4292,44,8,4,96,24,9,10,8,16,9,8,15.9,6,10,8,9,0.75,7,8,5,163,1,9,7,High
4293,27,5,1,74,52,5,6,3,12,7,4,14.4,8,5,5,7,0.09,6,5,4,108,7,5,5,Medium
4294,40,6,3,59,43,7,4,6,16,9,9,10.8,6,6,4,9,0.32,5,5,4,110,2,7,7,Medium
4295,50,7,5,91,51,9,9,10,20,8,9,14.9,9,9,9,8,0.76,9,6,6,112,0,8,6,High
4296,35,3,1,64,29,6,4,3,6,5,4,8.3,4,3,6,1,-0.21,6,3,4,86,8,2,8,Low
4297,40,6,3,62,37,6,7,7,12,6,6,14.7,7,6,6,6,0.33,4,7,6,113,4,8,6,Medium
4298,38,4,2,62,29,3,8,7,2,6,1,8.8,9,6,3,7,0.36,4,2,4,78,6,2,4,Low
4299,36,7,0,92,40,8,7,7,10,8,7,6.5,5,9,4,6,0.13,10,7,8,132,5,6,4,Medium
4300,49,9,6,90,51,9,8,9,15,9,7,16.0,8,9,8,10,0.89,8,6,9,115,2,8,10,High
4301,32,6,2,75,39,6,6,8,14,7,4,12.7,5,7,9,6,0.82,7,7,6,106,2,3,7,Medium
4302,58,9,4,100,28,8,6,10,16,10,8,16.4,9,10,10,10,0.48,8,8,9,137,1,9,9,High
4303,37,4,3,73,43,5,5,7,12,6,9,11.9,6,4,4,6,0.33,4,4,9,108,1,7,5,Medium
4304,36,8,3,86,43,7,5,6,14,6,6,11.5,7,5,2,6,0.33,7,6,3,100,5,5,6,Medium
4305,37,6,1,58,28,8,4,7,9,7,1,13.5,7,7,5,6,0.37,2,3,8,108,3,6,5,Medium
4306,35,10,2,79,47,6,8,5,12,6,5,16.7,6,8,6,6,0.11,4,6,9,103,5,7,6,Medium
4307,39,6,1,61,36,8,3,6,14,8,4,8.5,7,6,5,6,0.41,7,4,7,120,4,7,6,Medium
4308,32,5,1,53,25,7,6,5,8,10,6,7.2,7,2,3,5,-0.41,1,4,1,98,6,3,1,Low
4309,57,6,4,76,39,9,5,6,12,7,8,10.7,6,4,4,6,0.37,6,5,7,103,1,9,6,Medium
4310,39,8,3,89,40,6,2,10,12,6,4,9.0,5,6,1,6,0.27,5,9,6,84,3,5,6,Medium
4311,50,10,2,67,39,10,9,9,14,9,9,19.7,10,8,7,7,0.54,6,10,8,156,1,8,9,High
4312,42,7,2,73,47,8,4,7,17,8,6,12.1,7,7,5,7,0.01,7,5,5,116,3,4,7,Medium
4313,44,9,4,93,43,7,7,9,18,9,6,12.7,9,9,10,8,0.8,9,6,8,153,2,9,8,High
4314,33,8,2,29,42,5,4,1,2,6,4,7.3,5,4,4,4,-0.11,8,7,2,96,6,5,3,Low
4315,44,3,2,62,42,8,4,4,10,7,6,15.2,8,7,7,8,0.21,5,7,3,105,4,6,6,Medium
4316,39,6,4,61,44,6,8,7,8,7,7,5.4,5,5,4,5,-0.0,3,6,9,109,2,3,9,Medium
4317,59,5,4,67,37,7,7,8,12,6,6,10.5,5,7,6,8,0.29,7,8,4,136,5,8,9,Medium
4318,29,4,2,41,36,4,5,6,6,5,2,6.2,6,5,1,5,-0.36,4,7,3,100,8,2,1,Low
4319,59,9,4,84,49,10,8,10,17,8,9,18.3,8,9,8,9,0.64,6,9,8,127,2,9,9,High
4320,37,8,3,86,37,9,8,8,19,7,9,16.5,10,7,7,6,0.46,9,9,6,148,0,7,8,High
4321,39,7,0,69,40,7,5,9,10,7,7,12.1,8,9,6,7,0.33,6,7,5,120,7,4,7,Medium
4322,40,4,1,51,32,3,6,6,5,3,4,11.2,6,5,4,2,0.13,1,5,7,103,6,6,3,Low
4323,59,9,4,80,43,8,8,9,22,9,9,20.0,9,10,5,10,0.58,9,6,10,133,4,7,7,High
4324,48,6,3,69,50,7,4,6,14,6,7,14.3,8,10,8,6,0.18,5,5,9,112,5,5,4,Medium
4325,43,8,5,86,45,9,8,7,16,8,10,20.5,9,8,8,9,0.99,8,9,10,132,0,6,10,High
4326,45,8,6,98,47,9,8,8,15,9,9,12.6,7,9,8,9,0.13,6,9,6,152,2,9,8,High
4327,44,6,1,94,43,8,7,7,13,9,8,17.1,6,9,9,10,0.44,8,9,10,140,4,7,8,High
4328,44,5,2,61,47,7,5,8,11,6,7,20.3,7,9,6,7,0.67,7,8,10,98,5,2,7,Medium
4329,34,7,1,26,22,9,2,6,6,3,4,6.6,6,6,2,2,-0.45,5,2,3,78,9,6,6,Low
4330,35,5,3,65,36,8,6,7,13,7,5,10.3,6,4,4,5,0.11,6,6,7,100,2,5,8,Medium
4331,31,5,1,95,45,7,6,7,13,6,5,13.9,8,7,7,5,-0.4,3,7,3,111,4,6,5,Medium
4332,51,9,5,88,44,10,6,9,19,8,8,16.5,9,8,9,10,1.0,6,8,7,133,3,7,8,High
4333,23,2,3,54,43,5,5,7,7,1,3,9.5,2,5,3,5,-0.19,4,7,1,98,5,1,6,Low
4334,31,3,0,72,43,6,5,4,5,6,4,9.2,5,5,5,6,-0.43,5,2,1,98,6,3,7,Low
4335,61,8,4,99,45,6,10,8,17,10,8,15.7,6,10,6,8,0.91,10,8,9,130,1,5,9,High
4336,47,8,5,100,37,7,10,9,17,8,9,16.1,8,9,7,10,0.48,7,8,9,149,0,8,8,High
4337,58,8,5,88,39,7,7,9,16,9,8,11.7,7,9,9,10,0.7,9,7,6,134,2,9,8,High
4338,48,7,3,86,44,10,8,9,17,9,8,15.0,10,8,7,10,1.0,7,8,7,116,4,9,10,High
4339,37,6,2,75,33,6,6,4,12,6,5,15.1,7,9,4,7,0.68,6,3,6,81,4,6,4,Medium
4340,47,6,1,70,34,9,5,8,10,6,7,10.6,5,5,5,7,0.03,5,9,5,107,0,8,4,Medium
4341,52,9,4,100,34,9,9,5,17,10,9,19.3,8,8,9,9,1.0,6,6,8,129,2,8,7,High
4342,42,6,3,62,45,9,9,5,12,5,7,10.6,8,6,6,9,0.08,7,7,6,100,7,5,7,Medium
4343,47,7,2,61,41,8,6,8,8,5,6,13.9,6,7,5,7,0.03,7,6,3,139,4,6,7,Medium
4344,29,5,3,53,46,5,4,7,12,7,7,7.9,5,5,4,2,-0.24,5,2,5,91,5,1,6,Low
4345,33,6,2,85,35,6,8,6,7,7,6,11.9,4,6,5,7,0.01,7,7,8,116,4,10,5,Medium
4346,43,7,4,92,44,10,7,7,15,9,7,14.9,8,8,8,9,0.73,9,10,7,125,3,9,5,High
4347,40,8,1,100,37,4,4,8,12,5,5,11.2,8,7,9,8,0.11,7,5,9,112,2,9,8,Medium
4348,31,7,1,66,46,7,5,6,11,6,7,7.5,6,7,7,7,-0.08,6,5,4,150,7,8,7,Medium
4349,48,9,3,87,36,7,5,7,15,6,6,15.5,7,7,6,9,0.11,3,6,6,120,2,5,9,Medium
4350,36,6,1,50,31,5,7,6,12,6,6,8.6,4,6,4,5,-0.09,10,7,5,87,2,3,6,Medium
4351,33,6,0,68,45,6,5,8,14,5,6,5.8,7,8,7,4,0.23,3,5,6,115,5,8,6,Medium
4352,41,7,3,81,41,9,3,3,10,5,7,10.4,4,5,4,7,0.39,5,7,5,72,6,8,9,Medium
4353,65,8,4,94,45,8,9,10,22,9,8,17.7,9,8,6,7,0.57,8,8,9,140,0,7,6,High
4354,35,5,0,73,32,6,7,7,7,4,6,11.1,9,7,7,5,0.6,7,9,4,86,3,8,6,Medium
4355,28,6,2,50,43,2,7,3,7,5,5,13.9,4,4,1,3,0.17,5,1,4,92,8,4,5,Low
4356,27,1,1,57,38,6,3,3,2,6,5,6.9,2,7,3,8,-0.23,8,6,4,60,7,6,6,Low
4357,36,9,1,79,36,6,8,5,12,6,7,14.8,6,3,6,7,0.24,9,5,8,95,4,9,6,Medium
4358,54,4,2,96,33,7,6,4,13,8,8,11.1,7,7,3,6,0.18,7,6,5,114,2,7,8,Medium
4359,54,10,4,100,46,7,8,8,18,10,7,20.8,7,7,8,7,0.69,9,8,9,145,1,8,10,High
4360,30,5,1,79,43,6,5,7,11,5,5,16.1,7,5,1,7,-0.01,8,7,3,113,3,8,8,Medium
4361,46,8,3,79,39,7,7,10,14,7,9,18.6,9,8,9,9,0.78,7,7,6,128,3,8,8,High
4362,28,2,2,71,40,7,6,6,8,6,8,17.4,7,5,3,7,0.24,9,6,7,134,6,6,7,Medium
4363,45,7,3,54,35,7,4,5,10,7,6,12.7,7,8,2,8,0.35,5,8,5,130,2,7,7,Medium
4364,38,4,0,80,39,5,4,5,16,6,6,14.7,7,7,7,6,0.42,4,8,6,106,6,4,8,Medium
4365,37,8,5,64,44,9,8,6,13,6,9,16.4,7,9,8,8,0.85,10,8,9,111,5,7,10,High
4366,45,3,2,59,38,9,2,6,10,4,9,11.8,6,5,4,5,0.38,6,3,6,125,4,4,5,Medium
4367,38,9,0,76,44,6,6,8,14,8,5,9.8,7,7,4,5,0.01,6,4,6,118,4,6,6,Medium
4368,50,6,2,57,36,6,5,3,10,6,8,14.9,8,4,7,5,0.11,7,8,6,146,4,8,9,Medium
4369,30,3,1,65,35,4,4,6,12,3,4,9.5,2,5,3,2,-0.22,1,4,3,94,7,9,4,Low
4370,37,9,2,94,48,6,3,9,11,7,4,11.2,7,5,4,7,0.16,4,10,4,127,5,9,5,Medium
4371,41,6,2,69,36,6,6,6,12,9,5,2.0,6,5,5,5,0.45,6,6,5,109,5,10,9,Medium
4372,41,4,0,82,40,6,4,6,10,5,4,14.5,8,7,2,7,0.55,3,5,7,122,0,8,5,Medium
4373,33,5,2,79,46,6,5,6,12,8,3,13.4,6,6,6,4,0.1,7,5,7,107,3,9,6,Medium
4374,34,6,1,98,43,7,8,9,12,7,7,13.1,6,10,6,7,0.82,8,6,4,121,4,6,5,Medium
4375,49,7,2,97,50,9,8,9,20,9,8,17.2,9,9,7,9,0.75,7,9,7,151,2,7,8,High
4376,48,8,2,89,45,10,8,8,19,8,8,21.4,10,9,6,9,0.62,5,8,7,145,0,8,9,High
4377,52,10,2,89,41,10,6,7,14,9,8,12.0,9,8,8,7,0.69,7,8,7,148,2,8,7,High
4378,36,4,0,33,38,4,3,5,10,4,7,7.6,4,5,3,5,-0.14,4,3,6,94,9,5,2,Low
4379,19,5,0,39,37,1,5,4,10,3,4,3.3,2,5,4,5,0.24,3,4,1,92,10,5,5,Low
4380,42,4,1,83,39,7,4,7,12,6,7,14.9,7,7,7,8,0.63,7,10,7,107,2,9,6,Medium
4381,39,4,2,54,35,8,8,6,13,5,5,13.7,7,7,5,8,0.65,7,4,9,103,3,8,7,Medium
4382,46,6,2,74,49,9,6,5,12,8,7,7.8,7,6,4,3,0.43,6,6,7,118,3,5,8,Medium
4383,26,4,0,83,33,3,3,9,4,7,2,13.0,4,3,4,5,-0.14,3,1,6,76,7,7,6,Low
4384,41,6,1,69,46,4,7,7,10,7,6,11.6,6,5,6,7,0.3,7,5,6,94,3,6,6,Medium
4385,32,6,2,59,36,4,1,6,14,3,6,6.4,4,2,4,4,-0.17,2,6,6,70,9,2,3,Low
4386,37,9,7,79,47,8,8,9,16,8,9,17.1,10,8,8,9,0.31,10,7,8,121,1,9,8,High
4387,48,1,1,64,37,6,8,4,10,5,6,12.2,7,6,4,4,0.35,6,5,4,102,6,5,4,Medium
4388,44,6,0,74,41,4,4,7,9,7,7,12.7,8,3,8,5,-0.27,5,7,9,138,2,7,6,Medium
4389,21,3,1,46,31,5,5,1,11,6,2,11.8,4,2,3,4,-0.1,4,1,2,81,6,5,3,Low
4390,37,5,0,68,43,8,4,6,13,7,10,8.5,7,8,5,8,0.23,7,7,9,88,3,10,7,Medium
4391,41,6,1,87,42,9,2,8,10,6,6,10.7,7,8,4,6,0.32,4,3,6,116,4,6,6,Medium
4392,46,8,4,82,49,7,10,8,16,8,10,19.5,9,9,10,9,0.74,8,10,7,125,2,9,9,High
4393,50,8,2,67,51,7,7,10,18,9,8,18.5,9,9,10,9,0.53,7,7,8,129,3,8,9,High
4394,40,5,1,76,34,8,7,5,11,9,9,14.8,8,3,8,6,-0.15,5,7,5,119,7,6,8,Medium
4395,42,7,3,84,47,9,9,10,14,9,9,14.2,7,9,8,8,0.63,6,9,8,127,1,7,8,High
4396,48,7,4,80,38,6,9,9,22,6,10,14.5,10,10,6,10,0.95,9,7,9,135,2,6,8,High
4397,52,7,6,94,46,7,10,10,17,9,10,14.6,9,9,7,9,0.43,10,7,8,180,0,7,8,High
4398,43,10,3,100,38,10,9,10,19,7,7,17.9,10,10,7,9,0.82,8,9,7,122,2,10,10,High
4399,41,7,1,88,44,7,6,7,10,7,8,12.5,8,3,6,8,-0.08,7,9,4,109,3,9,7,Medium
4400,29,7,0,86,35,4,4,5,13,6,7,8.3,7,5,2,5,0.36,9,8,6,106,6,3,5,Medium
4401,29,3,1,71,34,4,3,7,8,1,5,10.1,3,6,2,4,-0.16,3,5,6,85,7,1,4,Low
4402,30,3,2,62,37,3,3,3,9,9,3,7.9,6,4,6,7,0.01,8,4,2,114,7,4,6,Low
4403,48,9,2,84,41,9,8,8,20,10,8,18.4,7,9,8,10,0.59,7,8,10,127,6,7,10,High
4404,30,6,2,66,26,5,7,3,13,7,8,12.4,6,9,4,8,0.24,5,7,8,76,5,8,9,Medium
4405,52,7,4,94,43,8,8,9,19,8,6,15.2,10,6,9,8,0.64,8,7,7,128,3,9,8,High
4406,58,8,7,92,34,7,8,8,18,8,9,15.4,10,8,9,7,0.7,8,8,6,146,2,6,9,High
4407,51,8,6,100,45,8,8,9,16,8,7,12.0,7,8,9,7,0.77,10,7,8,135,2,8,10,High
4408,55,9,3,70,48,8,9,7,18,10,9,18.4,10,9,6,9,0.88,8,9,8,135,2,9,7,High
4409,38,5,2,77,38,6,6,5,13,8,6,7.4,4,7,8,6,0.36,6,6,3,109,1,10,6,Medium
4410,27,3,1,80,32,6,2,1,9,7,5,11.2,7,1,3,4,-0.48,4,5,2,94,11,1,6,Low
4411,52,8,3,87,39,7,6,6,14,6,5,11.3,5,6,7,8,0.49,8,4,5,92,2,7,6,Medium
4412,29,5,1,29,36,5,3,4,12,6,4,8.6,3,1,5,6,0.05,7,6,8,113,7,1,3,Low
4413,26,5,0,39,32,2,5,4,11,3,3,6.6,4,5,6,4,-0.29,3,6,3,72,6,2,5,Low
4414,37,7,1,49,41,6,6,5,10,7,7,8.7,5,5,5,5,0.06,7,8,4,123,5,6,7,Medium
4415,50,8,5,100,35,10,8,8,16,9,6,14.8,10,10,7,9,0.61,8,9,6,165,2,8,10,High
4416,38,7,3,68,46,6,7,8,10,8,9,9.1,9,6,7,6,0.43,4,5,5,117,9,6,6,Medium
4417,45,5,2,72,52,7,6,6,12,3,6,13.8,6,7,7,5,0.29,6,7,9,102,3,8,6,Medium
4418,28,6,4,55,33,6,4,6,14,7,8,14.2,6,6,7,3,-0.1,6,5,3,136,6,7,6,Medium
4419,41,6,3,71,44,7,4,8,8,8,5,10.4,4,8,3,7,0.17,7,9,7,104,2,8,7,Medium
4420,25,2,0,64,35,1,4,5,15,3,2,4.7,3,7,3,7,-0.33,3,10,1,99,6,6,4,Low
4421,55,8,6,76,45,9,8,8,19,9,7,14.9,10,7,7,7,0.96,9,6,9,135,3,9,8,High
4422,35,6,5,79,42,7,2,7,18,5,6,12.2,7,4,5,7,0.21,3,5,3,116,4,3,7,Medium
4423,49,6,1,94,38,8,9,7,17,8,6,18.4,8,8,9,10,0.87,8,10,10,137,3,10,6,High
4424,35,5,0,33,26,5,5,5,11,3,3,9.1,3,6,4,5,-0.4,7,6,7,71,7,9,5,Low
4425,49,9,3,85,47,8,6,9,20,9,8,19.1,9,8,7,10,0.83,6,7,7,153,0,10,9,High
4426,39,6,1,81,41,4,6,7,10,6,5,8.3,5,4,4,10,-0.01,8,8,8,120,6,8,8,Medium
4427,37,7,1,84,38,7,5,6,17,6,8,18.8,7,6,5,8,0.31,5,6,4,100,3,6,6,Medium
4428,41,7,0,80,30,7,6,7,13,6,6,12.7,5,8,4,9,0.39,5,5,5,117,6,5,8,Medium
4429,43,8,4,84,42,8,5,9,19,7,8,10.8,9,10,7,7,0.36,7,10,6,153,3,8,8,High
4430,34,5,1,93,31,7,3,7,11,7,8,9.9,4,7,6,5,0.34,6,7,8,118,6,7,8,Medium
4431,42,8,3,39,38,6,7,9,10,5,3,11.6,6,7,3,8,0.4,4,9,7,98,3,7,4,Medium
4432,43,6,3,78,44,8,7,7,14,6,8,17.3,7,7,10,9,0.68,10,10,6,133,4,7,8,High
4433,58,6,3,88,40,8,7,10,12,7,8,17.3,9,8,10,8,0.6,8,10,7,151,3,7,9,High
4434,49,5,4,52,36,7,4,7,11,4,3,10.2,4,4,5,5,0.4,6,5,5,122,6,2,7,Medium
4435,59,7,3,74,44,10,8,10,16,8,8,15.1,9,8,9,9,0.87,8,10,10,139,2,6,7,High
4436,44,5,2,83,40,7,5,5,13,6,7,10.6,8,4,5,6,0.39,7,4,4,88,7,4,6,Medium
4437,31,4,3,72,48,6,6,6,15,5,7,6.9,6,6,6,5,0.38,9,6,5,123,2,7,7,Medium
4438,33,6,3,52,44,6,6,8,14,7,8,10.6,10,7,7,7,0.07,6,6,7,136,2,8,7,Medium
4439,54,9,6,87,34,8,7,7,20,8,10,12.9,10,8,8,10,0.46,10,6,5,166,3,10,8,High
4440,64,8,2,100,40,10,6,8,14,8,9,14.9,10,6,7,7,0.69,7,8,7,130,3,7,9,High
4441,42,9,4,68,38,6,8,7,16,7,5,15.9,4,5,6,6,0.05,8,7,7,125,4,7,6,Medium
4442,38,6,3,70,39,5,6,6,11,6,5,8.1,7,5,3,5,0.37,4,8,4,114,5,4,7,Medium
4443,37,10,0,70,34,7,6,5,9,6,4,13.0,7,7,6,7,-0.0,8,7,5,130,4,5,8,Medium
4444,36,7,1,99,27,8,8,8,17,9,9,12.7,8,9,7,9,0.46,8,9,8,157,3,6,10,High
4445,59,8,5,82,45,9,7,8,11,8,9,19.1,9,8,6,9,0.82,7,6,9,143,1,7,8,High
4446,40,6,1,61,37,6,7,7,6,6,6,15.1,4,7,6,6,-0.31,9,6,9,127,7,8,8,Medium
4447,54,10,3,93,40,10,10,8,16,8,7,21.4,8,9,9,8,0.78,6,8,7,124,2,8,9,High
4448,57,10,2,97,41,7,7,8,15,7,7,21.0,8,9,10,9,0.75,5,10,6,130,1,8,7,High
4449,37,6,2,64,45,5,6,5,4,5,9,12.3,4,5,5,8,0.01,5,6,5,114,3,6,6,Medium
4450,28,3,1,50,36,4,3,1,12,6,7,10.3,5,7,7,4,-0.29,5,3,3,84,8,6,6,Low
4451,37,5,2,78,38,7,5,5,13,6,7,10.8,6,3,4,5,0.51,5,6,4,102,2,8,7,Medium
4452,41,8,2,84,49,6,5,7,14,6,7,13.4,7,6,2,9,0.62,9,5,5,94,4,6,5,Medium
4453,46,9,1,61,46,8,8,8,14,6,10,12.7,6,3,7,5,0.47,6,6,8,93,4,6,8,Medium
4454,28,6,1,69,41,3,7,8,17,9,5,11.4,8,6,7,5,0.28,8,1,8,113,1,5,8,Medium
4455,51,8,4,79,46,8,6,7,14,8,7,19.7,8,8,7,8,0.69,6,9,8,159,4,9,9,High
4456,34,2,2,35,34,1,3,4,12,5,5,9.7,5,2,4,5,-0.02,4,3,8,78,5,4,5,Low
4457,42,5,2,81,41,4,7,5,14,6,6,16.5,7,5,4,10,0.57,9,5,4,122,4,6,8,Medium
4458,44,5,1,75,41,7,6,8,11,5,7,8.0,2,5,5,6,0.46,4,6,2,119,4,5,7,Medium
4459,34,7,2,69,35,6,7,6,15,6,6,17.5,7,6,3,4,0.13,10,7,6,108,6,8,7,Medium
4460,29,8,0,91,47,10,8,4,13,7,9,12.6,5,9,7,8,0.54,8,6,7,134,4,3,4,Medium
4461,50,4,1,74,28,8,4,5,13,9,8,9.0,5,7,7,7,0.29,10,7,6,117,1,4,9,Medium
4462,38,3,1,76,23,3,4,5,14,4,4,7.1,5,4,3,5,-0.19,7,4,3,95,6,3,1,Low
4463,32,7,3,62,40,7,5,5,12,9,8,13.4,6,7,6,6,0.17,9,7,5,128,2,7,6,Medium
4464,50,6,3,60,32,7,3,4,14,6,5,10.5,5,7,7,3,0.21,9,7,5,126,2,7,6,Medium
4465,25,6,0,58,32,5,2,1,8,5,5,4.3,1,5,6,3,0.32,6,5,5,99,9,7,1,Low
4466,52,9,4,100,46,9,8,9,15,7,10,18.7,7,9,6,9,0.75,7,7,8,154,0,7,10,High
4467,38,8,2,80,35,6,6,10,10,7,8,12.7,7,5,10,8,0.27,7,6,10,103,3,8,7,Medium
4468,30,7,1,78,44,6,5,4,12,7,7,14.3,8,10,5,7,-0.43,4,7,7,137,6,6,6,Medium
4469,54,10,5,93,39,7,8,7,22,7,9,21.2,7,7,10,10,0.99,5,8,7,150,5,7,8,High
4470,31,4,2,44,33,5,3,4,7,7,4,4.3,4,7,5,3,-0.38,6,2,2,107,6,1,1,Low
4471,27,5,2,26,29,2,5,4,6,3,8,11.3,6,6,4,5,-0.38,3,3,5,104,2,3,5,Low
4472,53,9,4,78,49,9,9,8,19,9,7,18.0,8,7,9,10,0.65,10,6,5,117,0,9,10,High
4473,38,8,2,67,40,7,8,6,13,5,9,13.2,5,6,5,6,0.21,8,7,5,122,5,6,6,Medium
4474,38,9,0,50,33,5,4,3,10,7,6,12.3,7,6,8,7,0.46,6,8,7,124,7,5,6,Medium
4475,46,9,5,96,34,8,8,8,13,9,7,17.5,10,9,10,8,0.71,10,9,10,164,0,8,9,High
4476,55,8,2,91,47,8,7,5,25,8,8,17.1,8,10,9,9,0.87,7,8,9,136,2,10,7,High
4477,50,10,2,82,46,9,8,9,13,8,10,18.9,7,9,10,8,0.78,9,8,6,174,2,10,10,High
4478,38,4,2,65,43,6,8,7,7,4,5,13.9,6,7,8,5,0.34,5,4,1,132,5,4,5,Medium
4479,45,5,1,65,35,6,6,8,10,3,4,9.0,7,6,7,9,0.57,6,6,8,74,5,4,6,Medium
4480,43,8,2,76,44,6,9,8,12,8,7,5.1,8,8,5,7,-0.01,6,5,7,139,4,9,9,Medium
4481,29,4,2,26,43,2,2,3,7,6,5,10.6,3,6,2,7,-0.44,2,2,5,76,9,6,5,Low
4482,43,9,3,100,44,7,7,7,6,5,6,11.6,6,7,8,6,0.2,9,6,8,130,3,5,9,Medium
4483,38,6,1,64,39,8,4,7,14,10,5,11.8,7,8,6,7,0.17,2,7,7,102,6,7,7,Medium
4484,43,9,4,89,46,8,9,9,19,10,8,18.4,7,9,8,10,0.95,9,9,9,141,3,10,8,High
4485,53,5,2,57,44,7,7,5,16,6,7,8.3,5,7,7,6,0.12,7,6,4,134,7,7,4,Medium
4486,42,7,2,89,36,6,7,7,9,9,4,14.1,6,10,6,6,0.29,8,5,7,120,3,4,6,Medium
4487,28,7,1,70,49,9,7,4,13,6,7,9.4,5,8,5,6,0.03,7,8,6,125,2,7,10,Medium
4488,25,4,1,47,40,4,2,6,6,3,4,6.7,3,2,3,5,-0.06,9,4,3,91,6,2,2,Low
4489,31,2,1,0,40,6,4,4,6,3,5,10.1,3,3,4,5,-0.18,5,6,6,82,8,2,3,Low
4490,37,8,2,91,44,8,7,8,19,8,8,15.0,6,6,7,7,0.23,6,7,6,96,2,6,4,Medium
4491,29,3,0,37,33,1,5,3,4,5,6,8.8,4,10,3,4,0.17,8,5,7,75,6,4,6,Low
4492,38,4,0,92,40,6,5,5,14,5,5,12.2,8,5,4,6,0.35,7,8,7,90,5,6,5,Medium
4493,58,10,6,67,46,7,7,10,20,9,10,15.2,10,8,8,8,0.73,6,8,7,144,0,6,9,High
4494,42,6,5,73,46,7,8,8,15,9,8,17.0,8,7,6,10,0.51,9,8,6,139,3,9,6,High
4495,40,8,3,78,46,6,3,7,12,4,4,14.3,7,5,7,5,-0.24,5,8,4,139,1,6,8,Medium
4496,46,6,3,65,39,9,6,5,12,6,7,13.5,3,9,4,6,0.07,6,6,7,118,6,7,8,Medium
4497,47,8,4,99,43,10,8,7,17,8,9,18.7,9,10,9,7,0.89,10,6,9,153,0,7,9,High
4498,54,9,3,92,50,10,5,10,18,9,8,15.3,9,9,5,7,0.58,7,10,7,146,2,7,7,High
4499,38,4,1,60,32,6,4,6,5,5,1,7.4,4,4,1,5,-0.41,5,2,4,96,8,6,8,Low
4500,57,8,3,100,40,9,7,8,21,8,8,16.5,9,10,8,8,0.73,8,8,7,136,1,6,8,High
4501,42,8,3,84,34,8,6,8,13,6,4,13.9,7,6,4,5,-0.15,3,6,6,98,2,6,5,Medium
4502,49,9,3,81,40,10,8,6,12,8,9,15.0,8,6,7,8,0.5,5,7,10,143,1,9,9,High
4503,54,8,2,92,48,8,8,8,19,9,9,12.6,9,10,10,8,0.77,8,10,8,131,1,7,8,High
4504,35,6,0,78,30,1,6,2,9,4,5,9.1,8,3,3,7,-0.46,5,3,4,60,10,6,4,Low
4505,42,9,4,100,39,7,7,7,18,9,7,13.9,9,9,7,10,0.84,10,10,8,135,5,8,9,High
4506,54,5,1,53,41,8,3,3,15,8,9,12.9,6,5,4,8,0.35,7,8,5,114,2,7,7,Medium
4507,60,9,4,98,42,10,9,9,21,9,8,16.2,7,8,6,9,0.73,10,9,9,95,3,9,10,High
4508,38,5,2,72,31,6,8,8,9,7,7,8.1,3,7,3,7,0.03,2,5,4,100,3,3,7,Medium
4509,64,5,2,92,47,7,10,10,14,10,10,20.0,10,10,8,9,0.72,9,5,8,140,3,9,10,High
4510,34,4,1,100,41,2,2,3,9,3,1,11.7,4,4,3,6,0.08,4,6,3,70,6,4,3,Low
4511,44,7,2,40,43,10,4,7,15,6,8,16.5,6,6,4,9,0.45,7,4,2,112,3,4,2,Medium
4512,24,3,0,61,45,3,5,4,2,8,4,5.0,2,5,3,5,-0.36,5,8,4,82,7,3,4,Low
4513,60,10,3,97,51,6,7,9,17,10,9,18.9,9,7,9,9,0.9,10,7,8,151,2,10,5,High
4514,48,7,2,100,40,7,9,10,18,9,10,19.3,10,9,8,8,0.61,7,7,5,133,2,6,10,High
4515,45,9,2,92,43,7,10,9,16,10,6,15.6,7,8,8,8,0.71,5,7,9,137,0,8,10,High
4516,48,8,4,86,38,6,8,10,21,8,7,22.0,8,8,9,10,0.99,7,8,6,155,2,9,7,High
4517,26,5,0,46,39,6,3,4,12,5,9,13.0,1,7,3,5,-0.5,3,6,3,83,4,5,3,Low
4518,52,6,0,77,45,8,3,7,15,9,8,11.0,6,8,4,7,0.31,7,5,7,82,5,8,8,Medium
4519,21,4,1,26,30,4,5,5,11,5,3,5.0,5,2,3,4,0.13,2,3,5,62,5,5,1,Low
4520,39,8,3,72,30,6,8,7,14,7,5,13.9,5,6,6,10,0.16,5,6,7,113,6,5,6,Medium
4521,33,5,3,80,39,6,7,7,10,5,7,15.9,6,7,6,7,0.18,6,5,4,124,7,6,5,Medium
4522,38,8,2,83,43,6,4,6,7,5,9,9.1,7,7,5,6,0.19,5,2,6,123,1,4,7,Medium
4523,38,7,3,48,41,5,3,6,9,6,3,10.6,5,6,4,4,0.24,6,6,7,112,5,6,7,Medium
4524,31,4,3,65,34,9,1,2,6,4,9,5.8,8,3,4,6,-0.5,4,7,3,110,4,1,8,Low
4525,32,1,1,61,35,2,1,6,8,6,3,5.1,3,7,2,3,0.14,5,4,3,88,9,2,2,Low
4526,26,3,2,62,31,5,4,5,11,6,3,8.0,2,2,3,6,-0.39,4,1,4,85,8,3,3,Low
4527,66,10,3,93,35,10,6,6,21,8,7,16.0,8,9,9,9,0.81,9,8,10,153,0,10,8,High
4528,44,9,1,99,41,8,6,10,16,9,10,19.6,7,8,4,9,0.89,9,9,6,152,5,6,7,High
4529,43,9,2,85,40,7,9,7,23,8,9,18.3,9,8,8,8,1.0,8,7,6,142,4,7,8,High
4530,39,5,2,64,45,6,7,7,12,7,7,12.3,9,9,4,6,0.32,7,5,7,107,2,6,8,Medium
4531,36,6,0,91,41,6,5,7,5,9,8,13.3,6,6,6,7,0.2,5,7,7,138,5,7,8,Medium
4532,44,8,4,94,44,8,8,10,19,9,8,10.3,7,10,5,8,0.54,10,6,6,123,2,8,6,High
4533,43,5,1,71,40,6,6,10,12,8,5,15.3,6,9,2,6,1.0,4,5,9,111,6,6,4,Medium
4534,42,2,1,79,45,7,6,8,11,8,5,18.4,4,5,3,4,0.57,7,6,4,134,3,9,5,Medium
4535,39,4,5,38,36,7,5,6,8,7,6,13.1,8,8,8,3,0.13,6,7,7,103,3,6,9,Medium
4536,20,5,1,47,25,4,3,3,6,2,5,4.1,5,7,2,3,0.23,4,4,2,78,6,3,6,Low
4537,51,7,1,95,41,5,7,5,17,7,5,10.9,6,7,6,6,-0.05,5,8,5,106,2,5,7,Medium
4538,51,5,1,65,39,7,6,7,11,5,8,10.7,6,6,7,6,0.52,6,6,4,110,5,2,6,Medium
4539,48,6,1,70,45,8,5,7,11,7,8,11.8,7,5,5,5,0.01,8,8,6,119,8,7,6,Medium
4540,25,6,4,47,46,5,3,5,6,6,5,3.7,4,5,4,9,-0.22,3,2,5,74,6,7,3,Low
4541,43,7,1,76,52,7,7,4,13,7,6,8.5,7,9,4,6,0.32,6,8,6,120,2,9,4,Medium
4542,60,7,3,100,50,9,9,8,12,7,8,13.3,8,8,8,7,1.0,8,10,9,159,3,6,8,High
4543,33,6,1,25,32,5,4,4,2,5,3,5.3,6,9,1,9,0.06,3,1,8,60,8,5,4,Low
4544,44,5,0,100,46,6,6,6,10,9,8,13.5,8,6,8,5,0.24,7,9,6,104,7,8,7,Medium
4545,47,6,3,70,36,9,7,9,18,8,9,16.0,10,7,9,9,0.57,6,7,7,117,0,8,9,High
4546,32,4,0,47,41,1,4,3,2,5,6,5.7,7,2,4,6,-0.36,1,2,1,110,7,1,5,Low
4547,29,7,1,28,34,6,3,7,9,4,4,6.0,6,4,5,5,-0.15,3,4,4,117,8,3,2,Low
4548,43,6,2,52,37,6,6,6,14,5,6,13.4,5,6,7,5,0.41,7,8,7,101,4,6,6,Medium
4549,25,4,3,82,45,8,6,5,17,7,6,10.0,7,2,3,8,0.19,6,6,6,119,8,8,5,Medium
4550,32,8,3,66,35,5,6,8,11,6,5,16.1,6,3,6,5,0.48,7,8,7,144,3,7,7,Medium
4551,39,10,3,89,34,8,8,7,17,9,8,19.5,9,9,8,9,0.8,8,8,10,121,3,8,9,High
4552,24,2,0,16,42,3,6,4,7,4,5,6.7,8,3,3,6,-0.02,4,1,4,88,9,4,4,Low
4553,43,6,1,82,43,4,5,6,10,8,5,13.0,4,6,5,7,0.65,3,3,7,112,5,8,8,Medium
4554,41,6,4,60,30,7,5,7,12,7,7,7.5,6,5,8,7,0.39,8,6,5,114,6,6,7,Medium
4555,13,4,1,61,38,4,7,7,9,7,1,10.3,8,5,4,4,-0.49,4,5,4,95,6,4,6,Low
4556,25,5,2,56,39,7,4,6,6,7,5,7.1,8,8,3,5,0.88,6,8,8,104,5,6,6,Medium
4557,45,6,1,93,37,8,4,5,12,7,8,11.6,6,6,6,9,0.79,8,7,5,97,5,4,7,Medium
4558,41,6,3,57,36,5,5,6,13,9,7,14.8,7,8,7,7,0.05,9,6,3,115,2,8,5,Medium
4559,26,4,0,95,35,3,6,4,4,2,6,9.3,5,1,4,2,-0.35,6,2,2,87,8,8,5,Low
4560,35,6,3,40,46,8,6,6,13,8,9,12.5,6,7,6,5,0.02,7,7,5,120,7,9,7,Medium
4561,33,7,3,70,38,7,3,3,12,9,5,14.0,7,5,5,8,0.05,7,6,7,119,4,6,8,Medium
4562,40,10,3,87,36,10,9,10,15,8,10,16.4,8,9,8,9,0.6,7,6,10,133,3,10,6,High
4563,39,4,1,53,33,6,4,6,2,7,3,7.7,1,3,7,5,0.19,1,5,3,105,8,6,7,Low
4564,40,5,2,81,45,4,5,4,8,6,5,17.6,8,5,6,7,0.39,6,6,7,138,3,5,4,Medium
4565,37,6,2,67,49,10,5,6,8,5,6,12.9,7,6,3,6,0.26,6,6,6,118,2,5,7,Medium
4566,53,8,5,100,40,9,8,7,12,10,9,11.8,8,8,8,8,0.67,7,7,10,143,3,7,8,High
4567,29,5,3,77,35,8,7,8,12,4,5,10.9,5,5,8,6,0.26,3,9,6,108,5,9,8,Medium
4568,41,6,1,42,41,8,3,7,12,4,6,11.3,7,5,4,4,0.44,5,5,8,113,3,9,7,Medium
4569,55,10,4,78,27,9,8,9,15,7,8,17.2,8,9,5,7,0.76,7,9,9,137,0,7,9,High
4570,44,9,6,88,43,9,7,8,13,9,8,15.1,9,6,9,8,0.5,9,10,7,149,4,7,8,High
4571,43,6,2,54,38,8,6,7,13,8,8,12.9,8,7,6,8,-0.11,7,3,5,106,3,7,7,Medium
4572,45,5,3,94,60,5,2,9,9,8,7,15.7,7,6,8,6,0.06,6,3,10,124,6,2,6,Medium
4573,49,9,5,99,49,6,9,7,18,8,8,16.6,8,8,7,8,0.35,6,8,9,160,4,8,8,High
4574,39,9,3,82,47,9,9,6,13,7,8,18.3,9,10,8,7,0.74,6,9,8,139,0,7,8,High
4575,70,10,5,86,39,9,6,6,9,7,8,22.6,9,9,10,7,1.0,9,6,5,176,6,7,8,High
4576,35,8,2,73,40,9,9,5,12,8,4,15.8,6,3,5,5,0.09,7,7,7,109,1,8,6,Medium
4577,22,3,2,35,32,6,5,7,7,6,6,8.1,4,7,3,4,-0.34,6,2,3,98,8,3,3,Low
4578,40,5,2,97,46,6,6,9,11,8,9,12.0,5,6,7,8,0.34,4,5,7,128,2,6,6,Medium
4579,58,7,5,64,45,9,5,7,12,9,8,15.3,9,9,9,8,0.6,9,6,8,160,2,8,6,High
4580,32,6,3,79,40,4,6,4,11,9,6,14.4,10,8,4,5,0.49,5,5,4,125,3,3,6,Medium
4581,34,9,4,64,36,7,5,7,12,7,8,6.5,9,4,8,6,0.08,7,5,4,95,8,6,6,Medium
4582,59,9,3,93,44,7,8,8,19,10,8,19.0,9,10,9,8,0.68,10,6,9,116,1,7,10,High
4583,44,8,1,78,34,8,6,6,13,7,7,11.2,6,8,7,5,0.13,5,5,4,120,2,8,7,Medium
4584,52,10,2,84,35,8,9,6,15,10,9,14.2,8,8,9,9,0.57,7,8,6,148,2,10,9,High
4585,35,9,1,87,42,7,5,7,17,8,7,9.0,7,9,8,4,0.36,4,5,5,132,7,5,8,Medium
4586,28,6,2,64,36,7,7,5,15,5,8,11.8,6,5,6,8,0.06,8,6,7,96,4,5,4,Medium
4587,41,4,2,54,41,7,5,9,9,6,6,10.5,5,9,2,6,0.55,5,7,6,118,4,6,6,Medium
4588,52,10,3,100,46,7,8,9,18,9,10,17.8,7,10,6,9,0.69,7,10,10,147,3,6,10,High
4589,27,3,2,57,38,2,3,6,6,3,3,9.5,4,3,5,3,-0.5,4,7,6,95,7,3,3,Low
4590,23,7,1,13,28,10,3,9,8,5,5,12.0,7,3,3,2,0.01,4,6,4,92,9,6,5,Low
4591,53,7,0,100,35,7,6,10,19,10,6,17.0,8,10,7,9,0.7,8,7,10,138,4,8,9,High
4592,26,4,2,48,39,1,2,3,8,5,3,9.5,3,10,3,4,0.08,1,5,1,118,6,1,5,Low
4593,29,6,2,91,40,7,5,9,8,9,5,15.7,6,9,5,9,0.41,9,4,8,99,5,8,10,Medium
4594,41,6,0,84,40,7,6,8,10,5,5,10.9,8,7,5,7,0.56,8,7,8,128,3,6,6,Medium
4595,49,4,2,91,41,5,6,4,11,9,6,10.9,6,5,8,5,0.05,8,4,9,112,5,5,5,Medium
4596,25,6,3,84,40,9,4,6,11,5,9,12.1,4,8,5,5,0.08,5,7,6,108,2,4,7,Medium
4597,48,6,3,86,28,5,6,6,14,6,6,14.2,4,5,5,5,0.37,8,5,7,105,1,6,5,Medium
4598,46,8,2,65,44,10,5,9,15,7,7,8.0,7,5,6,3,0.1,9,6,6,107,4,3,7,Medium
4599,47,7,0,81,48,5,8,8,13,4,7,17.9,7,4,3,7,0.39,6,4,6,114,0,5,7,Medium
4600,44,5,0,83,46,8,6,8,11,7,6,11.9,10,7,7,9,0.11,8,5,2,109,3,4,8,Medium
4601,30,6,0,33,35,10,4,6,13,4,3,9.7,3,8,3,5,0.04,5,6,3,93,6,3,6,Low
4602,33,5,2,48,40,6,6,9,10,7,7,7.9,8,5,3,6,-0.07,6,7,8,100,3,4,6,Medium
4603,25,3,0,53,41,8,4,5,8,5,3,7.5,5,4,3,3,-0.14,4,2,4,103,2,3,6,Low
4604,34,7,2,93,36,6,5,6,10,4,5,6.6,5,9,4,7,0.43,8,3,6,129,1,7,4,Medium
4605,37,7,0,33,42,7,6,7,20,9,7,12.6,7,6,6,7,0.21,8,9,4,130,3,7,6,Medium
4606,29,5,0,37,31,9,4,2,6,4,4,6.0,5,6,1,6,-0.17,3,3,8,88,3,5,6,Low
4607,57,9,1,82,37,7,7,7,22,9,8,20.1,9,9,8,8,0.58,8,10,8,136,3,8,7,High
4608,31,7,3,74,35,8,6,7,14,7,7,10.9,8,5,4,6,0.25,7,7,4,125,1,6,7,Medium
4609,52,7,0,83,50,7,5,8,17,7,10,18.8,6,7,8,7,0.45,6,7,9,147,3,10,9,High
4610,49,8,4,99,50,7,9,9,18,8,10,17.2,9,10,8,10,0.98,7,6,8,142,2,6,9,High
4611,46,6,1,70,42,7,6,5,13,9,8,14.1,6,8,8,9,0.25,5,8,6,141,6,6,5,Medium
4612,22,6,1,40,25,2,5,4,13,4,4,5.8,4,4,6,3,-0.16,4,4,4,84,5,3,4,Low
4613,33,6,1,67,27,8,9,5,7,7,8,13.0,8,2,10,7,0.19,5,5,8,121,3,8,8,Medium
4614,53,9,2,87,38,10,7,7,15,8,10,24.6,8,10,9,9,0.68,8,8,7,138,3,8,8,High
4615,34,5,3,74,39,7,3,7,14,8,4,12.0,7,5,8,6,0.05,5,3,8,127,4,7,8,Medium
4616,30,3,1,60,31,4,2,3,13,5,3,11.5,1,2,3,5,0.07,4,4,2,124,4,2,3,Low
4617,42,9,2,77,41,4,6,4,10,5,8,10.8,5,8,3,8,0.32,8,8,7,95,6,7,7,Medium
4618,52,7,4,81,51,10,7,6,14,9,8,22.4,9,8,7,8,0.73,6,8,9,146,3,9,10,High
4619,37,9,6,85,42,8,6,9,20,7,9,14.0,10,7,9,10,0.89,6,10,8,136,0,9,8,High
4620,19,3,0,46,30,1,5,7,5,1,2,10.0,5,4,4,4,-0.5,4,5,5,113,5,3,4,Low
4621,41,6,3,71,47,6,8,6,11,8,8,13.1,6,6,3,6,0.52,4,6,5,112,4,4,9,Medium
4622,41,4,3,80,40,5,5,5,9,3,6,9.7,7,6,4,6,-0.08,7,6,6,134,6,9,3,Medium
4623,39,6,2,79,48,5,4,8,9,7,8,10.3,8,6,6,6,0.57,1,9,4,124,6,10,6,Medium
4624,39,7,4,100,30,7,8,9,13,9,10,14.5,10,8,8,10,0.85,8,9,7,124,0,10,8,High
4625,49,5,1,83,41,9,4,7,13,8,6,10.8,8,4,7,5,0.47,7,5,7,138,4,9,6,Medium
4626,39,6,2,50,36,9,4,6,6,6,7,18.3,8,6,5,3,0.47,6,5,3,123,3,4,5,Medium
4627,36,6,0,42,30,5,2,5,5,2,7,5.2,4,5,2,3,-0.04,6,6,4,99,3,5,4,Low
4628,53,10,5,76,44,6,6,9,23,10,7,18.0,8,9,8,9,0.73,10,10,8,132,4,9,8,High
4629,44,8,6,86,45,7,10,6,19,8,9,16.3,8,8,9,8,0.77,6,8,8,122,2,9,7,High
4630,42,7,3,68,36,8,3,6,12,6,8,14.2,9,6,5,6,0.34,5,6,5,114,3,6,5,Medium
4631,52,10,3,100,39,10,7,7,17,8,10,21.5,10,9,10,7,1.0,7,8,8,130,3,8,7,High
4632,29,3,4,75,31,4,5,7,9,7,3,2.6,7,5,5,5,-0.24,2,3,5,79,6,7,5,Low
4633,35,6,5,72,41,3,9,5,16,6,5,15.7,6,8,1,8,-0.0,8,4,6,127,1,5,7,Medium
4634,45,5,4,52,36,7,4,7,15,6,5,13.3,5,8,6,8,-0.28,4,7,9,90,0,3,6,Medium
4635,38,6,2,51,43,6,4,4,10,2,4,7.3,5,8,6,6,-0.16,6,5,5,78,5,3,3,Low
4636,44,7,0,46,44,5,6,6,12,7,6,14.6,8,7,5,5,0.6,5,4,6,127,3,10,6,Medium
4637,49,10,2,95,45,8,8,9,15,9,8,15.0,7,7,7,9,0.96,9,8,8,123,1,8,9,High
4638,32,5,2,79,45,5,3,5,2,5,4,10.2,8,3,6,5,-0.2,2,3,4,119,7,8,4,Low
4639,40,8,0,76,47,7,3,7,7,5,3,13.7,6,6,8,8,0.38,5,9,4,101,3,7,10,Medium
4640,45,6,3,30,39,5,7,5,10,6,6,12.7,4,6,7,6,0.28,9,7,7,114,2,6,8,Medium
4641,53,6,3,92,38,6,6,4,12,6,4,19.6,5,5,7,5,0.76,7,6,6,153,1,8,5,Medium
4642,48,10,1,81,36,8,7,8,14,9,8,17.1,9,6,10,7,0.66,9,9,6,138,0,6,7,High
4643,27,7,1,83,50,7,6,4,10,4,6,12.4,8,6,3,5,0.04,7,5,4,111,4,5,5,Medium
4644,32,7,3,75,40,9,5,6,10,7,6,8.2,5,8,10,2,0.32,7,4,7,130,4,5,9,Medium
4645,63,8,3,75,43,9,9,8,15,10,9,16.5,10,9,6,10,0.58,7,9,8,123,1,8,10,High
4646,28,7,1,69,29,7,2,6,10,3,3,2.0,5,1,2,8,-0.06,6,2,6,78,5,2,4,Low
4647,33,5,1,34,47,7,6,6,9,6,7,11.2,7,6,6,9,0.33,8,5,5,116,8,5,6,Medium
4648,45,5,2,64,38,8,4,7,14,9,7,17.0,6,9,6,5,-0.05,6,6,6,111,5,5,6,Medium
4649,37,5,2,85,35,10,5,4,14,4,5,12.1,9,8,6,9,0.09,8,8,5,105,8,4,6,Medium
4650,54,9,4,89,21,8,6,7,20,7,10,16.0,8,9,10,9,0.5,10,8,9,153,0,9,10,High
4651,55,9,2,100,49,9,9,10,18,10,7,16.0,8,6,7,9,0.56,6,8,7,131,1,7,7,High
4652,44,5,4,78,43,6,4,8,11,7,6,15.5,4,10,7,6,0.4,5,10,9,89,4,5,6,Medium
4653,50,9,2,90,45,8,8,9,20,8,8,14.1,7,8,10,8,0.76,4,8,9,154,1,10,9,High
4654,25,4,0,49,32,2,3,2,9,5,4,6.1,6,6,1,4,-0.4,1,4,6,80,4,4,4,Low
4655,20,5,0,45,36,3,5,5,6,3,5,8.0,3,5,4,4,-0.03,8,6,3,60,8,3,5,Low
4656,41,3,2,79,47,5,7,8,8,6,6,9.4,7,7,4,5,0.53,2,5,7,98,7,5,8,Medium
4657,32,6,2,57,42,7,5,9,13,7,8,14.9,6,6,7,7,0.06,5,4,7,120,4,8,7,Medium
4658,35,6,2,80,46,6,4,7,10,8,9,7.6,8,5,4,6,0.01,5,7,8,111,3,7,6,Medium
4659,42,4,2,72,44,8,3,9,15,7,8,10.4,8,5,3,9,-0.16,5,5,6,116,8,7,6,Medium
4660,35,9,5,75,38,9,7,7,18,8,8,16.5,9,10,9,8,0.56,9,9,8,151,1,10,8,High
4661,53,5,2,89,46,6,7,10,15,5,8,7.5,7,5,5,5,0.21,5,8,7,110,3,6,7,Medium
4662,48,5,0,86,45,8,7,7,12,6,6,16.7,3,6,4,7,-0.18,4,7,5,128,4,5,7,Medium
4663,24,3,2,54,35,4,3,6,7,4,2,12.6,4,6,5,5,-0.38,1,3,1,126,7,4,5,Low
4664,27,4,3,44,32,4,5,2,10,6,7,4.8,6,3,2,7,-0.15,7,2,4,82,7,2,3,Low
4665,26,5,2,89,42,8,7,7,11,6,9,12.5,6,8,5,7,-0.28,1,4,4,130,7,6,5,Medium
4666,34,7,2,61,43,8,5,5,12,8,5,12.5,8,5,7,3,0.07,10,6,7,84,4,8,8,Medium
4667,38,10,5,97,42,9,10,7,19,9,10,15.9,6,8,5,7,0.6,8,10,5,144,1,7,8,High
4668,27,3,1,83,39,5,3,5,10,4,3,14.8,3,7,4,3,-0.2,6,5,1,113,6,6,6,Low
4669,13,3,0,64,30,3,1,8,16,6,4,7.9,3,3,2,6,-0.41,5,1,4,111,6,5,7,Low
4670,39,8,3,81,40,5,6,8,6,6,5,17.5,7,4,7,5,0.03,5,7,5,91,4,7,8,Medium
4671,32,7,4,97,42,7,5,6,11,5,9,9.2,7,6,7,7,-0.38,8,6,8,86,3,8,8,Medium
4672,32,1,1,77,38,3,4,3,9,5,6,7.5,7,6,3,6,-0.1,6,3,3,61,7,3,3,Low
4673,50,9,3,75,44,9,6,10,21,8,9,16.9,10,10,8,8,0.77,8,7,7,120,4,7,9,High
4674,26,2,2,25,28,2,5,3,5,2,8,8.9,6,2,4,6,-0.29,6,4,4,103,2,5,8,Low
4675,48,8,4,98,43,7,7,5,11,7,7,10.3,5,7,8,4,-0.25,7,4,5,132,6,6,6,Medium
4676,44,8,3,65,42,7,6,9,13,7,6,13.7,8,5,7,8,0.22,5,5,7,100,7,7,6,Medium
4677,22,6,1,23,37,3,2,8,2,3,3,11.5,5,5,3,6,-0.07,5,4,5,77,8,4,6,Low
4678,43,6,1,87,43,7,7,4,12,7,5,11.1,8,2,4,6,-0.03,4,8,7,105,6,6,7,Medium
4679,65,9,2,100,44,8,10,8,23,7,10,19.1,9,9,6,10,0.97,9,7,9,147,7,10,7,High
4680,45,5,1,68,38,7,6,4,13,6,5,9.6,9,6,6,4,-0.11,4,4,5,94,2,4,7,Medium
4681,49,8,4,93,40,6,8,9,23,8,9,22.6,8,8,5,9,0.79,8,5,10,146,1,10,7,High
4682,31,1,0,68,37,4,3,2,5,4,7,6.6,3,3,2,1,-0.5,5,5,3,65,6,4,6,Low
4683,54,9,5,78,44,10,6,8,16,8,5,17.8,9,8,8,8,0.81,8,9,5,153,0,10,10,High
4684,40,6,2,53,37,8,8,5,10,6,5,15.7,7,4,3,6,0.67,4,5,7,119,2,5,4,Medium
4685,45,5,1,76,48,3,6,7,10,5,7,11.6,7,8,4,9,0.2,3,6,7,99,3,7,5,Medium
4686,35,7,2,79,36,7,10,6,17,4,5,13.4,8,6,6,5,0.7,8,4,6,127,2,5,7,Medium
4687,49,10,5,88,40,9,8,7,17,9,10,16.2,10,8,8,7,0.63,10,8,10,151,1,9,7,High
4688,53,6,4,64,30,9,9,8,12,6,6,10.3,6,4,7,8,-0.13,9,6,7,117,7,8,7,Medium
4689,37,6,2,56,36,6,1,4,7,5,5,11.3,5,6,1,3,-0.29,4,2,4,70,7,4,6,Low
4690,31,5,0,8,32,4,5,5,2,6,5,12.8,8,4,3,4,0.03,4,2,4,86,5,6,4,Low
4691,41,10,2,100,38,7,6,9,22,9,9,19.9,7,9,5,8,1.0,5,10,9,119,2,8,8,High
4692,31,8,1,55,46,7,4,4,11,6,7,6.3,7,8,5,5,0.21,8,10,7,101,5,6,5,Medium
4693,55,10,5,100,40,8,9,8,18,9,9,18.7,10,10,7,9,0.38,7,9,7,151,2,9,8,High
4694,41,9,1,74,45,5,6,10,10,5,7,10.0,7,7,2,8,-0.2,9,3,5,93,7,4,6,Medium
4695,45,7,2,62,37,5,6,7,11,6,4,14.9,6,6,4,7,0.32,5,7,7,103,4,6,6,Medium
4696,29,2,0,67,36,4,5,6,8,6,1,6.6,2,4,2,5,-0.0,8,3,7,79,5,1,8,Low
4697,50,7,4,97,49,10,10,7,18,8,10,17.1,7,8,8,9,0.84,8,7,8,143,3,10,9,High
4698,36,6,1,77,35,7,8,7,10,7,7,14.5,6,4,7,4,0.01,7,8,7,124,1,6,6,Medium
4699,47,9,7,72,43,8,10,8,18,9,7,15.1,7,8,8,9,0.79,9,9,8,149,2,8,9,High
4700,33,7,3,59,36,7,7,5,13,3,8,11.9,5,8,5,6,-0.14,6,4,7,108,4,4,6,Medium
4701,46,8,4,77,43,8,5,7,16,7,6,11.8,6,9,6,6,0.2,7,5,3,121,3,6,8,Medium
4702,48,4,3,76,48,7,5,9,13,5,5,17.0,8,6,6,7,0.24,7,4,5,122,4,6,6,Medium
4703,32,4,2,73,36,7,10,6,13,5,8,12.8,4,3,4,5,0.54,7,2,7,116,7,8,6,Medium
4704,61,7,3,100,43,8,7,9,17,8,9,13.3,9,8,7,9,0.46,7,7,8,157,4,6,10,High
4705,47,5,2,80,31,8,8,9,18,8,7,18.3,10,10,9,9,0.87,9,10,6,143,1,10,9,High
4706,42,10,5,100,44,9,8,10,25,8,8,21.1,9,7,6,9,0.5,8,8,8,161,0,7,9,High
4707,46,8,4,100,41,8,6,9,21,9,10,18.3,8,9,6,7,0.57,9,7,5,134,3,9,8,High
4708,44,9,4,56,48,9,3,5,10,7,6,14.0,7,8,6,8,0.32,2,4,4,98,1,3,4,Medium
4709,53,7,0,84,38,6,7,6,14,6,7,11.6,8,3,6,5,0.64,5,3,7,83,6,7,7,Medium
4710,55,6,5,77,43,10,8,8,18,8,7,20.8,10,9,7,9,0.63,8,8,8,131,3,9,9,High
4711,34,2,1,57,33,4,3,2,10,4,3,8.6,4,3,4,7,-0.03,10,2,4,114,4,4,3,Low
4712,49,9,4,94,46,10,9,8,19,9,7,14.9,9,5,9,10,0.93,8,9,7,161,0,8,8,High
4713,43,10,2,100,33,8,5,7,15,9,8,19.5,8,9,10,8,0.76,8,6,7,139,2,7,8,High
4714,38,4,4,46,44,7,6,8,6,9,6,9.0,9,5,1,6,0.23,8,3,6,90,4,6,4,Medium
4715,46,9,4,100,41,9,6,9,16,8,9,19.2,9,10,7,6,0.72,10,6,8,167,2,7,10,High
4716,28,8,0,76,42,6,6,5,8,8,7,10.2,6,6,6,7,0.36,6,4,9,105,7,7,6,Medium
4717,37,3,4,69,36,8,5,4,10,6,6,12.4,7,7,6,7,0.1,9,6,7,108,7,4,6,Medium
4718,43,5,2,35,41,6,4,1,7,5,6,7.4,6,4,4,5,-0.31,4,1,6,112,12,3,5,Low
4719,39,8,1,73,42,5,7,6,13,6,9,9.0,8,9,1,6,0.24,7,9,6,116,3,9,5,Medium
4720,28,4,2,99,45,8,7,8,11,7,8,12.9,5,5,7,7,0.3,4,4,7,96,2,7,5,Medium
4721,39,3,3,100,47,2,4,9,14,7,8,9.9,6,6,7,8,0.33,5,9,5,134,6,7,6,Medium
4722,47,9,0,72,53,8,9,8,21,8,9,21.1,6,9,7,8,0.69,9,9,6,127,3,8,7,High
4723,55,9,2,85,38,6,9,8,19,10,9,18.6,7,9,8,8,0.73,9,10,8,145,2,9,10,High
4724,30,1,2,59,48,4,2,7,6,3,3,10.8,5,4,3,3,-0.06,9,3,3,91,5,5,5,Low
4725,29,8,2,65,41,6,4,8,8,8,5,11.1,8,7,4,2,0.23,8,5,6,80,3,6,7,Medium
4726,57,8,7,99,43,9,7,10,24,8,10,16.6,9,10,7,9,0.78,6,8,10,111,2,7,9,High
4727,24,6,0,74,25,1,6,4,6,6,4,6.1,2,7,6,1,-0.27,5,3,3,82,9,4,4,Low
4728,28,3,0,80,27,5,4,4,7,5,5,9.4,1,6,2,3,0.01,4,4,7,79,3,6,4,Low
4729,39,3,0,32,40,4,2,5,8,5,9,4.1,4,5,4,3,-0.0,4,5,1,103,8,5,4,Low
4730,40,5,3,73,40,3,4,6,9,7,8,10.1,8,8,8,4,0.03,8,5,5,104,4,4,9,Medium
4731,27,4,0,77,36,6,3,5,7,6,6,3.7,2,7,4,4,0.11,5,1,3,83,7,3,3,Low
4732,40,7,6,86,41,10,7,8,19,10,10,16.9,7,10,9,8,0.89,7,6,9,169,0,8,10,High
4733,39,7,2,69,36,6,6,2,16,5,7,14.6,6,7,6,8,-0.1,5,5,4,78,3,7,8,Medium
4734,40,7,4,48,40,6,7,8,14,5,5,11.7,5,6,4,8,-0.09,3,4,3,92,7,6,7,Medium
4735,32,5,2,93,37,4,4,8,7,6,8,8.3,6,6,6,7,0.21,8,5,5,122,3,5,6,Medium
4736,37,5,1,78,47,6,5,4,14,7,5,14.7,7,8,6,10,-0.23,10,4,4,118,2,8,10,Medium
4737,52,6,2,89,42,10,5,6,14,8,8,13.3,6,5,3,8,0.38,5,5,2,105,7,6,8,Medium
4738,54,9,5,79,52,7,9,8,21,9,8,15.7,8,9,10,10,0.4,7,9,7,130,1,9,8,High
4739,38,10,6,73,47,8,10,10,14,8,6,18.9,8,7,9,9,0.59,8,8,9,140,0,8,8,High
4740,35,7,2,79,33,6,5,4,11,6,7,17.0,3,8,6,7,0.56,9,3,3,112,5,8,7,Medium
4741,38,9,1,84,36,7,8,7,18,7,8,15.7,9,8,8,9,0.65,7,8,6,143,1,6,8,High
4742,55,10,1,87,46,8,9,9,17,10,8,15.8,8,9,6,9,0.79,9,10,8,143,0,7,8,High
4743,40,8,4,90,55,8,9,8,14,9,9,18.3,10,10,10,10,0.82,8,6,10,133,3,6,8,High
4744,22,7,1,54,31,6,4,3,10,4,3,8.0,6,4,1,2,-0.35,2,5,5,87,5,3,4,Low
4745,31,3,0,32,29,3,3,7,5,6,6,9.4,4,3,3,5,0.46,4,4,5,89,7,9,5,Low
4746,35,5,1,46,46,7,3,6,16,7,7,16.0,6,6,1,7,-0.26,6,5,5,120,4,7,7,Medium
4747,40,5,1,74,36,8,4,7,13,7,8,11.2,4,4,3,8,0.12,9,8,5,121,3,7,7,Medium
4748,44,4,2,73,29,6,7,8,17,5,8,16.0,6,6,3,7,0.14,5,6,4,99,5,6,7,Medium
4749,44,5,3,53,48,7,4,5,12,8,5,12.2,6,5,7,5,0.59,8,7,7,110,4,7,8,Medium
4750,53,7,3,93,36,9,10,10,18,9,10,16.7,10,5,8,8,0.36,9,9,7,110,3,8,7,High
4751,46,10,3,86,32,9,7,10,20,8,7,20.8,7,10,6,8,0.88,7,6,7,115,0,8,6,High
4752,42,7,4,71,38,6,6,9,25,9,8,18.6,8,10,10,6,0.79,6,6,9,157,1,8,9,High
4753,41,9,3,56,42,4,6,8,13,6,6,12.0,3,3,7,7,0.2,3,5,5,111,6,7,6,Medium
4754,42,9,1,92,34,7,8,9,11,6,7,12.2,7,5,4,8,0.02,8,7,3,105,2,5,6,Medium
4755,33,5,4,66,39,6,8,6,11,7,7,10.7,8,9,10,2,0.34,5,6,6,114,2,9,8,Medium
4756,28,4,1,53,38,3,3,3,6,3,4,5.1,3,3,4,7,-0.37,4,5,5,65,4,3,3,Low
4757,24,3,2,52,33,4,5,3,8,4,2,9.9,4,5,6,7,0.0,7,4,6,110,9,1,3,Low
4758,35,5,0,59,45,8,6,6,13,8,5,14.2,6,4,6,6,-0.08,10,5,7,108,7,6,9,Medium
4759,35,8,1,70,35,9,7,6,16,7,8,7.6,8,8,9,7,0.27,5,9,9,95,6,6,7,Medium
4760,55,10,4,85,43,10,9,9,16,8,9,20.1,10,8,6,7,0.47,7,6,9,143,2,8,9,High
4761,25,5,3,38,35,4,5,8,7,5,6,5.8,7,3,6,3,-0.28,1,5,1,69,2,6,5,Low
4762,54,10,3,90,41,10,8,8,16,9,10,20.1,9,8,10,7,0.55,8,8,9,129,4,9,8,High
4763,36,9,1,94,31,7,5,7,14,6,5,14.4,6,7,4,5,0.55,5,9,8,110,3,7,9,Medium
4764,35,8,1,62,39,7,4,8,16,6,8,9.9,8,9,3,8,-0.08,7,6,7,131,7,7,3,Medium
4765,32,4,1,78,32,7,7,6,11,7,5,9.0,7,8,7,7,-0.02,6,5,6,114,6,7,8,Medium
4766,45,7,1,69,37,7,3,7,10,6,6,15.5,7,5,2,4,-0.38,3,5,8,141,3,4,8,Medium
4767,43,6,1,76,38,6,8,7,12,5,9,15.7,8,6,4,7,-0.19,6,6,7,103,3,5,7,Medium
4768,40,4,1,76,47,6,7,6,11,7,8,16.2,6,6,6,7,0.42,6,10,9,110,2,7,6,Medium
4769,24,6,2,54,34,4,3,7,2,5,5,5.7,3,4,5,8,-0.01,5,4,3,101,3,2,6,Low
4770,37,4,0,40,29,3,2,5,3,6,6,13.0,3,6,2,1,-0.27,4,3,2,113,4,6,1,Low
4771,31,7,2,67,51,4,5,6,12,7,8,9.8,8,7,7,6,0.44,4,6,4,111,3,8,7,Medium
4772,59,7,4,100,50,10,8,7,18,10,10,16.2,9,9,8,8,0.42,9,6,7,137,4,8,8,High
4773,39,6,2,87,39,8,6,8,13,7,4,13.5,4,7,4,7,-0.25,5,5,5,145,6,5,6,Medium
4774,46,9,4,100,34,9,9,10,18,10,7,11.0,9,9,10,9,0.48,8,9,10,143,2,8,10,High
4775,42,6,2,69,41,8,7,5,14,6,6,14.6,7,5,9,6,0.34,5,6,7,88,6,5,8,Medium
4776,47,9,5,85,43,8,7,9,18,10,9,12.8,10,9,6,7,0.71,8,9,8,144,5,9,8,High
4777,41,8,3,92,44,7,5,7,22,8,7,9.8,9,8,8,10,0.78,9,5,8,123,2,8,7,High
4778,55,4,3,59,47,8,4,3,9,9,6,11.9,8,7,6,8,-0.24,7,8,6,90,5,5,6,Medium
4779,42,5,0,85,40,1,5,8,12,7,5,14.0,7,7,7,4,0.26,7,10,6,123,6,5,7,Medium
4780,50,8,6,100,39,9,8,8,21,9,9,14.9,9,10,9,9,0.82,9,6,8,136,2,7,9,High
4781,50,8,3,45,38,9,7,6,12,8,6,10.9,8,7,3,7,-0.19,4,7,6,125,5,7,9,Medium
4782,51,6,0,73,45,6,6,8,11,3,9,7.6,6,7,5,6,0.19,8,4,5,124,4,8,6,Medium
4783,26,3,1,79,26,5,3,1,13,4,2,8.0,4,6,4,6,-0.5,1,4,6,109,7,3,5,Low
4784,59,10,5,83,42,9,6,8,11,10,6,17.9,9,9,7,8,0.57,7,7,9,143,3,7,7,High
4785,53,10,3,92,45,7,8,8,16,7,9,17.3,8,7,9,8,0.85,6,6,9,141,4,5,9,High
4786,37,3,0,84,43,4,5,1,9,1,4,6.4,6,4,1,2,-0.12,7,2,3,60,7,9,6,Low
4787,31,8,3,55,44,7,5,5,13,5,8,5.9,5,9,3,7,0.34,6,7,8,135,9,4,4,Medium
4788,28,6,3,54,43,4,4,7,13,5,5,13.5,7,6,8,4,0.36,6,5,4,91,5,4,7,Medium
4789,30,5,2,9,26,6,4,4,6,5,5,5.6,1,5,3,3,0.15,2,6,4,109,5,5,7,Low
4790,52,8,4,99,45,7,7,9,21,9,8,12.3,10,9,8,7,0.63,8,7,9,145,3,7,10,High
4791,44,4,2,50,42,3,7,7,14,8,8,6.9,7,6,5,4,0.28,3,4,2,131,4,5,6,Medium
4792,26,6,0,40,39,8,4,6,9,4,4,10.1,1,3,2,1,-0.36,1,5,5,141,8,3,1,Low
4793,40,8,1,64,39,7,4,7,10,7,6,12.3,6,7,6,5,0.23,9,6,5,116,4,3,6,Medium
4794,43,7,3,83,40,8,9,10,14,8,9,8.7,7,8,7,8,1.0,7,9,10,148,4,8,8,High
4795,22,3,3,65,41,3,4,1,8,3,6,2.4,3,4,2,3,0.03,3,1,1,88,8,4,3,Low
4796,32,6,1,97,39,6,5,7,12,9,10,14.7,7,9,2,6,0.29,6,9,7,122,4,3,10,Medium
4797,38,8,2,74,44,7,7,6,13,7,5,7.7,6,4,6,9,0.29,4,6,5,136,3,2,4,Medium
4798,24,3,3,43,24,5,2,5,7,2,5,9.1,2,4,3,5,0.08,5,5,6,80,8,4,6,Low
4799,36,4,2,68,33,6,7,5,13,6,6,6.8,6,5,4,3,-0.0,5,3,3,90,8,1,4,Low
4800,37,5,1,85,41,6,5,8,9,6,9,7.9,8,4,6,8,0.03,7,5,4,133,8,4,7,Medium
4801,41,7,1,61,33,9,1,4,6,6,5,12.8,7,7,5,5,0.22,7,9,7,128,3,7,8,Medium
4802,49,8,3,68,35,10,10,8,15,9,8,16.0,9,9,8,9,0.48,8,9,10,123,1,8,10,High
4803,43,8,0,97,39,8,5,9,18,6,8,16.2,10,10,6,6,0.99,7,6,5,152,2,9,8,High
4804,57,9,4,95,52,8,7,9,13,7,9,20.3,7,9,7,9,0.85,9,7,8,151,1,10,7,High
4805,41,7,3,77,39,8,4,8,13,6,7,12.2,5,6,5,8,0.16,9,2,6,96,3,5,7,Medium
4806,48,8,3,93,35,8,10,9,16,10,9,16.5,9,8,7,8,0.73,7,10,8,167,3,8,10,High
4807,42,6,1,63,43,8,6,7,10,6,8,7.7,6,4,5,6,0.18,8,7,6,119,4,4,6,Medium
4808,30,7,0,93,52,7,5,6,12,7,6,9.9,6,4,7,6,0.55,8,8,9,140,5,7,5,Medium
4809,30,6,1,32,29,4,2,7,9,6,3,10.8,5,6,2,3,-0.02,6,3,4,106,3,3,3,Low
4810,27,3,1,53,36,3,3,3,9,5,4,8.2,5,6,3,3,-0.17,5,1,5,105,3,3,6,Low
4811,58,4,4,74,42,6,6,6,11,4,8,11.3,5,5,6,6,0.17,5,2,7,136,3,8,5,Medium
4812,43,5,3,74,44,6,2,9,17,5,8,11.9,6,6,6,8,0.7,4,6,4,128,3,6,5,Medium
4813,47,3,2,68,30,6,5,6,12,7,6,5.2,10,7,4,7,-0.09,4,3,9,111,0,4,8,Medium
4814,40,9,2,95,43,6,7,4,9,5,5,15.8,5,7,5,5,0.21,8,4,6,128,5,6,5,Medium
4815,55,5,1,94,43,6,6,7,9,6,5,3.8,8,6,6,8,0.11,5,6,4,131,2,7,4,Medium
4816,49,7,1,56,33,8,6,5,16,6,7,17.4,9,5,8,6,0.52,6,6,2,129,4,8,3,Medium
4817,41,8,3,84,39,6,4,7,15,6,6,16.8,9,8,5,7,0.27,4,6,8,113,3,1,5,Medium
4818,48,10,2,100,47,8,5,8,17,9,9,16.0,9,9,7,8,0.44,5,7,7,131,3,6,10,High
4819,50,8,3,87,44,8,10,10,21,8,9,12.1,6,8,9,9,0.22,8,5,9,128,3,9,8,High
4820,36,3,1,64,37,6,5,5,9,7,8,16.4,6,6,6,6,-0.21,7,5,5,110,5,3,7,Medium
4821,36,8,3,85,27,5,6,7,14,6,6,10.3,6,8,6,6,0.36,6,9,6,134,4,4,8,Medium
4822,36,9,4,48,39,9,6,5,12,7,5,12.3,8,7,4,9,0.3,5,7,6,77,1,8,8,Medium
4823,57,10,3,93,45,8,9,10,13,9,10,13.9,8,10,7,8,0.82,9,10,9,153,0,8,10,High
4824,38,8,3,45,42,6,4,4,13,7,6,15.3,7,7,6,6,0.14,10,1,6,99,2,3,8,Medium
4825,41,4,2,86,40,6,5,4,13,6,7,8.9,9,5,5,6,0.36,6,7,7,107,1,6,7,Medium
4826,26,4,1,0,39,3,3,4,8,2,4,9.8,4,1,3,6,0.01,1,5,6,87,7,8,4,Low
4827,32,3,1,81,41,5,7,4,14,6,4,13.0,4,6,10,7,0.23,6,7,6,121,3,2,6,Medium
4828,40,6,5,86,42,5,8,4,15,7,6,12.2,6,9,6,8,0.57,4,8,7,106,8,6,6,Medium
4829,51,9,2,91,45,9,9,9,10,10,10,19.7,10,8,8,7,0.74,8,8,6,147,4,8,7,High
4830,37,7,1,100,48,8,5,7,9,7,5,9.6,6,7,7,7,0.5,6,7,2,121,2,7,6,Medium
4831,40,4,1,52,44,7,6,8,13,10,6,6.7,4,6,6,5,0.27,5,4,6,81,5,3,7,Medium
4832,61,9,1,83,49,10,9,9,17,9,7,15.2,10,9,7,7,1.0,8,7,9,132,2,8,9,High
4833,47,10,5,67,41,8,6,8,16,10,9,14.9,10,10,10,6,0.73,10,10,8,117,1,9,8,High
4834,43,4,2,94,40,5,7,4,10,6,9,10.6,5,6,3,5,0.33,6,7,7,96,5,6,6,Medium
4835,37,6,2,65,37,5,5,4,10,7,7,8.9,4,7,5,10,0.01,8,6,6,99,3,4,7,Medium
4836,37,4,2,84,42,7,4,8,7,6,8,10.1,6,8,7,6,0.12,8,8,9,92,2,4,6,Medium
4837,41,7,3,100,49,9,8,8,18,7,10,22.1,9,7,8,10,0.55,5,7,7,152,1,8,7,High
4838,33,5,1,54,27,8,1,7,7,2,4,12.7,5,3,3,4,-0.16,5,1,4,88,4,3,4,Low
4839,57,8,5,90,40,8,9,8,17,9,9,18.7,9,6,10,8,1.0,5,7,9,118,2,9,9,High
4840,42,7,3,92,39,3,6,10,7,7,6,7.9,7,6,5,7,0.47,5,5,6,130,8,9,9,Medium
4841,38,7,0,95,31,6,6,10,7,5,9,12.7,8,5,7,6,0.31,5,7,8,124,5,7,5,Medium
4842,27,3,1,52,32,4,5,5,11,5,6,6.2,3,5,6,8,-0.26,4,2,3,105,3,2,2,Low
4843,46,6,3,66,33,7,7,6,13,7,6,12.8,6,8,7,6,0.06,5,4,6,94,5,9,4,Medium
4844,29,7,2,76,38,9,4,7,15,3,6,6.0,9,8,6,6,0.65,7,6,7,120,2,4,5,Medium
4845,28,3,1,80,33,6,3,5,11,5,6,6.9,3,4,3,3,-0.08,4,6,4,108,10,3,6,Low
4846,44,6,1,67,42,7,5,9,12,5,7,11.7,7,6,5,6,0.82,5,4,5,117,0,7,5,Medium
4847,50,9,1,73,37,10,9,8,18,6,8,22.0,8,8,9,10,0.59,9,5,6,135,4,9,8,High
4848,47,5,3,69,43,6,5,6,14,6,5,10.8,6,4,6,4,0.5,3,8,4,119,2,7,8,Medium
4849,55,10,4,100,46,10,9,9,19,8,10,20.9,5,9,9,8,0.67,7,10,7,127,4,7,9,High
4850,23,5,0,28,29,5,5,3,10,5,5,5.2,4,4,4,3,-0.06,3,1,1,121,6,3,2,Low
4851,34,4,3,63,44,8,8,6,11,4,6,10.5,6,6,1,6,0.14,7,6,6,83,3,8,4,Medium
4852,25,4,2,49,32,5,4,4,7,6,5,2.6,3,5,2,7,0.03,5,9,7,95,8,3,6,Low
4853,50,7,1,73,36,5,7,6,17,6,8,14.1,8,6,2,4,0.32,5,7,9,115,5,6,7,Medium
4854,54,10,2,92,40,8,6,8,15,9,9,14.5,8,8,6,10,0.81,6,5,8,143,1,10,9,High
4855,50,6,2,86,46,8,8,3,14,8,8,11.1,6,6,8,6,0.41,4,6,8,110,5,3,9,Medium
4856,29,4,2,77,36,2,3,3,5,4,1,5.7,2,2,2,5,-0.37,7,2,2,83,10,3,3,Low
4857,28,5,3,71,43,6,6,5,13,5,6,11.4,6,5,7,7,0.53,5,6,6,115,4,8,4,Medium
4858,28,5,1,63,33,6,6,7,14,7,7,7.3,8,5,10,7,-0.46,4,5,7,106,6,9,9,Medium
4859,34,5,3,54,40,6,6,7,12,6,10,12.6,10,8,5,5,0.3,8,4,7,126,5,7,8,Medium
4860,49,8,3,98,40,8,9,8,19,8,8,12.4,7,8,9,10,0.75,9,6,7,147,2,7,10,High
4861,43,8,3,89,50,8,9,10,16,9,7,13.7,8,8,8,10,0.39,7,7,9,155,0,6,10,High
4862,47,6,2,59,38,8,4,5,7,6,4,14.8,5,10,7,9,0.71,7,7,10,102,6,4,10,Medium
4863,46,7,2,68,39,7,6,6,14,8,9,9.3,8,8,5,7,-0.12,8,7,6,108,4,5,8,Medium
4864,36,5,1,50,40,7,4,5,14,9,7,8.7,6,6,5,5,0.11,6,7,9,137,4,5,8,Medium
4865,23,5,0,72,43,4,4,3,10,4,6,9.1,4,3,5,5,0.06,4,1,4,88,4,1,4,Low
4866,39,7,1,71,44,5,4,6,15,5,8,8.8,7,6,8,6,0.48,4,5,4,136,6,6,6,Medium
4867,46,6,2,76,39,5,5,4,15,10,6,10.4,5,8,9,7,-0.21,8,5,9,68,2,5,9,Medium
4868,50,4,4,47,41,7,6,4,13,7,7,14.7,6,7,7,4,0.34,3,7,7,93,1,6,7,Medium
4869,41,5,0,75,50,8,7,6,16,6,8,9.0,7,6,6,5,0.14,9,5,1,109,6,6,7,Medium
4870,25,3,0,88,35,3,3,4,2,2,8,8.4,5,7,4,4,-0.32,3,6,6,83,8,6,3,Low
4871,38,5,1,100,43,5,5,7,11,5,8,9.5,7,8,7,4,-0.13,6,8,7,114,4,6,7,Medium
4872,34,4,2,100,42,5,2,7,7,2,5,6.8,2,3,5,4,0.27,6,4,8,93,5,5,4,Low
4873,30,4,1,59,32,1,4,3,5,3,5,5.1,10,2,4,3,-0.15,4,5,4,88,6,5,8,Low
4874,56,7,3,100,42,7,7,6,14,10,10,16.6,7,9,6,8,0.7,5,8,7,159,3,8,8,High
4875,30,3,0,35,30,4,3,4,4,6,4,8.2,4,4,4,4,-0.25,8,4,5,93,7,5,2,Low
4876,29,5,3,60,35,7,10,5,15,6,6,13.5,5,5,4,6,-0.01,5,9,4,83,5,2,8,Medium
4877,29,1,2,68,32,5,6,3,3,7,8,13.9,8,3,5,3,0.17,2,5,3,81,5,7,2,Low
4878,41,9,5,100,38,8,7,10,16,10,10,19.9,10,8,10,9,0.57,9,9,9,146,3,8,8,High
4879,37,6,2,62,43,7,6,6,13,8,4,10.8,6,6,4,9,-0.18,6,7,6,103,1,7,7,Medium
4880,41,8,0,76,40,6,7,5,11,6,6,9.0,8,9,5,6,0.58,7,6,3,115,2,5,6,Medium
4881,44,5,1,95,41,7,8,8,11,6,6,9.3,6,4,6,6,0.32,5,7,6,96,4,7,7,Medium
4882,46,9,4,66,33,9,8,7,17,8,10,16.0,8,10,8,10,0.5,7,8,9,148,2,5,9,High
4883,46,7,6,86,46,9,10,8,21,6,7,16.1,9,10,7,9,0.59,7,9,8,123,4,6,9,High
4884,51,7,1,73,44,7,8,7,9,7,9,17.9,6,10,7,6,0.32,8,8,8,131,1,8,6,Medium
4885,48,8,5,80,41,8,7,10,19,10,9,18.9,7,10,8,7,0.49,7,7,5,156,4,8,8,High
4886,52,8,2,95,29,7,6,9,13,10,9,17.0,7,8,8,9,0.69,7,10,7,150,1,7,10,High
4887,55,10,4,89,47,9,6,9,19,8,7,15.4,7,7,9,8,0.47,9,8,7,145,4,9,8,High
4888,41,6,2,79,44,7,7,5,11,6,7,8.7,6,3,2,7,0.32,6,5,6,116,4,8,7,Medium
4889,32,6,0,94,32,6,4,5,13,8,7,11.7,7,7,4,6,0.09,7,9,6,108,4,5,6,Medium
4890,43,7,2,46,30,7,4,7,14,6,5,9.9,10,6,5,7,0.07,6,7,10,109,6,9,8,Medium
4891,58,9,2,93,54,7,8,6,13,10,8,15.1,10,9,10,9,0.82,10,10,9,119,5,8,8,High
4892,42,9,3,62,49,6,7,6,11,5,7,7.4,6,6,5,5,0.08,4,7,7,111,1,10,7,Medium
4893,41,5,2,58,47,7,5,7,13,8,4,10.6,6,5,2,7,0.35,5,6,7,124,4,6,7,Medium
4894,50,5,4,79,49,6,3,7,14,7,6,12.3,7,5,9,8,0.76,5,5,4,115,2,7,6,Medium
4895,47,9,5,71,46,9,7,8,18,8,9,17.9,8,10,9,8,0.97,9,8,9,148,2,10,8,High
4896,58,10,2,94,45,9,5,8,14,7,9,16.8,7,6,7,8,0.89,6,7,9,144,3,9,9,High
4897,33,2,1,72,25,4,3,1,5,4,4,11.4,4,4,4,1,-0.37,4,1,3,96,7,3,4,Low
4898,51,8,4,97,37,7,8,9,10,10,9,18.0,8,8,8,9,0.46,8,8,10,159,6,8,9,High
4899,37,6,2,49,37,9,7,4,13,5,3,9.8,7,7,4,9,0.36,4,7,7,123,3,6,9,Medium
4900,59,10,3,67,32,8,7,8,15,6,6,15.4,10,9,8,9,0.56,6,8,7,135,0,8,9,High
4901,43,6,3,69,34,10,4,4,20,6,8,13.5,8,4,6,7,0.22,3,7,7,135,5,7,8,Medium
4902,43,5,2,77,44,7,4,4,9,7,5,14.7,7,7,6,6,0.06,5,10,3,102,7,4,7,Medium
4903,57,5,1,78,43,9,10,8,19,9,7,20.1,8,9,8,10,0.77,8,7,8,136,1,8,7,High
4904,37,5,3,93,36,6,8,6,12,6,5,8.2,8,5,2,7,0.17,6,7,8,122,7,8,8,Medium
4905,51,8,3,71,41,8,9,10,12,10,9,16.7,7,5,6,8,0.84,7,7,9,141,2,7,7,High
4906,36,7,2,65,43,7,5,6,8,8,5,16.7,5,9,5,7,0.19,6,3,7,113,4,6,8,Medium
4907,52,8,1,75,46,8,7,9,10,3,6,10.1,9,9,8,6,0.26,4,4,5,127,4,7,4,Medium
4908,46,10,1,56,43,7,8,5,14,7,9,8.0,6,7,4,6,0.33,5,3,7,97,3,6,8,Medium
4909,33,8,2,80,38,4,3,7,13,6,9,8.0,5,7,7,6,0.04,7,5,6,124,4,6,7,Medium
4910,38,5,2,84,32,7,6,7,15,8,7,13.1,7,8,7,6,0.4,6,6,6,93,1,8,8,Medium
4911,35,6,1,45,42,4,4,6,13,4,8,8.3,7,3,1,5,-0.22,5,6,2,88,11,3,3,Low
4912,50,7,0,50,34,6,7,7,18,7,8,13.1,8,7,6,7,0.23,8,9,5,126,3,6,6,Medium
4913,35,4,2,39,38,1,3,3,8,2,7,13.4,3,6,2,2,-0.5,3,1,5,90,10,7,6,Low
4914,56,8,4,83,40,7,7,10,15,8,8,11.5,6,8,6,9,0.38,8,8,9,136,4,9,9,High
4915,63,8,5,87,45,6,9,9,23,8,8,19.3,7,8,9,9,0.96,9,10,5,140,0,9,10,High
4916,31,3,1,94,41,6,4,8,13,10,6,19.5,9,5,5,5,0.15,8,8,9,143,5,3,7,Medium
4917,57,6,4,94,34,7,6,8,19,8,8,15.1,10,7,8,7,0.45,9,7,9,136,4,10,6,High
4918,36,9,1,44,44,5,8,9,11,9,8,12.0,8,6,5,6,0.35,8,5,8,140,4,6,5,Medium
4919,40,3,0,80,30,6,6,6,13,10,10,10.6,5,5,8,6,0.07,5,6,3,112,4,8,6,Medium
4920,46,7,5,73,39,9,7,9,17,9,10,17.2,8,7,9,9,0.76,7,9,8,149,3,8,10,High
4921,49,6,0,100,34,8,7,10,20,7,7,18.5,10,9,8,8,0.52,8,8,7,154,2,6,8,High
4922,39,7,0,78,39,5,4,6,11,6,10,7.5,6,10,3,7,0.18,7,7,5,124,2,6,4,Medium
4923,50,8,3,72,38,8,10,9,16,8,7,15.3,8,8,4,10,0.89,8,10,10,111,5,7,6,High
4924,41,6,0,58,43,5,5,6,16,6,6,16.3,7,6,2,7,0.21,4,5,5,132,5,8,5,Medium
4925,53,9,5,81,46,9,6,7,20,9,9,17.7,8,7,9,7,0.78,9,7,8,121,1,8,10,High
4926,30,4,0,40,32,3,3,7,5,2,5,7.5,4,4,4,3,-0.43,6,4,6,70,11,1,5,Low
4927,30,6,3,57,38,6,5,7,11,7,7,9.1,5,7,6,5,0.12,8,8,4,109,2,6,5,Medium
4928,35,5,2,85,42,8,6,6,14,7,8,13.4,7,4,6,6,-0.04,6,7,9,143,6,6,8,Medium
4929,47,5,0,39,37,7,5,9,13,8,7,5.7,9,7,6,6,0.34,4,6,6,106,4,5,8,Medium
4930,40,5,2,82,27,8,4,2,5,6,9,6.8,4,3,3,6,-0.45,4,3,4,88,8,2,6,Low
4931,48,9,4,100,47,7,10,7,17,9,10,19.3,9,7,6,9,0.64,9,10,6,170,3,10,8,High
4932,36,4,1,70,43,3,6,2,6,6,3,6.2,4,4,3,4,0.25,6,1,6,83,1,10,5,Low
4933,28,8,4,62,38,8,4,4,14,9,8,15.0,8,6,5,7,0.58,4,6,6,104,3,9,5,Medium
4934,28,7,3,68,40,8,4,5,10,6,5,14.1,4,6,5,7,0.43,7,6,5,117,4,5,7,Medium
4935,53,3,2,73,43,7,7,6,16,6,7,14.7,3,6,10,6,0.18,8,8,8,143,4,7,5,Medium
4936,37,6,2,78,38,7,5,6,17,5,5,12.8,4,9,7,7,0.4,7,8,5,110,3,6,5,Medium
4937,46,6,1,81,43,6,6,3,10,9,7,15.8,7,7,8,8,0.41,8,6,4,97,5,8,6,Medium
4938,25,6,1,49,36,4,6,5,7,7,7,11.9,6,5,6,3,0.37,5,6,3,89,14,2,4,Low
4939,25,5,0,27,28,4,3,3,9,2,4,3.4,4,7,1,3,0.04,3,1,3,107,9,7,2,Low
4940,36,7,0,63,38,5,3,6,12,8,8,11.9,5,7,4,8,-0.06,8,7,3,130,6,7,8,Medium
4941,49,10,4,100,44,7,8,10,13,9,7,17.4,8,8,9,8,0.45,8,8,8,148,5,10,8,High
4942,64,8,2,89,33,10,8,7,12,10,5,14.3,7,8,7,7,0.91,7,8,8,149,3,8,7,High
4943,37,3,1,65,45,5,4,4,15,6,2,9.7,3,4,4,6,-0.31,6,2,4,76,3,6,4,Low
4944,47,4,3,72,33,7,6,7,13,7,6,18.0,8,7,7,9,0.15,6,7,5,118,1,7,6,Medium
4945,23,5,1,36,38,3,4,5,3,1,3,13.0,1,5,4,5,-0.01,8,1,7,89,10,7,5,Low
4946,24,2,0,33,32,2,3,7,8,5,6,6.8,4,6,1,5,0.1,3,1,4,107,7,6,4,Low
4947,31,5,2,49,37,4,6,9,9,10,6,7.2,6,7,7,5,0.48,4,8,3,131,7,9,8,Medium
4948,32,6,1,86,41,4,6,6,14,8,8,9.5,5,6,8,5,0.35,5,4,6,98,10,9,6,Medium
4949,23,3,1,71,40,5,5,8,10,5,5,2.2,2,5,4,7,-0.16,1,1,4,69,8,8,3,Low
4950,43,7,3,72,49,6,4,3,12,6,6,17.6,9,3,5,5,0.26,6,6,4,135,7,7,7,Medium
4951,28,4,2,32,38,5,5,4,9,6,5,12.9,4,4,4,6,-0.21,3,4,5,81,7,3,4,Low
4952,63,9,5,73,47,10,8,9,19,9,9,14.0,5,8,6,10,0.77,9,8,9,117,2,9,9,High
4953,56,10,2,76,36,9,7,9,15,10,8,20.5,7,8,8,8,0.79,9,8,7,131,1,10,9,High
4954,31,5,1,27,45,6,6,4,8,4,5,9.1,6,3,2,3,0.23,1,4,2,85,7,3,3,Low
4955,33,9,2,61,36,7,8,7,22,7,7,13.4,7,7,5,6,0.26,5,6,7,132,7,8,3,Medium
4956,50,8,5,90,43,10,10,8,16,9,9,13.1,7,7,8,9,0.64,8,8,6,141,4,9,6,High
4957,54,8,4,80,42,9,7,8,16,8,9,20.0,8,8,9,9,0.49,8,9,7,136,1,10,9,High
4958,31,6,3,61,32,3,7,6,10,10,7,17.4,5,7,7,7,0.19,5,1,5,128,3,3,6,Medium
4959,35,5,0,40,38,3,6,6,10,5,4,6.7,1,5,5,4,-0.19,4,6,5,86,8,5,5,Low
4960,25,5,1,68,39,9,4,8,12,3,4,11.0,2,5,2,5,-0.35,5,3,2,75,8,4,5,Low
4961,43,6,2,74,36,9,5,7,12,6,9,13.0,8,9,6,7,0.35,5,2,3,89,5,7,5,Medium
4962,46,9,3,76,42,5,6,6,13,9,8,9.9,9,8,7,5,0.55,6,6,6,111,4,6,7,Medium
4963,24,5,1,62,28,4,5,5,10,6,3,8.8,1,4,4,3,-0.42,1,7,2,72,5,8,2,Low
4964,34,5,2,82,40,6,3,5,15,6,8,16.5,8,6,3,7,0.37,5,8,7,93,6,4,8,Medium
4965,32,5,2,41,26,4,5,1,13,3,7,14.0,2,6,2,2,0.02,7,5,3,90,9,1,6,Low
4966,50,9,4,91,42,7,8,8,16,8,7,14.0,8,10,6,7,0.85,8,9,6,149,4,8,7,High
4967,36,7,1,69,37,8,5,7,15,8,6,14.5,6,7,8,8,0.63,6,7,6,130,2,8,5,Medium
4968,38,7,0,76,41,4,4,6,9,4,3,8.7,2,4,4,2,-0.27,4,2,6,107,7,3,5,Low
4969,45,6,3,95,39,7,7,8,16,6,7,11.4,5,7,6,5,0.51,6,6,5,105,7,8,6,Medium
4970,54,3,4,87,47,9,1,5,9,10,5,10.5,8,4,6,7,0.41,7,3,7,129,2,5,7,Medium
4971,46,8,2,79,42,9,8,9,14,9,10,21.6,7,6,8,8,0.46,9,8,7,129,4,9,9,High
4972,27,6,1,76,37,6,5,7,12,8,6,13.7,8,7,6,10,0.28,6,6,8,152,4,4,5,Medium
4973,27,6,3,85,46,9,6,6,11,4,5,15.3,7,6,8,6,0.02,4,5,6,131,3,6,3,Medium
4974,46,8,2,69,42,6,7,8,19,7,9,20.8,8,9,6,8,1.0,5,8,9,156,3,8,9,High
4975,49,2,3,90,44,6,6,7,12,9,6,17.4,7,5,6,7,0.68,8,6,8,104,2,7,5,Medium
4976,44,8,4,91,45,8,10,8,17,7,7,20.3,7,6,5,8,0.63,5,7,8,161,2,9,8,High
4977,49,4,5,90,43,4,7,5,16,7,6,9.8,6,9,3,3,0.42,6,4,4,126,5,5,7,Medium
4978,36,7,4,100,40,5,3,6,15,6,8,11.7,5,6,2,5,-0.33,7,6,7,100,7,6,5,Medium
4979,31,5,1,65,34,4,5,8,5,5,1,6.3,7,5,5,5,-0.21,5,2,5,93,4,3,5,Low
4980,43,5,5,38,38,7,8,9,14,5,6,8.9,5,7,4,7,0.36,3,7,6,107,5,6,5,Medium
4981,57,6,4,83,43,7,8,10,14,7,9,10.8,8,9,10,9,0.82,9,9,8,150,2,7,9,High
4982,55,7,5,96,37,10,4,8,13,8,9,20.1,10,8,9,8,0.65,7,10,10,147,4,9,7,High
4983,34,7,1,69,43,7,7,6,15,5,4,5.4,6,9,5,8,0.12,5,8,7,109,0,6,8,Medium
4984,58,5,1,71,34,7,7,10,12,6,7,16.8,9,6,3,7,0.63,7,5,8,128,7,7,8,Medium
4985,39,8,6,82,34,8,9,9,19,10,9,12.9,9,10,8,8,0.5,6,5,7,155,1,7,10,High
4986,54,10,2,71,46,10,6,10,18,9,7,19.2,8,10,8,9,0.88,7,9,8,159,2,6,9,High
4987,21,2,1,81,28,3,3,5,9,3,5,5.8,2,5,5,6,0.04,6,5,2,95,7,4,5,Low
4988,56,7,4,67,46,4,6,9,12,4,6,15.1,6,5,4,8,-0.0,6,6,6,114,4,1,6,Medium
4989,37,7,2,56,34,6,4,10,12,6,6,10.3,7,7,6,5,0.26,7,8,9,105,8,4,10,Medium
4990,41,10,2,81,28,8,10,7,15,10,10,19.2,9,9,10,9,0.69,9,8,7,150,1,9,9,High
4991,30,3,2,36,35,6,2,2,11,6,3,7.3,4,6,4,5,-0.25,2,4,5,88,1,3,2,Low
4992,41,7,1,87,31,7,6,6,20,8,5,6.6,3,5,5,9,0.07,5,4,7,117,5,6,8,Medium
4993,49,9,4,94,40,8,9,5,22,9,8,12.3,10,8,9,9,0.26,6,9,6,126,0,10,9,High
4994,24,3,1,36,32,3,5,6,6,5,4,10.4,4,3,1,6,0.12,2,4,5,70,4,5,2,Low
4995,41,7,1,74,32,5,2,3,7,7,5,16.7,7,4,6,5,0.24,5,7,7,111,3,5,5,Medium
4996,46,7,2,90,33,7,5,8,11,7,5,10.7,6,5,5,8,0.35,10,7,7,124,4,8,5,Medium
4997,33,5,2,62,45,6,7,5,16,7,7,13.8,9,7,7,7,-0.28,8,5,3,96,0,9,6,Medium
4998,55,5,2,60,30,5,4,5,11,6,4,12.5,5,3,5,6,0.21,4,3,6,101,7,8,6,Medium
4999,46,7,2,87,39,8,4,7,13,6,9,15.0,5,7,6,8,-0.4,6,6,4,149,4,3,7,Medium
5000,23,3,1,42,33,9,4,4,9,3,5,6.6,4,4,5,1,-0.28,5,7,5,136,7,3,4,Low
5001,41,5,3,56,31,4,5,8,9,4,9,15.2,6,8,6,3,0.37,7,7,3,117,10,7,5,Medium
5002,50,6,3,96,44,8,10,7,12,10,9,19.1,8,10,8,10,1.0,10,8,10,116,1,10,9,High
5003,51,10,6,66,40,10,10,10,19,9,10,21.8,7,9,8,8,1.0,8,9,7,149,1,10,10,High
5004,26,4,0,53,30,7,3,4,7,7,6,11.2,2,5,3,4,-0.11,5,4,10,92,5,1,2,Low
5005,36,3,2,65,46,3,5,6,6,3,5,4.6,3,5,2,7,-0.16,6,7,3,93,6,1,4,Low
5006,38,7,1,87,40,8,2,5,12,6,6,14.2,6,6,6,9,-0.03,7,4,6,100,5,6,5,Medium
5007,37,10,3,61,42,7,6,5,13,5,7,9.8,8,6,7,7,0.4,5,9,6,133,5,6,3,Medium
5008,48,5,2,62,43,6,7,6,11,8,5,12.7,6,7,6,6,0.05,4,5,6,108,7,8,5,Medium
5009,43,7,1,61,27,4,10,5,9,8,7,11.4,6,9,5,8,0.09,8,7,7,138,8,4,6,Medium
5010,35,4,0,64,38,5,2,8,10,2,6,9.1,1,4,3,7,-0.28,5,5,1,86,3,7,4,Low
5011,28,1,1,68,23,5,7,3,9,4,1,6.4,5,8,5,5,-0.04,1,5,1,93,10,5,5,Low
5012,40,4,1,71,42,7,5,6,11,6,5,11.8,5,6,4,7,0.08,4,6,6,122,3,8,6,Medium
5013,25,7,1,38,39,8,3,5,10,8,8,18.8,6,4,10,5,0.11,5,6,8,87,3,6,9,Medium
5014,32,5,1,64,30,1,2,5,6,3,3,8.0,5,4,2,4,0.22,6,3,6,96,7,1,4,Low
5015,32,9,1,52,33,4,6,8,16,5,6,11.6,8,8,4,6,0.2,7,8,5,137,1,6,6,Medium
5016,35,5,1,100,49,6,7,5,12,5,7,12.2,7,8,5,7,0.21,6,4,7,127,7,7,4,Medium
5017,43,10,5,91,47,8,5,9,23,7,7,15.4,10,9,9,7,0.44,6,9,10,155,2,9,9,High
5018,57,9,4,82,38,8,9,9,19,9,10,17.2,7,9,7,10,0.64,10,7,7,151,4,6,8,High
5019,53,5,1,96,37,6,5,7,14,10,4,8.1,8,6,10,5,0.29,7,7,10,121,9,9,7,Medium
5020,38,8,0,46,36,7,7,8,15,7,8,12.9,6,7,7,7,0.4,4,6,4,130,7,10,7,Medium
5021,39,8,4,58,44,10,5,8,9,6,8,10.6,5,6,3,7,0.47,6,5,4,86,2,8,10,Medium
5022,41,6,3,98,58,6,5,6,19,5,8,13.6,6,10,2,6,0.73,7,7,6,111,5,7,5,Medium
5023,47,6,1,85,37,7,4,8,15,5,5,10.2,7,8,7,7,0.31,6,7,6,90,8,5,7,Medium
5024,56,9,3,83,36,9,6,8,20,9,10,17.9,9,8,7,9,0.22,8,9,8,146,4,10,9,High
5025,40,7,1,86,33,4,7,7,14,5,5,9.7,9,8,5,5,0.03,9,8,7,152,8,5,4,Medium
5026,55,9,6,98,41,9,10,8,18,8,7,15.8,9,7,6,10,0.89,8,6,9,147,3,6,10,High
5027,43,8,3,85,45,6,7,10,11,8,10,10.7,9,8,8,4,0.42,5,5,6,131,3,8,6,Medium
5028,21,6,0,68,37,5,2,4,8,1,3,4.8,4,3,1,8,-0.17,1,7,3,81,7,4,5,Low
5029,56,9,4,84,33,10,7,9,14,9,9,14.4,7,8,7,8,0.96,6,8,10,144,1,9,9,High
5030,49,4,1,70,37,8,5,4,18,4,7,6.8,6,6,6,6,0.4,4,6,4,116,5,7,9,Medium
5031,44,4,0,62,43,7,5,4,10,10,6,15.7,6,6,7,4,0.58,4,6,5,118,4,8,5,Medium
5032,41,6,3,87,34,2,6,7,16,6,5,11.2,5,6,6,8,0.28,6,5,7,102,1,7,7,Medium
5033,35,4,0,86,35,3,2,3,8,4,5,9.5,7,4,2,10,-0.47,6,6,2,98,11,4,6,Low
5034,48,8,4,86,39,7,10,10,17,9,8,17.6,9,7,8,9,0.88,10,8,6,144,3,7,7,High
5035,35,5,1,69,37,2,3,4,9,2,7,8.7,5,1,4,7,-0.44,4,3,3,76,0,7,8,Low
5036,56,8,2,75,40,9,5,9,13,6,10,23.1,6,9,7,9,0.61,9,10,10,135,4,9,9,High
5037,58,9,4,85,40,8,7,6,18,9,9,15.6,10,10,9,10,0.58,6,6,8,148,1,9,6,High
5038,40,8,3,91,41,7,9,9,15,9,7,14.6,10,7,7,8,1.0,9,9,7,169,0,10,10,High
5039,24,8,1,22,42,4,10,6,12,8,6,12.0,8,6,4,6,0.52,4,4,7,112,0,8,5,Medium
5040,36,6,3,78,36,6,5,4,15,8,7,8.9,8,7,6,4,0.35,7,8,6,109,5,7,7,Medium
5041,46,8,5,93,32,9,8,9,19,9,10,19.0,7,6,10,7,0.84,9,10,7,123,2,9,9,High
5042,34,8,2,60,37,8,7,7,12,6,6,12.9,5,7,8,6,0.2,4,8,6,97,1,8,7,Medium
5043,43,7,3,80,45,5,5,5,10,5,8,12.6,5,8,9,8,0.33,6,4,6,99,5,6,5,Medium
5044,51,8,3,62,41,7,7,6,14,7,6,6.5,4,5,3,8,0.33,6,5,7,121,1,7,8,Medium
5045,52,5,4,55,47,8,5,7,11,7,9,9.3,6,3,5,8,0.68,9,9,4,107,5,5,8,Medium
5046,40,8,1,72,35,4,6,4,13,4,5,14.3,9,6,8,5,0.03,8,4,7,109,4,7,6,Medium
5047,33,4,3,77,34,8,7,10,14,7,6,9.1,8,4,3,7,0.22,6,5,1,94,6,7,6,Medium
5048,43,5,3,84,36,5,5,6,12,6,6,9.0,6,7,6,5,0.1,7,7,7,124,8,7,8,Medium
5049,67,8,4,83,27,10,7,7,19,7,8,22.0,7,10,10,8,0.51,8,8,8,103,3,8,9,High
5050,29,7,3,87,43,7,8,6,9,7,6,13.0,6,7,5,6,0.33,10,6,6,112,6,7,4,Medium
5051,59,9,4,86,44,9,8,10,14,7,7,13.5,9,9,6,7,0.74,7,10,8,167,2,7,10,High
5052,39,6,2,69,49,8,5,6,16,10,7,12.0,6,8,8,9,0.48,3,5,6,130,5,5,5,Medium
5053,52,9,5,100,50,7,7,10,17,8,7,17.0,7,9,7,9,1.0,10,8,7,140,3,10,9,High
5054,40,6,2,66,41,5,6,6,18,7,8,9.5,7,9,6,6,0.18,6,8,6,110,1,5,6,Medium
5055,45,10,3,81,38,9,9,10,19,8,9,16.8,8,9,10,10,0.67,7,7,10,149,1,10,9,High
5056,40,6,0,59,33,4,5,6,9,2,1,9.0,4,6,6,5,0.2,4,5,3,98,4,6,2,Low
5057,47,9,2,98,50,6,10,8,16,8,10,16.6,7,10,10,8,0.47,8,8,7,143,2,6,8,High
5058,28,3,1,55,42,2,4,4,7,5,6,4.0,6,5,4,4,-0.1,5,2,3,88,9,4,2,Low
5059,57,9,2,60,36,9,8,8,14,8,8,19.3,9,8,9,10,0.94,5,6,9,125,2,6,10,High
5060,60,8,3,80,29,10,8,8,15,8,8,14.4,9,8,6,8,0.89,8,8,6,111,2,7,9,High
5061,48,5,4,88,36,5,4,6,14,5,8,15.4,9,7,7,8,0.45,8,8,6,128,3,5,6,Medium
5062,48,7,2,100,43,8,6,6,8,7,8,13.3,4,5,6,7,0.41,7,10,5,106,5,7,5,Medium
5063,46,10,3,92,49,10,9,9,17,8,10,18.3,7,9,8,6,0.51,7,10,8,129,1,10,8,High
5064,40,3,0,55,41,7,5,5,7,6,8,11.7,9,8,7,3,-0.09,5,6,6,114,5,6,7,Medium
5065,33,8,4,95,41,9,8,10,19,8,8,16.3,9,7,9,7,0.7,7,9,8,137,0,9,9,High
5066,37,4,1,58,23,2,3,7,4,2,2,7.7,4,6,3,2,-0.38,1,2,3,82,11,4,3,Low
5067,26,3,0,39,29,2,3,3,12,5,5,4.3,5,7,4,2,-0.41,1,2,3,93,8,5,4,Low
5068,54,7,4,59,44,7,10,7,15,9,9,16.7,9,8,7,9,0.6,7,6,9,145,1,9,8,High
5069,35,6,2,78,40,8,7,5,13,6,5,4.1,7,4,6,6,0.29,9,4,3,101,4,7,5,Medium
5070,47,8,5,75,41,10,9,9,14,9,9,19.1,8,8,10,9,0.67,9,10,7,145,2,6,10,High
5071,41,5,2,86,46,9,6,5,9,6,5,7.5,9,7,3,7,0.19,8,5,2,103,4,4,8,Medium
5072,39,5,2,70,45,8,7,8,9,7,5,9.1,6,6,6,7,0.31,7,7,6,131,2,6,7,Medium
5073,34,5,2,47,33,8,7,8,7,8,5,11.6,4,7,6,7,0.4,4,5,5,127,6,7,9,Medium
5074,37,6,3,68,44,7,3,7,13,4,7,11.5,6,6,2,7,0.14,7,7,7,111,6,4,6,Medium
5075,46,7,2,68,33,5,5,7,13,4,8,11.1,8,7,4,7,-0.0,8,10,6,136,6,7,5,Medium
5076,44,5,0,80,34,7,6,5,10,6,6,12.1,8,5,8,10,0.33,7,8,8,119,2,9,8,Medium
5077,39,8,1,77,40,5,5,7,11,6,4,8.4,7,8,3,5,0.23,7,5,6,112,4,6,6,Medium
5078,43,6,2,63,49,10,7,7,17,8,7,13.4,8,9,4,6,-0.06,8,5,6,122,7,4,8,Medium
5079,55,10,4,61,47,8,7,10,19,10,9,15.9,10,6,9,9,0.75,6,9,9,136,1,9,7,High
5080,45,7,4,62,43,6,3,8,12,8,7,17.1,4,4,5,8,0.37,4,7,4,133,9,8,6,Medium
5081,39,5,3,41,46,7,3,6,12,6,7,13.4,6,8,2,7,0.12,7,4,6,111,3,6,9,Medium
5082,46,7,5,81,39,8,4,6,16,6,8,7.1,7,7,8,5,0.17,5,8,8,93,5,7,8,Medium
5083,28,7,2,56,41,9,6,5,12,6,9,9.9,8,5,2,6,0.8,9,7,6,131,2,6,5,Medium
5084,61,9,4,86,43,8,8,10,12,8,9,19.5,8,8,7,8,0.52,8,10,10,165,1,9,9,High
5085,39,6,1,66,35,5,7,6,10,7,5,14.6,6,5,5,5,-0.12,5,8,6,149,1,4,6,Medium
5086,21,3,1,53,36,4,5,2,4,3,8,7.1,3,5,3,4,0.23,10,5,6,95,3,7,6,Low
5087,32,5,2,57,33,4,4,4,5,3,4,4.6,4,7,7,6,-0.13,5,5,4,95,8,4,6,Low
5088,45,7,2,99,39,6,4,4,12,8,7,10.9,4,6,7,5,0.13,1,8,6,130,5,6,9,Medium
5089,56,10,4,100,32,9,7,10,19,10,9,16.1,7,9,9,9,0.96,8,8,6,126,5,8,8,High
5090,35,6,1,25,20,5,6,4,8,5,3,5.9,7,4,4,5,0.09,5,2,7,75,12,3,5,Low
5091,65,9,5,85,45,10,10,7,13,9,8,12.5,8,7,5,9,0.69,8,7,8,134,0,9,9,High
5092,26,7,1,85,41,7,6,8,8,4,7,14.0,7,5,4,8,0.37,6,5,4,123,1,8,8,Medium
5093,39,4,2,89,41,7,5,6,12,6,7,8.7,6,6,4,6,0.09,2,1,3,124,6,6,6,Medium
5094,64,6,3,96,45,10,6,10,15,8,7,19.4,8,9,8,8,0.68,9,9,7,135,0,7,10,High
5095,33,6,3,90,34,6,5,5,13,6,6,8.3,6,7,6,7,0.77,4,6,4,138,5,4,6,Medium
5096,36,8,5,66,39,5,3,5,8,5,6,12.4,6,4,6,5,0.57,7,4,6,116,3,9,6,Medium
5097,36,6,1,61,34,8,4,7,6,2,7,4.9,6,3,3,4,-0.18,3,6,1,75,5,6,5,Low
5098,38,2,1,49,23,5,2,5,5,3,2,7.4,2,2,5,4,0.37,1,2,2,69,8,1,4,Low
5099,42,5,2,71,50,6,7,7,9,9,6,10.2,6,8,7,4,0.26,8,9,7,121,0,5,8,Medium
5100,39,7,0,82,32,6,6,3,12,2,2,4.1,3,4,5,2,-0.34,5,2,3,106,5,1,7,Low
5101,41,6,0,83,38,6,5,5,11,7,7,11.8,9,7,4,9,0.15,6,6,6,94,3,4,5,Medium
5102,31,7,1,48,40,6,5,5,11,7,3,5.9,4,8,9,5,-0.16,4,7,7,148,4,5,9,Medium
5103,37,8,3,60,37,7,7,7,10,7,7,7.5,7,7,4,8,0.23,4,6,4,91,2,7,6,Medium
5104,22,1,0,86,33,5,2,8,7,5,1,9.0,4,5,6,4,-0.12,3,6,5,96,5,6,7,Low
5105,23,6,1,81,36,7,8,9,12,9,7,14.2,5,5,8,8,0.47,4,9,7,121,4,7,9,Medium
5106,34,5,1,78,42,6,4,6,14,6,5,17.3,6,6,6,7,0.66,5,2,4,130,1,6,6,Medium
5107,40,7,7,94,39,10,8,9,17,8,9,19.1,9,10,10,7,0.63,9,8,9,156,3,10,8,High
5108,21,6,1,64,30,4,3,4,7,4,6,10.0,5,4,3,4,-0.19,4,2,3,107,9,8,5,Low
5109,61,8,2,100,36,9,5,8,16,10,8,17.0,8,9,8,9,0.69,8,10,10,145,4,9,9,High
5110,48,7,2,77,39,8,6,7,15,8,8,13.3,4,8,5,4,0.23,6,5,6,136,5,7,9,Medium
5111,49,6,2,74,34,6,7,6,11,8,8,15.5,8,5,4,6,0.02,5,6,6,105,4,4,4,Medium
5112,37,5,2,83,38,7,5,7,15,6,4,8.9,5,5,4,6,0.43,6,8,6,102,5,3,7,Medium
5113,26,6,0,82,36,6,3,6,7,1,4,9.8,6,1,3,5,-0.42,5,4,5,95,7,7,4,Low
5114,29,5,2,51,41,6,2,3,7,2,2,9.2,6,3,2,2,-0.5,5,7,3,93,9,6,2,Low
5115,45,9,3,92,35,6,7,10,15,6,6,12.5,4,4,8,7,0.1,8,7,6,125,2,5,6,Medium
5116,46,4,1,75,37,4,6,5,15,8,7,15.9,7,8,5,5,0.55,5,3,9,98,4,5,5,Medium
5117,47,10,3,71,41,9,9,7,17,9,10,19.9,7,9,9,8,0.74,9,8,5,121,3,8,8,High
5118,36,6,0,72,39,7,7,4,10,7,8,13.9,6,6,5,7,-0.03,5,6,3,118,3,7,6,Medium
5119,33,4,1,45,39,4,6,5,2,5,5,8.1,7,5,4,5,-0.03,3,3,4,105,10,1,7,Low
5120,52,9,5,91,40,8,9,8,17,10,9,16.6,7,10,6,10,0.72,7,8,7,148,2,8,10,High
5121,33,6,2,46,39,5,5,6,21,7,5,13.1,5,7,7,3,0.52,7,10,3,107,0,6,6,Medium
5122,43,5,1,68,43,6,4,7,10,6,6,15.1,2,5,5,7,0.61,5,4,7,119,4,6,7,Medium
5123,36,5,2,53,44,7,4,10,7,8,9,10.3,8,7,6,7,0.06,5,6,8,119,6,8,6,Medium
5124,50,8,1,56,47,10,7,9,20,9,9,18.5,10,8,8,8,0.77,7,8,10,139,1,7,8,High
5125,59,9,6,88,35,8,10,10,15,9,7,21.5,10,10,8,8,0.5,6,8,6,124,0,7,10,High
5126,44,7,3,71,43,7,4,7,6,9,7,11.0,5,9,4,9,-0.15,6,4,7,127,4,8,5,Medium
5127,44,5,3,74,36,7,6,5,15,8,8,16.0,8,6,7,9,0.29,6,9,8,118,4,6,7,Medium
5128,59,8,6,94,44,8,7,9,17,8,10,13.8,9,10,6,8,0.48,10,7,7,156,1,7,7,High
5129,48,5,2,53,42,5,7,8,11,5,6,14.1,6,8,6,4,-0.0,3,8,5,101,2,7,10,Medium
5130,27,4,2,67,36,5,2,5,8,5,8,7.5,3,4,4,7,-0.01,5,7,5,88,8,4,4,Low
5131,42,6,2,81,43,7,4,8,13,7,7,15.1,8,5,4,7,0.24,6,5,3,108,4,9,5,Medium
5132,37,4,0,74,53,7,5,2,12,6,7,13.0,6,3,7,5,0.33,8,8,6,92,6,5,6,Medium
5133,53,5,0,73,39,7,3,4,8,9,7,14.8,6,9,7,10,-0.12,3,4,4,115,0,5,7,Medium
5134,46,7,1,96,37,8,7,7,7,6,7,12.6,2,10,7,6,0.55,7,5,3,98,4,6,7,Medium
5135,42,3,4,73,41,6,4,6,14,6,7,11.6,8,7,6,8,0.14,5,10,3,124,5,6,6,Medium
5136,29,3,0,43,36,2,3,4,8,5,3,5.2,6,5,6,5,-0.3,3,5,3,86,7,4,4,Low
5137,51,10,5,93,38,9,7,10,16,10,8,17.5,9,9,8,9,0.84,8,7,8,135,3,9,9,High
5138,35,7,3,78,41,8,2,7,9,7,4,13.9,8,7,8,6,0.45,5,4,5,127,1,6,7,Medium
5139,39,7,1,82,40,7,4,8,7,6,6,13.0,3,5,5,5,-0.19,6,6,5,113,5,5,9,Medium
5140,36,7,3,68,42,8,6,8,12,5,6,12.5,5,4,5,5,0.29,4,6,7,113,2,6,6,Medium
5141,42,8,3,80,37,8,2,8,15,7,6,13.4,6,7,7,6,-0.28,7,6,5,128,5,7,9,Medium
5142,22,4,0,74,35,7,4,10,9,3,3,6.8,3,5,3,7,-0.39,2,2,4,95,12,4,8,Low
5143,35,3,1,71,36,3,3,3,12,2,3,10.6,3,6,3,5,-0.48,2,6,1,73,5,1,4,Low
5144,66,10,3,97,41,9,7,10,17,7,7,14.7,9,9,8,10,0.5,9,5,10,150,1,8,8,High
5145,40,8,4,91,43,9,8,8,16,8,8,15.1,10,9,9,8,0.51,9,5,10,133,1,8,10,High
5146,31,7,2,74,27,7,6,7,13,6,8,10.0,7,5,3,6,0.37,5,5,7,132,5,8,5,Medium
5147,25,3,2,40,35,5,3,3,9,5,2,9.8,6,2,4,4,-0.34,5,4,5,73,5,5,6,Low
5148,31,5,3,62,48,10,8,3,17,6,6,14.5,8,7,6,4,-0.0,7,7,9,121,1,6,7,Medium
5149,55,9,3,80,46,8,9,8,17,10,9,16.6,9,10,9,7,0.78,7,7,9,128,3,6,8,High
5150,55,8,5,90,40,8,9,9,10,8,9,16.6,7,10,8,9,0.85,8,6,7,155,2,7,9,High
5151,24,6,0,34,33,8,2,4,9,3,4,7.1,4,7,2,4,-0.43,8,4,3,76,11,5,5,Low
5152,25,5,1,47,39,2,3,5,13,6,6,7.6,3,1,4,4,-0.14,3,5,7,89,11,4,3,Low
5153,59,10,4,82,42,9,10,9,13,7,10,15.7,9,8,7,10,0.86,7,8,9,141,5,5,10,High
5154,44,7,2,77,41,6,6,5,12,8,5,5.6,6,6,4,6,0.67,3,7,6,125,2,5,9,Medium
5155,36,6,3,59,37,4,8,7,10,6,8,11.5,6,7,7,5,0.08,3,6,6,112,6,4,4,Medium
5156,25,4,2,40,42,4,3,3,9,5,4,5.7,3,5,3,2,-0.2,4,7,1,103,7,4,6,Low
5157,40,8,2,62,34,10,4,6,10,5,4,10.4,8,5,6,6,-0.17,8,9,7,105,3,7,7,Medium
5158,46,10,2,94,44,10,7,9,14,8,8,20.7,7,9,10,9,0.74,7,7,8,134,2,8,8,High
5159,48,10,3,84,47,10,5,8,17,9,10,15.6,9,9,10,8,0.61,9,4,8,129,3,10,9,High
5160,41,7,1,59,50,5,4,6,16,8,6,10.8,4,7,7,5,0.11,7,7,5,115,8,7,7,Medium
5161,41,3,2,88,36,8,4,6,8,5,6,9.8,8,7,5,5,0.67,6,7,5,103,3,3,4,Medium
5162,34,3,2,68,41,4,4,3,7,5,3,6.6,6,4,4,4,0.04,9,4,5,99,5,2,4,Low
5163,33,6,1,52,43,6,7,5,15,4,6,13.5,5,6,6,8,0.15,7,7,3,136,5,8,6,Medium
5164,39,7,0,100,41,7,5,8,15,8,7,13.6,6,6,5,5,0.11,6,7,6,145,5,8,6,Medium
5165,37,9,0,93,44,4,6,7,9,7,7,14.2,7,6,6,6,0.29,5,7,9,145,6,7,8,Medium
5166,42,6,3,80,35,6,6,7,7,6,5,14.2,7,8,5,8,-0.09,4,7,3,119,1,8,5,Medium
5167,50,6,2,63,37,6,5,5,16,8,7,10.7,7,6,7,5,-0.06,5,4,5,119,3,4,5,Medium
5168,27,5,0,67,36,2,3,8,10,5,5,17.9,3,6,4,3,0.06,3,6,1,108,9,3,5,Low
5169,23,6,3,56,45,7,7,6,12,8,6,9.5,6,8,5,7,0.14,6,6,6,112,4,7,5,Medium
5170,21,4,0,33,34,2,4,3,6,6,6,5.3,5,5,5,2,-0.2,9,4,6,97,6,2,5,Low
5171,23,1,1,42,29,5,5,4,6,2,9,5.9,1,6,3,2,-0.03,5,2,3,104,4,5,2,Low
5172,34,7,3,76,37,9,10,8,20,9,7,18.4,9,8,10,8,0.9,9,10,9,159,4,8,10,High
5173,36,7,3,63,36,5,4,4,9,8,9,12.4,7,6,4,8,0.06,5,7,3,127,2,4,6,Medium
5174,37,5,0,65,38,4,5,5,7,6,7,7.8,8,8,5,4,0.97,6,8,10,124,2,7,6,Medium
5175,49,8,5,79,33,7,7,8,21,9,10,18.2,7,10,7,9,0.39,7,7,7,118,3,7,7,High
5176,45,9,3,90,46,9,9,9,18,8,8,17.6,9,10,10,9,0.6,10,10,9,128,4,7,8,High
5177,43,7,2,54,39,5,7,8,10,7,6,10.1,6,6,6,8,0.43,3,8,5,115,6,3,7,Medium
5178,50,8,6,99,47,7,7,8,18,9,10,16.7,7,8,6,7,0.64,8,9,7,119,1,9,8,High
5179,33,6,4,83,47,5,6,7,11,5,9,13.7,7,9,3,5,0.65,7,7,4,125,4,8,5,Medium
5180,54,8,2,88,49,9,2,8,5,6,4,13.9,5,7,7,4,0.1,8,6,7,115,2,5,6,Medium
5181,46,7,1,60,38,6,5,8,12,6,5,11.9,8,7,6,6,0.24,6,6,1,114,6,8,8,Medium
5182,41,6,2,63,48,3,6,8,11,3,7,10.7,6,7,7,6,0.16,4,5,5,146,4,4,7,Medium
5183,41,8,2,56,38,7,4,4,10,6,6,11.5,7,6,6,7,0.39,7,5,4,97,5,7,7,Medium
5184,36,6,4,82,41,7,5,5,18,9,10,10.0,6,6,3,6,0.26,4,9,4,96,3,3,8,Medium
5185,28,3,1,87,36,3,5,3,3,5,3,5.6,4,5,5,7,-0.42,5,4,8,93,2,4,3,Low
5186,46,7,4,67,38,9,9,10,15,7,7,11.4,6,3,4,7,0.57,6,3,5,112,4,8,7,Medium
5187,33,6,0,53,32,7,4,5,10,4,3,6.7,6,7,4,3,-0.06,5,3,4,85,7,4,5,Low
5188,40,8,0,75,44,6,7,7,19,10,9,14.3,7,8,5,7,0.26,2,3,4,115,3,3,6,Medium
5189,32,6,2,48,36,6,6,7,13,5,5,13.7,6,6,1,7,0.24,4,7,8,131,4,4,7,Medium
5190,52,10,5,100,40,9,10,10,15,7,10,17.0,8,10,7,9,0.55,8,9,5,160,2,8,9,High
5191,42,8,4,100,38,8,5,8,16,8,9,18.2,9,10,5,10,1.0,5,7,6,132,3,9,9,High
5192,44,6,4,96,44,10,8,8,16,9,6,22.5,8,8,7,10,0.58,8,7,6,124,1,9,9,High
5193,36,7,2,82,43,4,6,6,7,8,9,14.1,6,8,3,8,0.35,4,7,1,140,5,2,6,Medium
5194,56,9,1,88,44,10,9,10,19,8,9,17.1,8,10,7,7,0.29,7,8,9,112,4,8,10,High
5195,36,6,3,70,36,6,4,6,11,8,6,6.5,8,8,5,5,0.46,7,8,6,110,5,5,7,Medium
5196,31,5,0,36,48,7,2,4,7,6,4,16.3,8,9,3,2,0.26,4,3,4,79,5,7,2,Low
5197,33,4,0,85,32,4,4,6,6,6,3,2.0,3,4,2,6,-0.04,3,3,9,93,6,3,5,Low
5198,38,5,4,71,38,8,8,4,14,5,6,8.5,7,5,8,7,0.29,4,7,8,131,7,7,5,Medium
5199,27,6,3,90,32,6,7,7,9,7,7,11.6,7,7,8,5,0.45,8,9,6,93,4,4,6,Medium
5200,47,3,1,92,41,4,5,7,13,8,6,8.9,7,8,4,6,-0.0,4,4,8,101,1,5,7,Medium
5201,59,10,0,84,44,8,7,8,15,6,9,16.5,8,7,9,7,0.46,10,9,9,136,1,8,10,High
5202,32,2,0,65,36,4,4,3,9,5,5,12.1,4,6,1,5,-0.5,3,7,4,71,5,6,6,Low
5203,26,2,1,91,41,6,3,5,9,7,2,4.6,5,7,3,4,-0.14,2,8,3,93,3,3,6,Low
5204,45,9,7,80,47,8,6,7,15,9,6,23.9,7,7,6,9,0.47,9,8,8,137,1,9,9,High
5205,31,4,2,48,37,7,4,3,10,3,3,9.6,3,2,5,6,0.05,6,1,5,80,10,7,3,Low
5206,33,9,4,48,46,7,4,7,16,8,7,13.6,9,6,5,8,0.27,10,5,6,173,4,5,9,Medium
5207,40,4,1,69,40,4,5,8,17,7,7,11.2,5,9,5,7,0.21,6,7,6,115,5,5,5,Medium
5208,46,6,1,79,37,8,6,8,13,9,9,14.0,8,6,7,9,0.1,7,5,6,81,6,7,6,Medium
5209,32,7,1,29,32,7,3,3,9,8,1,7.7,2,3,5,2,-0.29,2,3,4,87,8,2,6,Low
5210,30,3,0,42,34,1,3,7,9,2,3,6.6,4,4,6,7,-0.39,6,3,4,120,8,4,6,Low
5211,31,4,2,37,33,8,6,5,11,2,1,5.9,4,5,3,2,-0.21,2,5,3,67,6,3,3,Low
5212,46,5,2,64,39,7,6,8,17,5,8,7.2,7,7,7,6,0.29,7,6,8,121,4,3,8,Medium
5213,51,6,4,95,46,6,5,8,14,7,6,11.4,5,8,7,6,0.07,5,7,8,75,1,5,4,Medium
5214,50,7,2,100,42,5,5,6,12,8,6,8.9,7,7,8,6,0.58,7,7,4,107,8,6,8,Medium
5215,39,6,0,92,35,6,4,9,14,7,6,8.1,8,9,7,7,0.38,7,8,6,131,6,6,6,Medium
5216,54,10,2,65,40,8,7,10,16,7,9,14.7,9,10,10,5,0.6,10,7,9,124,3,8,7,High
5217,40,2,0,92,36,5,3,2,9,6,3,4.8,5,6,4,8,-0.39,1,5,4,89,6,8,4,Low
5218,27,7,3,78,41,4,4,7,12,8,5,10.6,7,9,8,5,0.17,4,7,8,96,1,5,7,Medium
5219,43,3,0,65,40,7,3,9,8,6,5,15.5,5,6,5,6,0.6,8,4,7,118,3,7,5,Medium
5220,39,5,1,78,35,6,4,8,14,6,5,14.0,10,7,8,5,-0.29,6,7,6,97,8,8,5,Medium
5221,35,3,1,69,38,5,7,10,14,7,6,8.3,7,9,6,4,0.13,6,3,9,125,7,8,9,Medium
5222,56,4,2,43,31,7,8,6,18,8,8,9.8,5,7,3,6,0.09,4,6,6,102,8,6,7,Medium
5223,47,8,5,89,45,9,8,8,16,9,8,18.3,9,9,6,10,0.78,7,7,8,135,1,8,7,High
5224,49,9,6,81,45,9,8,9,18,10,8,14.0,8,9,8,8,0.61,6,8,9,117,2,8,8,High
5225,44,6,2,75,38,7,8,7,12,6,9,13.0,9,6,1,5,0.07,9,6,9,117,6,5,7,Medium
5226,56,9,4,78,42,10,9,8,18,7,9,17.2,9,8,9,10,0.88,9,10,10,123,2,6,9,High
5227,47,6,2,56,41,5,6,7,14,7,6,2.9,4,9,4,5,0.34,6,6,7,111,4,7,6,Medium
5228,35,6,2,72,43,6,4,7,11,6,7,13.6,5,7,7,8,0.15,7,7,5,123,3,5,4,Medium
5229,44,6,3,100,39,8,7,3,15,7,5,9.1,5,4,5,4,0.43,7,4,5,130,5,4,6,Medium
5230,32,3,1,71,28,4,3,4,5,3,5,7.6,5,4,4,4,-0.29,8,9,4,83,10,1,4,Low
5231,54,7,2,100,54,10,9,9,18,8,8,15.6,10,6,7,7,0.55,8,8,9,163,0,7,7,High
5232,37,6,2,66,38,9,5,8,12,6,7,13.2,6,7,5,5,0.32,5,6,7,137,4,3,10,Medium
5233,46,5,4,74,38,7,7,5,9,9,7,12.7,8,9,6,8,0.26,6,10,4,116,2,7,7,Medium
5234,59,9,5,98,46,10,6,9,16,7,7,13.8,9,10,10,9,0.39,8,9,10,139,2,7,8,High
5235,25,2,1,51,34,5,5,7,11,6,2,6.9,6,4,3,6,-0.5,4,5,5,95,6,2,5,Low
5236,36,6,2,92,42,7,4,7,17,7,5,14.4,6,6,7,8,0.36,6,8,7,116,1,5,10,Medium
5237,27,4,0,60,37,2,4,7,10,2,6,4.8,6,6,2,5,0.04,1,5,5,97,7,5,3,Low
5238,57,9,3,78,43,9,10,9,17,10,8,16.9,7,7,8,6,0.57,7,9,8,116,5,8,7,High
5239,50,9,1,84,45,9,8,6,20,7,10,20.6,9,8,10,7,0.46,8,9,8,140,4,8,8,High
5240,40,5,3,71,41,9,9,5,10,8,3,15.3,10,6,4,6,-0.15,6,9,2,89,0,8,5,Medium
5241,47,6,1,84,37,6,4,8,15,8,7,13.8,5,8,4,7,0.45,7,8,6,127,4,4,5,Medium
5242,33,5,1,76,41,7,7,8,11,5,8,13.0,7,4,7,4,-0.01,3,5,8,112,4,5,6,Medium
5243,48,10,4,82,45,8,7,8,15,8,9,12.9,9,9,8,8,0.72,7,7,9,133,2,7,9,High
5244,30,6,0,79,42,8,4,9,13,9,5,11.8,7,6,5,7,0.29,7,8,7,113,6,5,9,Medium
5245,44,5,2,81,37,6,6,5,10,6,9,10.6,5,5,6,7,0.74,8,6,9,114,1,8,5,Medium
5246,51,9,6,84,51,10,8,7,18,7,9,15.9,10,10,9,7,0.39,6,7,10,150,4,9,10,High
5247,34,7,1,78,41,6,5,8,12,7,8,5.7,7,6,3,5,0.51,3,5,7,108,3,7,6,Medium
5248,22,4,0,43,33,4,2,4,9,4,7,6.3,4,7,5,5,-0.24,5,1,4,107,7,2,1,Low
5249,52,3,3,66,44,4,4,7,21,5,8,5.5,8,4,5,8,0.13,9,6,8,117,6,4,6,Medium
5250,53,10,3,100,45,8,10,8,16,8,9,14.4,6,8,7,9,0.4,6,7,8,119,2,8,10,High
5251,36,8,3,98,44,8,6,7,15,8,4,9.8,5,8,6,7,0.28,5,4,4,122,4,6,7,Medium
5252,33,2,2,49,32,6,1,4,8,5,6,6.3,3,3,4,6,-0.5,4,1,5,70,8,4,1,Low
5253,45,6,2,72,40,8,3,6,12,4,7,10.6,5,5,5,6,-0.29,2,5,8,105,7,6,7,Medium
5254,36,5,2,73,51,7,4,5,10,7,8,6.6,8,7,3,6,-0.03,6,8,6,118,7,6,8,Medium
5255,23,4,2,45,35,3,1,4,11,5,4,15.4,3,6,4,3,-0.42,3,4,8,82,6,1,4,Low
5256,40,5,2,81,32,7,6,9,12,6,6,16.6,8,5,6,5,0.11,9,6,7,120,2,7,5,Medium
5257,50,9,2,84,49,10,5,8,18,8,8,17.5,6,8,7,9,0.99,7,10,6,131,2,9,9,High
5258,25,5,4,70,39,7,5,7,13,4,4,6.1,8,7,4,4,0.26,10,7,4,85,4,7,9,Medium
5259,46,6,2,74,54,7,6,5,15,5,7,10.6,5,6,7,3,0.3,8,7,4,112,6,5,8,Medium
5260,33,3,1,56,46,8,5,6,16,8,9,11.0,5,5,5,4,0.44,7,6,8,98,1,6,6,Medium
5261,35,4,2,44,37,5,1,6,8,5,4,9.0,4,3,4,5,-0.23,1,7,3,111,13,5,6,Low
5262,62,8,6,87,41,8,8,8,17,8,7,16.6,8,9,9,7,0.72,6,6,10,167,2,5,8,High
5263,41,4,4,95,42,7,5,8,10,8,7,12.7,4,5,4,4,0.35,8,8,4,97,7,4,8,Medium
5264,44,4,4,63,43,7,5,7,11,6,6,17.0,9,6,7,7,0.15,6,7,8,108,4,5,5,Medium
5265,31,6,1,67,36,7,3,7,11,8,5,16.5,10,6,5,6,0.17,5,6,6,123,4,6,7,Medium
5266,47,8,3,81,43,8,5,6,20,8,7,10.8,7,7,5,9,0.49,5,7,5,97,7,8,8,Medium
5267,44,7,3,88,37,6,6,6,17,7,6,9.6,5,5,7,5,0.15,6,8,5,117,5,6,5,Medium
5268,32,7,1,55,49,8,4,3,12,3,7,10.0,6,2,3,4,0.01,5,4,1,96,8,5,4,Low
5269,44,9,6,90,45,10,6,8,14,9,8,20.4,10,9,6,9,0.53,8,8,7,121,5,8,10,High
5270,52,7,1,78,38,9,7,10,20,10,8,17.9,9,9,9,6,0.66,10,9,8,127,1,8,8,High
5271,44,3,2,49,31,9,7,8,12,7,8,12.2,3,7,7,7,0.2,6,5,7,119,4,8,6,Medium
5272,50,10,4,92,37,9,7,9,17,10,9,15.7,9,9,6,7,0.77,5,9,10,122,2,8,8,High
5273,20,3,3,71,35,6,3,6,10,4,3,4.5,6,2,4,4,0.34,2,2,2,102,6,8,6,Low
5274,34,6,2,61,43,7,2,5,13,7,5,14.1,4,7,6,6,0.56,4,5,2,94,0,7,5,Medium
5275,44,8,0,48,32,5,5,7,11,4,8,10.8,8,8,5,7,0.37,8,5,9,128,3,8,5,Medium
5276,58,6,0,72,43,7,6,5,18,6,7,16.6,4,5,4,3,0.47,3,4,6,116,6,9,4,Medium
5277,26,8,3,70,35,6,4,8,14,6,5,13.0,7,3,7,8,0.02,10,4,7,105,6,4,7,Medium
5278,44,6,1,90,41,7,6,5,13,6,5,13.3,7,7,6,5,0.63,4,7,4,83,1,4,8,Medium
5279,35,1,1,87,34,3,3,3,10,3,7,10.4,5,3,3,3,0.23,2,4,4,96,6,4,4,Low
5280,34,10,3,76,31,7,3,6,12,5,6,10.6,5,8,7,3,0.84,3,2,5,130,4,8,6,Medium
5281,26,9,2,72,44,5,6,6,13,5,5,7.3,5,3,3,7,0.08,5,1,4,106,6,2,7,Low
5282,38,8,5,89,43,8,9,10,18,9,10,16.2,8,10,5,8,0.95,10,8,8,127,2,8,9,High
5283,28,8,4,88,44,6,3,5,9,4,6,11.1,6,7,5,6,0.08,8,5,4,132,4,6,7,Medium
5284,35,5,0,52,29,5,4,5,8,3,7,11.9,6,9,7,4,-0.31,1,5,2,107,7,2,6,Low
5285,34,5,1,81,37,5,3,9,10,8,6,8.9,10,5,6,7,0.16,5,8,5,127,4,7,7,Medium
5286,46,8,2,63,47,7,7,6,12,6,8,14.8,8,6,2,4,-0.07,5,6,4,127,3,7,7,Medium
5287,44,9,6,100,45,9,9,10,16,8,8,24.1,8,8,7,10,0.88,7,8,5,147,3,3,9,High
5288,49,5,3,68,43,7,5,6,16,8,7,12.6,5,9,5,7,0.75,5,5,6,129,3,7,7,Medium
5289,30,6,2,66,38,7,2,7,13,4,7,18.2,7,6,4,5,0.04,4,5,4,110,1,2,6,Medium
5290,49,7,3,79,42,8,8,8,22,9,7,17.2,9,10,9,10,0.64,9,6,9,124,6,6,8,High
5291,33,7,2,86,39,6,6,5,11,6,8,9.6,6,8,7,6,0.6,8,2,3,134,3,8,8,Medium
5292,37,4,1,60,38,6,5,4,8,5,5,9.7,6,5,5,9,-0.23,1,4,5,80,4,4,7,Low
5293,41,6,2,87,42,7,7,7,9,9,6,16.2,6,6,8,8,0.01,5,4,5,120,0,4,7,Medium
5294,53,9,2,87,41,8,7,10,21,10,8,17.8,9,7,7,8,0.37,8,9,6,142,3,10,9,High
5295,32,4,2,67,35,6,4,8,9,7,7,12.7,7,6,7,8,0.18,4,4,5,102,5,6,5,Medium
5296,43,8,2,79,37,9,3,8,15,5,5,8.2,6,7,5,8,-0.01,7,9,4,128,6,4,7,Medium
5297,29,4,0,41,28,7,5,3,6,5,2,6.5,1,4,3,5,0.17,4,4,4,80,8,6,6,Low
5298,29,1,2,66,33,5,5,3,11,6,5,14.8,6,4,6,4,-0.45,5,3,1,92,6,2,3,Low
5299,40,3,2,100,44,5,6,5,10,8,3,14.7,6,8,6,8,0.66,3,6,5,117,2,6,5,Medium
5300,34,8,3,92,41,6,4,10,14,6,6,8.5,6,5,5,3,0.46,7,4,4,107,7,4,8,Medium
5301,27,4,2,34,27,3,5,6,11,3,3,9.6,6,3,4,2,-0.5,4,5,4,61,8,3,3,Low
5302,52,8,3,89,39,8,7,10,16,7,8,14.5,9,9,7,8,0.16,8,8,8,121,3,6,9,High
5303,42,9,4,88,54,9,10,7,17,10,7,21.0,8,7,6,10,1.0,6,7,6,126,1,8,6,High
5304,33,8,0,65,37,7,5,5,15,7,8,9.8,9,3,6,9,0.23,5,5,5,129,4,6,9,Medium
5305,58,10,5,79,35,7,9,9,23,10,10,16.0,10,8,7,6,0.36,10,7,6,143,2,8,10,High
5306,45,1,1,48,35,2,3,5,3,5,2,7.4,6,6,4,5,0.01,5,3,6,98,6,4,2,Low
5307,42,8,1,96,38,6,6,8,16,4,6,10.5,8,2,2,9,0.03,9,6,5,117,1,4,7,Medium
5308,49,8,1,87,40,4,6,7,11,8,8,10.7,6,4,4,6,0.55,6,5,8,108,4,3,3,Medium
5309,49,9,2,85,33,8,7,8,9,9,8,21.5,9,8,10,9,0.96,7,10,9,140,4,9,9,High
5310,56,8,8,74,34,8,9,8,22,10,8,17.0,7,9,9,7,1.0,7,8,4,113,2,8,9,High
5311,41,6,3,86,43,5,3,3,8,8,8,8.2,6,5,6,9,0.83,9,6,7,94,6,8,6,Medium
5312,48,10,6,100,44,9,9,8,18,8,9,15.4,9,7,7,10,0.51,9,10,9,124,1,9,8,High
5313,28,5,0,48,40,3,3,5,8,5,4,2.8,4,1,4,6,-0.09,2,3,3,97,2,4,6,Low
5314,45,10,4,94,40,9,8,9,14,10,10,13.8,9,7,9,8,1.0,8,6,7,135,0,8,8,High
5315,52,10,2,87,45,9,8,9,17,7,9,15.8,9,10,10,6,0.65,7,9,7,131,3,5,10,High
5316,36,6,2,42,32,3,1,6,7,5,7,6.9,5,4,1,4,-0.34,1,3,5,83,6,3,5,Low
5317,49,9,5,70,39,8,8,7,19,8,7,21.9,8,8,6,9,0.57,10,7,9,129,3,8,10,High
5318,35,4,1,85,40,5,1,5,7,6,3,8.3,5,6,6,5,-0.29,4,6,4,74,4,4,4,Low
5319,37,7,2,86,41,7,5,8,9,4,4,11.2,10,6,5,5,0.79,6,7,2,119,2,9,7,Medium
5320,55,6,4,93,47,5,6,8,10,6,7,14.4,8,3,6,6,0.01,4,7,2,117,4,5,3,Medium
5321,53,4,1,70,41,9,10,6,9,6,7,6.0,7,4,2,8,0.16,5,8,9,153,2,4,9,Medium
5322,58,9,5,99,48,8,7,9,17,6,10,17.8,9,8,7,8,0.55,9,9,8,154,1,7,9,High
5323,40,6,0,55,38,6,5,5,14,6,9,11.4,5,7,3,7,0.36,5,4,8,118,4,6,9,Medium
5324,47,6,4,100,33,6,5,5,11,6,7,12.0,6,8,7,7,0.36,4,5,9,116,6,5,8,Medium
5325,36,7,6,79,49,8,9,10,19,8,10,19.7,7,9,9,7,0.74,8,7,7,146,3,7,9,High
5326,62,8,2,91,44,9,7,10,13,9,10,18.9,9,10,7,9,0.62,8,7,8,134,3,9,9,High
5327,23,3,1,47,31,6,1,4,11,8,3,10.1,8,8,5,2,-0.06,2,3,5,74,2,4,7,Low
5328,54,8,4,100,44,8,10,10,13,9,10,15.7,9,8,4,8,0.65,7,8,8,162,3,9,9,High
5329,26,2,1,37,31,1,2,3,9,5,5,5.3,2,2,2,6,-0.45,4,6,3,60,3,5,3,Low
5330,52,10,5,89,39,9,8,8,17,10,8,14.1,10,10,10,8,0.61,8,10,10,141,4,8,8,High
5331,44,5,2,82,38,6,5,8,8,6,7,12.6,8,9,6,4,0.41,7,7,7,112,5,3,5,Medium
5332,35,4,2,86,45,6,6,3,4,5,5,9.9,2,5,2,4,0.49,2,4,6,98,6,2,5,Low
5333,51,8,2,58,36,7,8,7,6,6,10,15.5,4,3,5,6,-0.1,5,4,8,153,4,6,7,Medium
5334,34,5,2,52,32,5,5,7,12,6,6,15.4,5,9,5,6,0.37,4,5,3,106,10,4,7,Medium
5335,39,7,5,69,34,8,5,8,19,7,7,11.7,6,5,7,7,0.41,5,5,5,106,3,6,9,Medium
5336,21,3,1,47,28,6,1,6,4,4,5,3.7,4,6,3,5,-0.06,4,5,6,107,6,6,7,Low
5337,39,8,2,85,41,9,5,9,8,5,8,13.8,6,8,7,7,0.38,8,7,3,115,6,9,10,Medium
5338,61,7,4,95,53,9,7,10,14,6,8,15.2,9,10,9,9,0.74,8,6,8,162,4,7,8,High
5339,37,9,3,61,40,7,6,7,14,7,6,17.4,4,5,5,6,0.36,9,7,6,144,4,5,6,Medium
5340,38,7,3,80,49,8,5,7,10,7,8,13.1,4,5,6,8,0.53,7,10,7,98,4,6,7,Medium
5341,42,5,1,75,47,4,5,6,15,7,6,12.2,9,6,5,6,0.11,6,6,7,119,4,5,7,Medium
5342,26,3,0,75,34,4,3,4,7,9,8,7.1,6,5,6,6,0.09,1,1,6,60,5,1,4,Low
5343,46,8,2,93,35,8,7,10,11,8,9,16.4,10,10,7,10,0.71,8,9,9,153,3,7,9,High
5344,51,8,3,79,47,9,8,10,16,9,9,18.2,10,8,5,10,0.78,5,7,7,120,1,7,7,High
5345,39,7,3,78,43,7,6,7,14,3,6,13.7,7,7,6,7,-0.14,4,7,6,119,5,3,5,Medium
5346,41,5,1,59,36,5,6,7,10,9,6,15.4,7,5,5,7,0.44,8,6,6,101,5,5,6,Medium
5347,49,8,2,97,47,8,10,9,16,7,8,15.5,7,10,6,9,0.62,7,9,10,133,1,7,9,High
5348,38,5,0,98,46,6,5,6,6,7,8,11.6,4,5,5,7,-0.0,7,7,5,95,5,5,7,Medium
5349,39,7,5,93,41,9,7,7,23,8,6,15.1,6,10,6,10,0.07,9,8,8,163,3,10,8,High
5350,34,7,1,80,40,8,7,6,13,6,8,12.8,9,8,4,4,0.21,6,6,7,128,2,8,4,Medium
5351,53,9,5,82,42,7,10,9,19,9,9,20.1,7,8,10,10,0.54,7,9,7,132,1,9,7,High
5352,43,4,2,70,37,6,7,4,11,5,4,6.0,7,6,9,8,0.58,5,4,6,97,3,7,5,Medium
5353,44,6,2,89,37,7,5,7,13,6,6,13.5,7,7,3,5,-0.0,6,3,4,128,5,9,7,Medium
5354,55,9,2,100,39,10,8,9,14,7,8,17.5,8,8,6,8,0.75,7,8,8,124,2,9,6,High
5355,34,8,3,60,40,7,4,4,14,6,6,12.4,7,3,7,2,0.34,3,3,4,104,3,8,10,Medium
5356,45,6,3,76,36,8,6,4,10,7,6,9.1,4,6,8,10,0.12,7,5,6,137,4,7,6,Medium
5357,30,5,2,57,43,7,4,5,8,5,7,14.0,5,7,7,7,0.25,8,5,8,92,0,5,5,Medium
5358,34,7,0,42,38,6,6,6,14,7,4,9.5,7,7,3,8,0.17,7,3,3,122,7,4,7,Medium
5359,35,4,2,90,38,7,5,9,11,6,6,8.3,8,6,6,7,0.25,6,5,4,111,5,5,6,Medium
5360,26,3,0,42,29,4,3,5,12,3,5,4.7,2,6,7,5,-0.08,2,3,7,96,8,1,3,Low
5361,31,4,1,58,32,1,5,2,9,3,5,4.5,5,4,5,3,0.14,3,4,7,77,8,6,5,Low
5362,26,4,3,50,38,3,4,6,8,9,8,15.1,6,7,5,4,0.47,4,6,6,104,4,4,6,Medium
5363,51,8,4,100,34,9,7,9,16,7,8,19.8,10,9,8,10,0.73,4,8,9,155,0,7,7,High
5364,41,7,2,55,46,4,5,5,19,7,9,18.6,10,10,6,5,0.19,8,10,8,119,2,5,8,Medium
5365,38,5,3,68,42,6,5,6,7,10,6,10.6,6,7,8,7,0.25,7,7,8,103,8,7,8,Medium
5366,40,7,1,41,44,6,6,7,8,6,6,10.7,8,6,4,9,0.2,6,7,3,117,4,7,7,Medium
5367,29,6,1,74,40,6,1,3,5,5,4,9.2,3,6,4,4,-0.22,7,2,4,91,8,3,5,Low
5368,42,4,1,81,34,7,6,9,11,6,6,9.8,8,8,8,7,0.46,6,8,5,125,4,4,5,Medium
5369,22,3,1,82,35,6,5,5,10,3,5,9.0,3,8,4,4,-0.33,5,4,2,79,10,6,4,Low
5370,21,7,0,63,42,1,3,4,12,7,1,13.8,5,6,7,3,0.14,4,4,1,60,8,3,6,Low
5371,31,4,0,50,45,8,7,9,9,7,8,12.1,9,5,5,8,0.99,8,6,10,146,3,6,8,Medium
5372,38,7,2,56,38,7,3,8,13,7,7,12.6,5,7,9,6,0.34,7,8,5,126,3,4,7,Medium
5373,25,3,2,44,29,4,4,8,4,5,7,6.7,4,3,3,5,0.05,5,2,3,82,5,5,5,Low
5374,41,7,2,100,31,7,7,6,11,7,5,12.4,5,9,7,7,0.28,3,1,5,139,5,8,6,Medium
5375,36,7,2,40,46,4,7,6,11,8,9,15.6,5,8,5,6,0.08,6,7,7,116,2,6,5,Medium
5376,19,8,1,63,43,6,4,8,12,5,4,12.7,7,10,6,6,0.18,4,6,7,102,3,6,9,Medium
5377,51,8,3,78,38,4,4,5,14,7,6,18.9,7,6,2,7,0.13,4,2,5,125,2,6,6,Medium
5378,55,9,5,99,33,8,8,10,14,8,9,19.4,9,10,9,10,0.64,9,10,9,116,4,8,9,High
5379,27,1,1,51,29,4,4,4,10,7,5,11.3,3,4,7,6,-0.5,2,4,6,60,7,2,6,Low
5380,58,7,0,45,45,5,7,6,11,9,7,7.4,6,7,6,7,0.13,7,4,8,118,6,8,9,Medium
5381,26,4,2,19,34,5,2,4,10,9,4,13.3,4,8,5,8,-0.5,7,2,5,104,3,1,5,Low
5382,23,1,2,68,29,7,4,5,11,8,5,7.3,6,6,3,3,-0.5,6,3,4,79,5,3,9,Low
5383,48,8,1,68,42,8,5,8,10,6,7,12.0,6,8,8,4,0.06,3,6,4,128,3,6,8,Medium
5384,43,6,2,66,33,7,2,4,8,6,6,7.5,6,5,8,4,0.19,10,7,8,104,1,10,6,Medium
5385,44,7,3,71,46,9,7,8,12,6,10,7.4,8,8,7,6,0.97,5,8,8,138,1,8,10,High
5386,43,7,0,63,38,6,5,5,18,4,6,10.2,7,6,3,8,0.64,2,7,4,127,1,3,4,Medium
5387,44,9,2,67,52,10,7,8,15,6,8,17.8,7,10,6,6,0.94,8,8,6,155,1,8,5,High
5388,24,3,1,84,30,10,1,7,5,3,6,5.1,4,4,4,9,-0.02,4,3,3,95,6,2,6,Low
5389,34,2,1,66,44,3,3,1,11,7,3,6.2,5,2,3,8,-0.5,1,2,2,67,4,3,3,Low
5390,28,2,2,84,32,3,4,6,13,3,6,5.0,6,3,5,3,0.53,2,4,4,102,4,1,5,Low
5391,27,6,1,27,35,4,1,3,7,5,4,10.9,4,5,4,3,0.19,1,3,3,82,9,4,5,Low
5392,40,6,2,66,44,5,6,7,16,10,6,12.0,7,4,2,6,0.29,8,7,6,133,1,4,8,Medium
5393,36,5,2,75,42,6,6,4,13,10,6,13.9,4,5,5,3,0.08,6,6,5,119,3,4,4,Medium
5394,14,4,1,23,30,3,3,6,8,3,4,7.5,8,5,4,4,-0.34,7,2,2,85,8,7,6,Low
5395,47,8,4,72,22,8,5,8,13,10,9,16.2,8,7,8,10,0.89,8,5,7,156,3,10,7,High
5396,44,8,3,84,36,8,8,8,21,9,9,17.2,9,10,5,8,0.64,8,8,7,126,3,7,7,High
5397,27,6,3,54,42,7,7,4,9,8,7,16.2,9,6,8,6,-0.03,3,7,7,134,2,6,8,Medium
5398,27,1,1,64,37,7,5,5,3,2,7,2.9,2,5,8,6,0.34,4,9,4,60,8,2,3,Low
5399,32,7,2,66,35,5,2,1,6,1,4,4.3,6,5,2,7,-0.13,4,3,5,76,4,10,6,Low
5400,31,5,2,97,44,2,3,6,9,5,5,9.9,4,6,8,3,-0.08,8,2,5,60,7,5,7,Low
5401,31,4,2,55,32,4,4,4,3,6,6,5.6,5,6,2,5,-0.08,5,4,2,65,7,2,6,Low
5402,35,7,1,49,46,6,4,5,13,8,7,15.3,10,8,6,6,0.27,7,6,10,111,3,7,6,Medium
5403,29,8,1,100,39,6,6,7,9,9,7,16.6,9,6,2,9,0.22,4,8,7,131,4,7,5,Medium
5404,34,7,2,71,34,6,8,5,15,6,9,15.9,7,10,7,8,0.19,9,4,5,122,2,7,5,Medium
5405,45,7,6,92,40,9,8,6,18,7,9,15.5,7,8,8,9,0.82,7,10,10,156,4,10,10,High
5406,47,6,1,68,43,7,4,8,13,6,8,10.2,4,7,7,5,0.38,6,10,7,137,0,4,7,Medium
5407,59,7,2,100,42,9,5,8,18,9,10,16.8,9,8,5,7,0.77,7,7,9,144,3,10,10,High
5408,36,1,0,89,34,6,1,6,9,4,7,11.9,5,8,1,4,-0.08,5,4,3,99,10,8,4,Low
5409,44,5,2,70,37,6,7,6,13,6,6,6.0,6,4,9,6,0.57,6,8,7,96,4,7,7,Medium
5410,52,7,0,76,42,7,6,8,12,5,5,17.4,3,6,7,6,0.44,3,4,6,115,7,5,7,Medium
5411,27,6,0,43,42,5,4,3,7,5,4,6.6,4,6,2,3,-0.31,4,5,2,110,4,6,5,Low
5412,27,5,1,54,31,4,5,3,4,1,8,2.1,7,4,4,4,-0.2,4,4,2,90,9,4,3,Low
5413,42,5,0,92,36,5,4,8,11,5,7,12.8,5,5,3,5,0.28,6,7,7,117,0,5,7,Medium
5414,41,8,0,54,47,5,5,5,12,7,6,12.4,3,7,7,7,0.6,7,8,8,109,3,6,5,Medium
5415,50,10,3,71,39,8,2,5,10,7,7,13.4,6,7,6,8,0.53,5,1,1,116,6,6,8,Medium
5416,30,8,2,95,44,7,4,5,7,5,7,11.7,6,7,4,6,-0.35,5,7,7,110,6,7,9,Medium
5417,42,4,3,75,34,4,6,6,4,6,8,10.0,5,7,5,6,-0.21,4,6,7,129,3,6,7,Medium
5418,33,5,2,45,37,2,5,6,12,1,6,11.5,5,6,4,5,-0.37,8,5,7,60,10,4,7,Low
5419,47,5,3,62,32,7,6,8,15,8,7,16.0,7,7,4,5,0.19,10,3,8,133,4,4,7,Medium
5420,27,3,0,34,35,3,4,3,6,3,4,10.9,8,5,2,3,-0.15,4,5,3,103,6,2,8,Low
5421,40,1,0,60,26,6,3,4,8,4,3,8.0,4,4,3,2,-0.3,5,6,4,60,10,5,2,Low
5422,49,9,2,91,24,9,6,9,23,8,10,12.6,6,8,8,10,0.61,7,7,7,141,3,6,9,High
5423,36,7,3,64,32,5,8,6,9,8,8,12.2,7,6,6,6,0.59,8,6,7,129,4,3,5,Medium
5424,60,8,4,88,53,6,10,9,13,9,9,13.8,7,9,7,8,0.63,9,9,10,127,1,5,10,High
5425,52,8,0,69,46,7,7,7,15,6,8,12.4,6,7,8,5,0.12,5,3,8,89,4,8,6,Medium
5426,37,4,4,77,42,9,7,6,9,5,5,10.6,4,6,4,3,0.28,10,7,7,107,4,4,6,Medium
5427,37,5,0,51,44,6,4,6,13,6,8,6.6,7,7,4,4,-0.31,5,4,8,100,3,5,7,Medium
5428,31,5,0,71,36,4,6,2,5,4,4,8.2,6,3,1,6,-0.31,3,5,4,85,7,3,2,Low
5429,34,6,0,79,23,4,4,5,12,6,4,8.8,4,4,5,4,-0.06,4,4,5,110,3,3,6,Low
5430,54,9,2,87,44,9,6,5,18,9,7,20.2,9,8,8,6,0.42,8,5,7,165,2,5,9,High
5431,27,6,3,61,41,10,6,6,10,6,7,11.1,6,7,4,5,0.05,6,4,3,128,2,4,4,Medium
5432,45,7,3,44,41,7,4,5,15,7,7,14.5,5,7,4,6,0.37,8,3,6,103,5,5,7,Medium
5433,42,5,1,71,39,4,8,6,16,8,4,12.2,7,8,3,5,-0.12,4,8,7,120,4,8,4,Medium
5434,56,7,3,100,28,9,7,7,16,9,7,19.1,7,8,9,10,0.93,7,10,6,121,1,9,8,High
5435,32,3,1,59,29,4,5,4,7,4,5,11.6,4,5,6,3,0.05,8,4,4,95,7,4,10,Low
5436,37,6,4,99,35,7,8,6,10,5,6,7.7,7,6,5,6,0.56,3,4,3,95,3,6,7,Medium
5437,32,7,2,72,41,6,8,7,10,6,5,9.5,4,9,3,5,0.25,7,7,8,135,2,3,7,Medium
5438,50,10,4,73,49,8,6,8,16,9,8,12.4,10,7,7,8,0.36,7,9,10,151,3,6,7,High
5439,51,7,2,85,48,10,8,10,14,7,8,16.6,10,10,6,8,0.72,8,6,10,146,1,5,7,High
5440,46,4,2,61,43,3,6,7,16,5,3,13.3,6,9,6,9,0.3,7,6,7,142,2,5,7,Medium
5441,42,9,4,84,45,8,10,9,18,9,8,16.4,7,10,8,7,0.77,7,7,7,117,3,7,9,High
5442,40,9,3,87,41,8,7,9,16,9,10,16.2,8,8,7,10,0.87,7,8,7,139,3,8,8,High
5443,38,7,2,60,39,9,5,7,15,9,7,12.9,7,8,5,4,0.29,3,7,5,113,2,6,6,Medium
5444,29,6,1,66,50,8,6,9,10,7,6,13.4,7,8,7,5,0.2,1,6,8,135,3,3,7,Medium
5445,47,4,3,59,36,6,5,6,12,6,8,11.8,7,8,6,7,0.21,3,5,6,130,4,4,5,Medium
5446,65,8,6,76,38,9,7,7,21,10,8,14.6,9,8,9,9,0.7,8,9,9,126,2,8,10,High
5447,23,4,0,58,32,8,6,7,10,1,5,5.3,6,2,6,6,-0.1,3,2,3,80,8,9,4,Low
5448,52,9,5,69,30,10,8,9,19,8,10,15.9,9,9,7,9,0.72,7,7,8,129,1,9,8,High
5449,39,4,1,99,39,7,5,6,20,6,4,15.3,9,2,3,6,0.51,3,6,3,112,6,7,5,Medium
5450,40,9,5,74,42,6,8,10,14,8,9,20.9,10,7,7,8,0.49,9,10,8,154,5,9,8,High
5451,41,8,2,75,37,8,5,7,8,8,6,9.8,6,8,6,8,0.33,7,5,6,88,1,5,8,Medium
5452,53,8,2,87,47,9,4,6,14,4,7,14.2,7,7,7,7,0.14,2,7,6,110,3,6,6,Medium
5453,45,8,3,98,39,6,10,9,12,9,10,17.3,7,7,6,7,0.55,9,10,7,134,2,8,8,High
5454,53,10,2,99,49,8,8,8,17,8,8,12.4,10,9,8,10,0.72,10,10,6,146,0,8,7,High
5455,48,8,4,92,48,7,8,10,19,9,9,16.8,10,7,5,9,0.46,8,9,9,145,3,6,9,High
5456,24,3,2,11,38,5,1,2,6,3,10,8.6,6,7,3,1,-0.1,1,3,4,113,10,4,4,Low
5457,49,6,3,68,42,8,5,7,11,5,5,12.8,6,7,4,8,0.06,7,7,8,81,6,6,4,Medium
5458,22,3,1,32,33,4,1,7,9,5,5,4.8,4,4,6,5,-0.05,3,1,5,106,8,8,3,Low
5459,45,7,2,63,43,7,7,7,14,6,3,11.5,5,6,6,6,0.1,7,6,7,108,3,7,7,Medium
5460,43,7,2,57,38,5,5,6,10,3,6,10.3,7,7,1,8,-0.04,7,4,5,97,4,9,7,Medium
5461,43,8,0,68,37,7,6,8,10,8,8,12.7,2,5,7,7,0.39,8,6,4,143,5,7,5,Medium
5462,43,5,2,74,36,8,5,7,17,7,6,12.8,7,7,4,7,0.11,7,6,5,156,3,7,6,Medium
5463,57,8,5,80,46,7,9,7,19,7,10,13.6,8,8,7,10,0.75,5,8,5,150,2,9,9,High
5464,37,3,2,38,29,6,4,5,8,4,5,10.6,3,5,4,5,-0.26,5,2,3,103,10,3,5,Low
5465,37,8,2,89,38,6,3,7,18,7,8,9.6,6,7,7,7,-0.14,5,6,7,101,7,5,6,Medium
5466,50,7,2,69,40,5,5,5,15,4,5,17.0,8,6,6,3,-0.17,6,5,4,109,2,8,4,Medium
5467,27,4,0,44,28,4,3,5,9,4,4,4.5,8,9,6,5,-0.07,3,4,4,85,10,2,2,Low
5468,22,1,2,44,27,4,4,3,9,8,4,3.5,3,2,4,3,0.21,3,4,1,71,7,2,7,Low
5469,58,8,2,72,46,8,7,9,22,9,8,23.0,7,8,6,9,0.48,6,8,7,152,1,10,9,High
5470,46,8,3,80,39,7,9,9,15,8,9,19.9,10,10,8,7,1.0,9,6,10,138,1,9,9,High
5471,49,8,3,88,41,8,7,9,18,7,7,9.1,9,8,7,9,0.9,8,6,9,159,2,6,9,High
5472,53,8,3,93,36,8,7,8,19,10,7,17.4,8,9,10,8,0.86,7,8,8,123,0,10,8,High
5473,36,6,2,94,40,9,5,9,12,8,6,14.5,6,7,5,5,0.44,5,7,1,97,3,7,8,Medium
5474,42,4,2,76,48,5,5,8,16,7,6,8.0,6,6,3,6,0.16,7,6,7,111,4,7,8,Medium
5475,50,5,4,58,37,9,7,5,13,6,7,10.5,5,5,5,6,0.5,5,4,7,113,6,5,5,Medium
5476,48,7,1,64,36,7,4,4,13,7,7,11.3,9,6,5,9,0.02,9,6,4,91,3,5,7,Medium
5477,38,6,3,88,42,6,5,8,11,7,6,8.4,6,5,5,8,0.67,7,7,9,105,5,3,8,Medium
5478,21,5,2,52,51,8,4,6,10,9,6,11.7,7,8,2,7,-0.06,3,6,6,129,4,6,6,Medium
5479,46,7,2,74,35,4,7,10,12,4,5,11.1,6,6,4,7,0.09,7,5,6,111,0,6,5,Medium
5480,40,7,3,77,44,7,6,6,11,9,10,12.9,7,5,6,3,-0.09,7,5,5,101,5,8,5,Medium
5481,25,4,1,57,31,5,2,3,7,6,1,4.6,5,4,2,4,-0.5,1,8,5,100,8,1,4,Low
5482,34,5,2,90,46,7,4,7,13,6,8,13.5,8,8,4,5,0.17,8,6,7,89,3,3,9,Medium
5483,35,5,2,53,44,5,6,7,17,9,9,11.4,6,4,7,5,0.02,4,5,6,123,4,5,4,Medium
5484,43,7,5,71,44,7,5,8,14,7,7,12.8,7,5,4,4,0.48,6,3,6,124,2,5,8,Medium
5485,32,6,3,79,46,6,6,7,12,8,6,13.9,8,5,6,4,0.11,7,9,5,133,2,4,8,Medium
5486,47,10,0,100,36,9,7,10,20,10,10,17.3,9,8,7,10,1.0,10,7,9,131,2,9,8,High
5487,40,5,1,93,39,5,4,5,10,6,4,11.9,3,5,6,3,-0.2,3,5,5,100,9,1,4,Low
5488,41,7,1,78,44,9,5,8,8,5,7,13.2,5,4,10,7,0.19,5,3,7,146,4,8,5,Medium
5489,51,10,5,83,45,10,9,9,15,10,9,12.8,7,7,5,9,1.0,5,6,9,136,1,7,6,High
5490,33,4,1,60,39,6,5,5,15,8,7,11.0,4,6,6,7,-0.0,4,4,5,85,0,8,5,Medium
5491,46,8,3,100,40,8,6,6,9,7,7,11.1,4,5,7,7,0.03,7,6,5,118,9,5,5,Medium
5492,38,4,1,76,34,7,4,6,14,8,6,18.5,7,7,7,5,-0.02,5,7,5,101,2,10,8,Medium
5493,37,7,2,78,42,8,5,8,20,6,7,9.3,8,9,3,8,0.07,5,8,5,64,6,6,6,Medium
5494,48,7,4,91,39,8,7,9,18,7,9,17.9,8,8,10,10,0.59,8,8,10,159,3,6,10,High
5495,42,9,3,100,45,8,7,10,21,9,9,17.5,7,10,9,7,0.52,5,10,9,151,3,7,8,High
5496,50,6,3,76,40,5,7,8,9,5,7,9.3,6,8,5,5,0.68,6,4,2,109,4,10,6,Medium
5497,47,6,2,82,33,7,6,6,11,6,6,6.7,8,8,4,5,0.6,6,4,5,115,3,5,7,Medium
5498,33,7,3,65,29,4,3,3,5,7,8,12.7,2,5,1,4,-0.21,1,4,6,102,4,6,4,Low
5499,37,6,0,53,42,6,5,3,18,4,5,11.7,8,6,3,9,-0.46,8,3,7,100,3,5,6,Medium
5500,44,3,3,50,39,7,5,5,12,7,9,12.0,9,6,3,7,0.46,8,6,5,105,4,2,5,Medium
5501,37,5,2,61,42,6,6,9,8,6,5,11.5,6,7,7,7,0.14,6,6,7,101,6,5,4,Medium
5502,33,7,2,87,34,7,7,5,17,7,5,12.5,9,9,5,8,0.11,5,6,6,124,6,7,7,Medium
5503,37,8,3,87,40,6,4,7,9,7,5,10.1,9,6,7,6,-0.02,6,6,7,136,4,7,6,Medium
5504,26,1,3,62,38,5,4,4,13,2,3,7.0,4,5,4,1,0.14,6,1,6,94,10,7,2,Low
5505,45,5,1,87,43,5,8,6,14,6,4,10.7,7,7,6,9,0.18,5,7,9,97,5,6,5,Medium
5506,33,6,4,31,39,6,7,6,13,6,6,4.7,5,6,6,8,0.57,5,9,6,113,9,5,7,Medium
5507,43,9,4,86,53,10,9,8,20,6,8,13.8,7,10,8,10,0.61,8,8,9,139,0,8,10,High
5508,37,5,1,32,34,6,5,3,8,1,3,9.1,2,3,4,4,-0.04,2,3,4,105,7,6,5,Low
5509,41,8,2,67,33,7,4,5,11,7,6,6.3,6,5,5,6,0.33,5,10,3,91,4,8,3,Medium
5510,54,7,4,100,37,8,9,8,15,8,9,24.8,10,8,8,10,0.59,7,8,7,150,3,7,9,High
5511,20,5,0,0,35,4,2,5,12,3,6,10.3,4,5,5,6,-0.09,4,1,6,92,5,3,4,Low
5512,34,7,2,66,41,4,6,5,10,6,7,14.8,6,6,6,6,0.33,7,7,7,106,6,7,6,Medium
5513,39,3,0,49,38,4,3,3,7,9,1,8.3,3,2,3,3,-0.18,3,2,6,95,8,5,5,Low
5514,33,8,2,88,44,5,6,6,8,5,9,12.6,7,8,4,4,0.22,6,5,7,110,5,4,4,Medium
5515,34,6,1,75,43,3,4,5,14,6,6,12.5,9,7,5,4,0.38,9,5,8,119,4,2,9,Medium
5516,38,7,0,100,35,5,4,7,9,7,8,9.1,5,5,6,6,0.02,5,8,5,99,1,6,6,Medium
5517,42,4,1,88,42,7,6,4,12,8,7,8.2,8,8,3,7,0.14,4,4,9,118,4,7,7,Medium
5518,57,8,4,100,36,8,8,7,20,9,9,20.3,9,8,7,9,0.6,8,9,7,152,3,8,9,High
5519,26,6,1,60,37,1,3,4,12,6,2,6.9,5,4,4,1,-0.24,1,3,3,118,7,2,3,Low
5520,31,4,0,56,26,5,5,7,5,4,4,10.8,6,7,3,4,0.47,3,4,5,86,10,4,3,Low
5521,52,10,2,83,53,9,8,9,23,9,8,16.4,9,9,9,8,0.61,7,7,7,144,3,7,8,High
5522,49,5,3,88,39,7,8,7,15,6,7,12.4,5,6,3,6,0.46,7,6,5,86,5,8,7,Medium
5523,42,10,3,63,40,10,6,8,22,7,7,14.5,10,10,10,10,0.93,9,10,9,167,0,8,8,High
5524,33,7,0,90,34,6,5,7,16,8,7,9.3,5,8,6,6,0.33,5,5,6,118,3,7,6,Medium
5525,51,9,6,100,44,7,9,10,13,7,10,16.8,8,9,8,9,0.81,10,6,10,139,2,7,8,High
5526,42,4,4,100,49,8,3,8,12,5,7,11.4,5,5,5,7,0.4,6,3,6,134,4,7,7,Medium
5527,56,8,5,73,39,8,6,9,16,8,10,17.8,8,8,8,8,1.0,9,10,7,127,2,9,9,High
5528,57,9,4,81,53,9,4,8,16,8,8,19.6,8,9,7,9,0.64,9,9,10,114,4,10,9,High
5529,38,8,5,89,45,7,5,9,7,5,7,18.3,8,4,6,8,0.44,8,7,4,124,4,6,8,Medium
5530,30,2,1,31,36,5,3,7,9,4,5,12.4,2,1,1,8,0.04,5,4,6,69,7,5,6,Low
5531,39,5,1,60,42,8,5,6,17,10,6,10.9,7,5,5,5,0.56,5,5,9,114,6,8,5,Medium
5532,27,2,0,81,39,4,5,6,7,6,3,7.1,6,4,5,3,-0.48,2,4,3,111,7,4,3,Low
5533,52,7,3,97,51,8,4,9,18,7,4,11.2,6,7,5,7,0.28,6,3,7,120,8,4,6,Medium
5534,53,6,3,77,50,5,7,5,7,8,3,10.9,7,6,9,7,0.4,2,9,6,109,3,6,5,Medium
5535,40,5,2,65,40,5,5,4,8,8,7,12.9,9,9,7,7,0.49,7,5,4,103,2,5,7,Medium
5536,36,5,2,73,37,5,6,4,16,6,7,11.3,5,6,4,8,-0.02,8,4,4,119,7,4,8,Medium
5537,37,7,0,42,45,5,5,5,16,5,6,16.1,8,7,5,5,0.49,7,5,7,110,4,1,7,Medium
5538,38,5,4,72,39,6,4,6,13,6,6,9.7,9,6,7,10,0.33,7,7,6,118,3,8,6,Medium
5539,38,3,3,58,47,6,5,6,5,5,4,6.8,6,5,5,1,-0.22,5,8,4,87,6,1,4,Low
5540,32,4,2,52,43,4,4,4,4,5,3,8.5,5,6,5,3,0.01,2,6,4,125,7,4,6,Low
5541,19,5,0,35,37,4,6,6,9,8,5,5.2,4,7,3,6,-0.07,6,2,6,82,8,3,6,Low
5542,44,8,1,30,39,8,8,7,11,5,9,11.0,6,6,3,5,-0.04,7,5,4,104,5,3,6,Medium
5543,45,6,1,88,35,8,5,5,13,7,8,13.8,8,8,8,8,0.55,6,6,5,110,6,6,7,Medium
5544,46,7,3,78,43,3,7,7,10,9,6,15.3,5,8,7,6,0.16,7,7,6,127,7,8,9,Medium
5545,43,6,5,65,37,4,8,6,7,10,7,13.9,7,6,5,7,-0.02,6,7,8,101,4,6,6,Medium
5546,50,8,4,72,36,9,6,7,17,8,9,19.7,10,10,8,8,0.7,9,8,8,169,2,9,10,High
5547,28,7,0,86,40,7,6,6,13,5,5,10.5,1,5,1,3,-0.5,3,4,1,109,6,4,3,Low
5548,51,5,2,47,37,6,5,9,9,5,9,12.5,6,8,8,5,0.12,7,4,8,129,4,5,5,Medium
5549,52,4,0,41,35,6,7,5,15,8,4,11.1,5,6,5,6,0.28,6,7,4,112,4,5,8,Medium
5550,53,10,4,100,49,9,8,9,25,10,10,15.8,9,8,8,8,1.0,9,9,10,140,5,7,9,High
5551,59,9,6,89,47,8,8,8,22,7,9,18.0,9,8,6,9,0.73,10,8,7,135,1,8,8,High
5552,19,4,2,49,37,3,5,4,12,7,4,9.1,4,2,3,4,-0.18,1,4,6,73,13,2,3,Low
5553,26,3,1,45,30,4,3,5,6,6,4,6.1,2,4,3,3,-0.16,1,1,7,82,4,2,2,Low
5554,40,8,2,87,41,6,9,9,18,7,9,17.5,8,10,8,6,0.28,8,8,9,151,2,8,9,High
5555,29,7,3,62,36,9,5,7,8,9,5,10.6,6,4,5,10,0.83,7,7,4,106,7,6,6,Medium
5556,37,6,5,57,37,7,3,5,13,6,6,15.3,7,5,4,5,0.21,5,8,3,118,1,6,5,Medium
5557,26,7,4,72,38,7,6,6,17,6,6,12.6,5,8,9,4,0.18,6,4,6,120,6,6,7,Medium
5558,39,7,1,79,37,6,4,8,14,10,7,6.6,6,5,5,9,-0.04,7,10,7,106,3,10,6,Medium
5559,52,8,4,76,43,10,8,8,18,10,10,17.8,10,8,6,8,0.58,8,7,8,147,1,9,8,High
5560,42,8,3,88,56,10,9,8,15,7,6,19.7,10,10,8,8,0.63,8,6,8,137,5,6,8,High
5561,43,8,6,77,47,10,8,10,15,7,8,12.6,9,8,8,8,0.43,10,9,7,150,0,8,7,High
5562,30,7,2,71,51,9,5,7,13,6,4,15.7,7,7,6,6,0.19,4,7,4,100,2,5,7,Medium
5563,51,9,3,100,38,9,9,9,15,10,6,15.9,7,8,8,7,0.8,7,5,10,130,1,7,9,High
5564,34,3,1,44,30,5,5,5,9,2,1,7.7,4,4,3,5,-0.31,2,9,2,128,9,6,7,Low
5565,46,5,0,85,38,10,5,8,18,6,6,13.4,3,6,6,9,0.21,2,6,7,123,3,4,6,Medium
5566,60,9,3,84,32,9,7,9,15,9,8,18.3,9,8,8,7,0.56,6,8,5,134,0,8,9,High
5567,43,6,2,66,45,8,7,7,12,6,7,13.1,6,7,8,6,-0.15,6,6,4,141,4,2,7,Medium
5568,24,5,2,84,43,7,3,8,10,8,7,13.8,8,5,6,5,0.1,7,10,5,100,6,8,8,Medium
5569,21,2,1,57,32,7,3,4,4,7,7,13.6,4,3,2,3,0.07,3,6,8,100,4,4,1,Low
5570,41,9,3,94,38,10,9,8,19,8,8,19.1,8,7,10,8,0.52,10,8,10,156,1,7,9,High
5571,44,8,5,50,30,7,6,8,12,7,5,10.1,5,6,3,8,0.12,9,5,5,100,6,4,4,Medium
5572,47,6,2,74,34,7,4,9,8,4,4,13.2,8,6,5,7,0.35,3,6,3,125,6,6,8,Medium
5573,39,6,1,74,38,7,6,6,16,6,6,13.2,6,5,4,7,0.48,5,6,7,87,2,6,5,Medium
5574,39,10,2,84,52,7,5,10,16,9,8,19.6,9,8,8,9,0.48,10,9,8,146,3,7,7,High
5575,41,9,3,86,42,8,7,7,20,8,9,11.1,8,7,8,7,0.86,8,9,6,161,2,10,10,High
5576,31,6,3,72,49,6,4,5,18,7,5,11.5,6,7,7,7,0.34,5,8,6,151,0,6,9,Medium
5577,49,3,2,28,29,6,7,6,21,6,6,12.7,5,8,5,7,0.31,7,6,6,98,2,7,7,Medium
5578,49,8,0,72,45,8,6,8,14,5,5,12.4,8,9,8,5,-0.33,8,4,3,122,4,5,7,Medium
5579,53,8,6,87,29,9,9,9,17,9,8,21.8,7,8,8,8,0.63,5,9,7,146,1,10,9,High
5580,53,5,0,92,39,5,5,7,13,6,5,14.1,7,6,7,4,0.21,7,4,9,114,6,6,6,Medium
5581,46,7,1,85,46,10,10,8,19,8,9,17.7,10,9,9,8,0.88,8,8,10,119,3,7,8,High
5582,44,8,3,28,38,6,7,6,10,8,8,12.1,5,5,9,9,0.42,6,6,7,93,6,7,5,Medium
5583,47,8,3,83,36,8,10,9,17,7,10,15.7,8,9,7,6,1.0,5,7,5,130,1,8,8,High
5584,48,10,3,84,50,6,6,10,10,7,9,20.0,8,6,10,10,0.45,8,10,10,154,0,6,9,High
5585,33,5,4,80,34,6,7,7,15,5,5,15.8,8,7,7,6,0.23,6,3,6,101,1,8,4,Medium
5586,53,8,3,89,34,7,10,9,20,8,9,19.0,7,10,7,8,0.73,10,7,10,144,4,7,9,High
5587,35,5,2,73,52,7,6,7,14,7,7,12.5,6,9,7,6,0.15,6,5,6,93,2,6,5,Medium
5588,42,4,1,49,32,4,4,5,9,4,3,11.0,3,4,2,1,0.07,4,2,2,99,8,1,4,Low
5589,47,5,2,89,36,6,5,5,13,6,7,15.9,8,6,6,7,0.1,3,5,7,108,7,6,5,Medium
5590,52,10,1,62,50,8,9,9,14,9,10,14.5,8,8,7,9,0.54,10,7,9,137,2,7,10,High
5591,51,6,2,45,56,8,7,6,15,6,6,9.6,8,10,8,6,0.11,8,9,8,123,5,5,9,Medium
5592,44,5,0,58,32,6,5,6,12,5,8,8.2,8,7,4,5,0.51,6,9,1,115,7,5,4,Medium
5593,40,8,2,71,36,5,3,4,11,5,7,8.1,7,8,5,7,0.17,7,10,8,88,4,6,7,Medium
5594,38,7,3,53,36,5,7,8,14,7,8,9.8,7,5,7,5,0.58,5,8,7,106,3,6,7,Medium
5595,32,5,0,57,42,7,8,5,11,9,7,7.9,10,7,5,8,0.38,4,7,3,108,1,5,6,Medium
5596,40,4,3,81,30,6,6,5,7,8,6,10.1,6,10,4,6,0.23,5,4,5,135,4,10,6,Medium
5597,48,10,7,79,43,10,7,9,15,7,8,16.8,8,9,8,9,0.78,9,8,9,128,3,6,7,High
5598,46,7,3,82,45,9,3,5,16,9,6,11.3,7,6,7,7,0.4,7,6,6,105,3,5,10,Medium
5599,37,4,0,70,42,6,5,7,15,5,5,13.2,8,7,6,8,0.3,5,8,8,97,2,3,5,Medium
5600,35,4,3,97,47,5,6,8,11,5,7,17.2,5,4,4,5,0.01,4,8,5,103,4,7,6,Medium
5601,35,5,1,83,32,6,4,5,4,5,5,7.9,5,5,3,6,-0.21,6,1,4,83,5,9,6,Low
5602,43,8,5,83,39,7,7,10,14,9,9,15.7,10,10,10,7,0.39,6,7,7,143,1,7,7,High
5603,53,9,4,76,49,8,9,7,15,8,10,6.6,10,10,8,8,0.85,10,9,7,137,1,6,9,High
5604,38,6,2,100,38,4,6,7,15,6,8,11.8,7,6,4,9,0.33,7,7,4,122,4,6,6,Medium
5605,52,7,4,100,55,8,6,8,22,7,6,12.1,9,7,8,9,0.9,9,6,6,146,3,8,8,High
5606,60,10,3,100,46,7,7,10,19,10,9,19.1,8,8,8,8,0.44,6,8,9,145,4,9,8,High
5607,41,8,5,85,44,8,8,10,13,6,8,17.6,9,7,10,10,1.0,10,9,8,161,0,9,9,High
5608,34,6,0,53,44,5,5,8,6,5,2,7.2,5,7,4,5,-0.16,3,4,7,84,9,3,4,Low
5609,55,8,5,96,45,8,6,9,16,10,8,17.5,7,10,9,8,0.9,10,10,9,149,2,8,8,High
5610,45,7,2,57,45,4,2,8,16,4,6,10.5,9,7,5,5,0.45,4,6,5,94,6,3,7,Medium
5611,48,7,2,81,40,8,5,7,14,8,9,12.8,9,8,5,6,0.07,6,7,7,116,5,5,6,Medium
5612,24,6,1,47,38,4,2,1,6,5,3,5.9,3,6,1,3,-0.03,1,6,6,79,6,5,9,Low
5613,54,5,3,51,37,8,6,5,11,9,7,9.3,6,7,3,9,0.49,7,1,6,137,5,9,8,Medium
5614,36,2,0,72,45,3,3,3,9,8,3,3.7,9,6,5,7,-0.03,2,4,3,76,2,1,4,Low
5615,31,7,1,80,46,5,8,8,10,7,8,10.4,8,6,8,9,0.01,6,7,4,124,3,4,6,Medium
5616,31,6,0,72,35,6,5,9,10,5,8,13.6,8,6,4,8,0.23,5,5,9,87,1,5,6,Medium
5617,47,9,2,100,45,7,6,9,17,7,8,24.8,8,8,9,7,0.59,7,7,9,144,4,6,9,High
5618,42,6,3,71,41,8,8,8,17,10,7,12.3,8,8,10,7,0.4,9,8,7,134,4,6,7,High
5619,35,5,1,59,37,7,2,7,12,8,5,15.7,7,4,4,7,0.44,6,7,7,98,2,6,5,Medium
5620,58,10,8,100,38,9,8,8,16,10,8,15.5,8,8,10,9,0.73,7,9,7,135,1,7,9,High
5621,49,7,4,97,38,8,7,9,16,9,9,13.6,8,8,6,10,0.73,10,8,4,123,2,6,8,High
5622,63,8,5,100,39,10,10,9,16,8,8,10.7,9,9,7,6,0.9,7,9,8,156,0,6,9,High
5623,30,5,3,25,36,3,3,4,9,5,5,5.5,3,5,3,5,0.06,5,6,6,82,6,6,6,Low
5624,40,8,4,83,35,6,6,5,13,6,6,14.7,6,6,5,3,0.4,6,8,5,110,0,8,4,Medium
5625,50,9,3,92,42,9,5,9,16,9,10,12.1,6,10,9,8,0.48,8,8,10,159,5,10,9,High
5626,37,5,2,59,40,9,6,7,12,4,9,11.9,5,9,5,5,0.56,6,7,6,97,2,4,8,Medium
5627,42,6,3,62,37,6,6,7,8,5,4,7.2,5,7,5,4,0.1,7,7,6,118,6,8,6,Medium
5628,44,5,2,98,41,7,8,8,10,7,7,12.6,6,9,2,6,0.16,7,6,5,103,5,5,6,Medium
5629,49,6,2,53,39,7,6,9,13,7,6,15.1,8,6,4,5,0.14,5,5,5,73,7,2,6,Medium
5630,44,4,1,70,42,5,6,6,12,7,6,5.9,8,4,1,8,0.19,7,7,8,128,6,6,8,Medium
5631,32,1,1,77,38,5,3,4,12,4,6,11.6,4,1,2,5,-0.16,4,4,3,80,5,3,10,Low
5632,41,5,2,86,42,9,6,8,14,7,4,13.8,9,7,7,6,-0.25,5,8,6,121,2,10,8,Medium
5633,47,10,3,100,37,10,8,9,20,9,9,18.4,7,10,10,8,0.86,9,5,9,157,3,9,9,High
5634,45,10,4,89,45,8,10,9,13,7,10,20.0,7,10,7,7,0.19,4,10,8,150,3,8,6,High
5635,38,5,4,76,44,5,4,6,11,6,5,8.6,6,4,4,5,-0.31,1,7,3,104,10,4,5,Low
5636,47,8,3,85,34,9,10,7,22,9,10,19.8,9,10,10,6,0.94,8,8,8,143,4,8,9,High
5637,40,7,2,61,39,8,5,5,10,7,9,12.6,7,5,7,7,0.11,6,8,7,116,4,4,7,Medium
5638,41,5,0,83,38,6,5,7,14,5,6,9.2,6,8,4,7,0.58,8,7,4,94,2,6,8,Medium
5639,51,8,4,100,46,9,9,10,17,7,10,16.3,10,6,7,10,0.87,5,7,8,147,1,10,7,High
5640,44,8,5,95,40,7,10,8,18,10,7,22.0,6,10,6,8,0.97,9,9,8,124,1,9,9,High
5641,53,8,1,81,51,8,8,8,18,9,9,17.8,9,8,7,9,0.87,6,7,8,142,1,8,7,High
5642,39,3,2,68,54,7,5,7,8,4,5,11.0,5,9,7,8,0.08,7,8,6,144,6,7,6,Medium
5643,44,10,4,100,35,8,7,9,18,9,10,15.1,7,6,7,8,0.59,5,7,8,134,3,9,8,High
5644,35,4,0,58,43,3,5,3,9,4,6,10.3,3,7,2,1,-0.03,6,5,1,72,8,4,8,Low
5645,52,9,2,100,45,10,7,10,18,8,8,15.6,9,7,7,8,0.82,7,9,7,126,2,10,9,High
5646,45,9,3,87,30,7,8,10,16,10,10,15.4,7,9,10,7,0.89,8,10,9,106,3,6,8,High
5647,45,6,3,42,42,7,5,4,14,5,7,19.1,6,8,4,6,0.1,7,5,7,118,6,5,7,Medium
5648,38,6,3,66,46,5,6,8,14,8,6,15.8,8,5,8,4,-0.23,6,6,3,135,2,6,5,Medium
5649,50,8,3,85,36,6,9,9,13,8,8,17.5,9,8,6,10,0.66,10,8,8,143,3,5,10,High
5650,31,3,0,100,34,5,5,4,9,5,4,11.9,6,6,3,2,-0.21,6,5,5,105,7,3,6,Low
5651,34,5,2,26,39,2,6,3,9,4,3,8.4,1,5,1,4,0.5,4,6,6,66,11,6,7,Low
5652,43,8,4,92,42,9,5,8,20,9,8,12.9,7,6,7,8,0.64,8,9,8,166,1,10,10,High
5653,36,5,4,70,41,4,5,4,10,6,6,9.2,5,7,7,7,0.3,6,7,5,124,8,8,5,Medium
5654,57,8,3,100,36,9,10,9,17,10,10,19.3,6,6,7,8,0.43,5,10,6,140,2,8,7,High
5655,49,9,2,62,46,3,5,8,12,5,7,13.3,5,8,6,7,0.15,6,5,6,106,6,9,8,Medium
5656,18,5,0,37,25,4,3,4,7,4,5,8.2,6,5,2,2,-0.5,7,1,5,100,1,4,4,Low
5657,52,8,3,62,35,10,10,7,18,9,10,14.0,9,8,9,8,0.4,6,8,9,134,1,8,7,High
5658,34,5,4,90,37,10,8,5,10,9,5,8.9,7,7,2,7,0.55,4,5,7,115,7,8,6,Medium
5659,18,5,3,94,36,7,3,3,11,8,4,12.3,5,2,7,6,-0.43,1,5,5,90,6,5,5,Low
5660,34,7,3,100,30,7,8,7,21,8,10,19.9,10,8,5,9,0.38,7,6,8,139,4,9,10,High
5661,25,5,4,76,32,9,3,5,11,6,5,12.6,9,8,7,7,0.46,4,5,5,128,3,6,5,Medium
5662,44,6,3,67,41,6,8,7,9,5,5,12.7,7,7,4,8,0.49,3,7,7,88,0,5,10,Medium
5663,48,9,2,73,42,5,3,5,8,6,8,12.4,6,6,4,5,0.4,9,6,3,110,4,6,6,Medium
5664,52,8,3,100,37,8,10,8,15,6,7,17.2,9,7,8,8,0.48,9,10,7,140,3,8,8,High
5665,34,9,4,77,37,10,10,9,17,8,7,16.2,7,10,7,8,0.76,7,10,10,131,0,8,10,High
5666,54,10,7,76,40,8,8,10,19,10,8,15.5,10,7,9,9,0.11,10,10,9,132,0,8,10,High
5667,32,6,0,41,36,7,3,4,7,5,4,7.2,6,7,5,4,-0.14,7,3,3,100,7,3,5,Low
5668,57,10,2,85,38,8,8,8,13,9,8,17.6,9,8,9,9,0.45,8,7,8,125,3,6,7,High
5669,54,4,1,29,45,6,6,7,14,8,10,10.8,9,7,6,7,0.04,6,9,6,94,3,9,7,Medium
5670,28,5,0,70,43,9,7,6,18,7,8,13.0,9,7,7,7,0.51,3,6,6,132,3,4,7,Medium
5671,38,5,2,65,36,5,3,8,10,3,6,15.8,6,7,3,6,0.35,6,3,8,105,5,7,7,Medium
5672,47,9,3,88,39,7,9,9,14,8,10,17.8,7,7,8,9,0.51,8,10,8,138,2,7,7,High
5673,53,7,7,77,36,8,7,8,16,8,7,12.6,7,7,7,9,1.0,8,9,7,139,2,10,9,High
5674,20,2,1,50,36,3,1,4,10,5,7,5.2,4,2,4,6,-0.13,2,1,5,83,7,3,5,Low
5675,37,5,1,52,36,5,6,6,8,6,8,13.4,5,6,6,8,0.22,4,2,5,103,5,6,4,Medium
5676,48,10,3,100,38,9,10,9,21,10,9,19.2,8,7,7,6,0.44,7,9,9,128,1,7,7,High
5677,31,1,1,64,38,6,1,3,10,4,4,4.7,4,3,1,7,-0.5,4,3,2,106,10,4,6,Low
5678,53,7,0,73,36,7,9,9,16,7,10,19.2,7,8,8,9,0.74,9,7,9,134,1,10,9,High
5679,42,4,2,71,47,7,7,7,8,2,4,11.8,8,4,4,5,0.15,9,9,10,120,5,8,5,Medium
5680,33,7,2,53,32,6,4,6,12,6,6,10.2,6,8,7,8,0.7,6,4,4,103,4,7,7,Medium
5681,37,2,1,76,37,8,3,5,11,3,7,12.0,5,5,5,5,0.01,6,5,5,128,5,5,7,Medium
5682,43,9,4,89,46,6,5,10,9,7,8,13.6,8,7,4,9,0.58,6,5,5,119,3,5,7,Medium
5683,49,7,3,86,47,9,10,9,17,9,8,18.8,8,8,9,8,0.85,7,6,9,170,2,10,10,High
5684,38,8,2,79,39,4,9,6,13,4,8,9.1,6,5,2,4,0.0,9,1,5,109,4,6,7,Medium
5685,53,8,2,78,42,9,8,10,16,8,8,17.3,7,9,8,8,1.0,8,8,6,159,0,8,7,High
5686,29,5,2,61,35,9,3,5,22,6,5,7.5,8,5,7,7,0.25,5,4,7,127,2,2,6,Medium
5687,26,3,0,40,30,5,4,4,9,4,6,4.6,7,8,2,3,-0.34,4,7,5,90,4,2,5,Low
5688,23,2,1,59,31,7,3,4,2,1,6,4.1,4,5,3,6,0.07,6,5,4,85,8,3,7,Low
5689,45,5,2,78,39,7,4,6,16,5,9,10.6,8,7,6,5,0.14,6,8,6,119,2,10,8,Medium
5690,46,9,6,71,37,7,8,8,16,10,9,12.8,9,9,6,6,0.21,8,7,7,136,3,8,8,High
5691,42,5,4,59,43,5,2,6,15,7,5,10.0,5,8,6,6,0.72,5,6,5,130,5,7,8,Medium
5692,44,7,2,76,30,8,6,7,10,6,7,14.3,6,4,3,7,0.6,7,7,8,113,6,5,9,Medium
5693,41,9,1,77,43,6,6,9,12,6,7,8.1,9,7,6,4,0.0,6,5,10,125,5,5,9,Medium
5694,40,5,1,63,43,6,4,4,7,6,5,16.4,7,3,8,6,0.15,6,6,7,129,1,5,9,Medium
5695,44,5,1,73,38,8,6,6,14,6,7,14.3,8,6,6,7,0.05,6,7,8,70,6,5,4,Medium
5696,51,10,5,72,32,10,10,10,13,8,10,19.4,10,8,10,9,0.75,4,10,10,138,0,8,7,High
5697,46,5,0,48,42,6,8,6,12,4,6,10.9,5,7,4,8,0.32,3,5,7,120,5,6,7,Medium
5698,37,5,2,72,34,5,6,8,15,8,8,7.1,4,7,8,9,0.58,6,4,5,99,4,6,4,Medium
5699,34,4,1,40,25,3,1,3,5,4,5,5.9,5,7,4,3,-0.24,2,6,6,88,9,6,4,Low
5700,62,9,5,83,51,7,10,6,21,8,8,15.3,10,9,6,9,1.0,7,9,10,151,5,7,7,High
5701,52,6,2,86,44,7,5,6,14,9,8,16.8,8,4,7,8,0.48,7,7,4,135,6,6,7,Medium
5702,38,6,1,46,39,6,3,9,10,7,3,13.2,5,5,4,4,0.19,7,5,2,90,0,2,5,Low
5703,46,5,2,100,43,7,4,6,8,7,5,16.0,8,8,7,6,0.41,9,7,10,111,2,10,8,Medium
5704,42,7,4,82,34,6,7,6,7,7,8,9.1,7,7,6,6,0.43,7,5,5,90,5,6,6,Medium
5705,35,6,3,78,39,6,7,8,9,4,4,11.7,3,7,5,8,0.11,5,7,4,122,5,4,6,Medium
5706,31,7,1,94,35,7,5,6,16,5,8,13.4,6,9,5,10,0.44,5,6,5,96,4,4,7,Medium
5707,46,9,3,69,43,8,7,9,13,8,9,18.1,10,10,9,8,1.0,8,8,9,133,0,7,9,High
5708,23,3,0,47,34,1,2,4,11,7,5,7.4,5,3,3,3,0.25,3,8,1,95,8,3,7,Low
5709,40,7,4,100,44,9,7,9,16,10,7,16.1,8,9,7,9,0.66,8,9,8,142,4,6,8,High
5710,44,8,2,69,42,6,6,5,9,4,6,10.0,9,8,6,7,0.46,7,6,7,117,2,9,4,Medium
5711,48,6,1,75,49,8,5,7,17,8,5,15.7,6,7,6,8,0.15,7,5,3,117,9,6,7,Medium
5712,49,7,1,84,41,6,5,8,12,9,4,16.4,7,7,6,4,0.44,8,9,6,129,5,5,6,Medium
5713,41,5,4,65,36,7,4,8,16,7,4,11.5,8,6,6,8,0.43,8,7,6,118,5,8,7,Medium
5714,44,9,3,90,44,10,8,9,15,7,9,22.4,10,7,8,10,0.69,10,6,8,124,2,7,7,High
5715,32,8,2,70,33,7,2,6,11,7,6,7.3,5,6,4,7,0.11,10,5,4,104,8,6,5,Medium
5716,40,6,0,57,41,4,5,7,12,7,6,10.3,6,10,4,5,0.2,6,7,7,123,4,8,6,Medium
5717,44,6,0,56,39,6,6,10,8,6,6,14.7,7,8,6,5,0.04,4,7,4,109,7,6,4,Medium
5718,42,8,4,95,38,9,5,7,17,8,8,12.7,8,7,8,10,0.34,8,8,10,156,4,7,9,High
5719,39,2,2,75,35,8,6,7,9,5,10,11.2,7,7,6,7,0.67,3,5,7,133,3,4,5,Medium
5720,42,8,3,87,41,10,7,9,17,8,7,20.5,7,10,7,8,0.86,6,5,10,122,4,10,10,High
5721,43,8,3,58,49,8,5,7,15,7,7,13.9,8,8,5,7,0.14,10,6,7,111,7,5,8,Medium
5722,34,3,0,28,36,4,4,4,4,5,4,3.4,4,6,1,5,0.24,6,2,5,88,8,8,3,Low
5723,47,5,2,84,50,7,6,6,13,7,7,12.1,5,8,6,6,0.38,4,7,8,111,2,8,4,Medium
5724,39,7,4,72,44,6,6,6,15,5,6,9.7,8,6,4,6,0.3,4,3,6,132,5,7,7,Medium
5725,46,6,1,100,37,6,5,4,13,8,8,9.2,7,5,5,6,0.58,5,5,5,134,6,8,7,Medium
5726,38,6,3,39,40,6,5,2,10,5,4,7.0,5,1,2,3,-0.5,5,7,1,78,5,8,5,Low
5727,53,7,5,85,46,10,8,7,15,7,10,17.1,8,8,8,7,0.89,8,9,5,148,2,8,7,High
5728,44,8,5,100,41,6,8,9,20,10,7,17.3,9,10,8,10,0.59,4,10,7,157,2,10,9,High
5729,64,10,5,70,33,9,7,6,19,7,8,20.4,7,7,9,9,1.0,10,8,7,124,1,8,9,High
5730,22,5,2,22,39,5,1,5,10,8,3,12.7,6,5,1,6,-0.5,4,3,4,85,10,1,5,Low
5731,25,3,1,32,27,7,3,2,12,5,2,11.4,4,6,5,5,0.18,6,4,2,81,5,4,3,Low
5732,38,2,3,67,30,5,2,5,5,3,5,9.4,5,5,2,6,-0.05,5,6,5,103,9,7,5,Low
5733,56,10,4,79,54,7,8,9,20,8,8,14.0,9,9,8,9,0.75,10,6,7,116,1,7,8,High
5734,51,9,4,85,35,9,8,10,19,10,8,15.0,10,8,9,7,0.59,6,7,7,117,1,7,10,High
5735,46,4,4,62,40,6,3,9,15,8,5,12.8,6,6,1,7,0.31,7,8,5,116,3,4,9,Medium
5736,19,5,2,72,36,7,4,1,5,9,8,5.8,2,4,4,7,0.18,2,4,3,84,5,2,4,Low
5737,37,8,1,100,43,5,4,2,9,8,6,12.6,7,9,8,7,-0.41,5,9,8,145,2,8,5,Medium
5738,26,3,1,100,31,5,6,6,19,6,8,15.0,6,4,8,3,0.06,7,8,9,105,6,7,5,Medium
5739,38,6,0,68,47,7,7,8,10,7,8,9.8,7,7,8,8,0.16,6,6,5,136,9,6,7,Medium
5740,48,6,3,82,36,7,6,7,14,5,5,2.0,8,4,7,7,0.13,4,6,6,147,0,6,7,Medium
5741,49,8,6,71,46,8,9,8,16,10,8,19.2,8,9,5,8,0.65,8,8,9,157,3,10,9,High
5742,28,4,2,45,32,6,2,5,6,5,3,7.6,3,2,4,3,-0.5,7,3,3,65,9,1,6,Low
5743,32,2,1,26,27,7,4,3,8,5,6,9.4,2,6,5,3,-0.19,6,3,4,86,7,8,2,Low
5744,59,7,4,97,45,10,8,7,18,9,5,12.0,10,8,9,9,0.82,9,9,10,136,5,10,8,High
5745,39,6,0,39,45,5,5,8,11,6,5,9.5,5,8,8,6,0.2,9,8,9,120,4,4,7,Medium
5746,32,2,0,60,38,3,3,4,5,4,5,7.1,7,3,4,5,-0.27,4,6,5,88,5,3,4,Low
5747,41,4,1,39,29,3,4,2,10,3,4,6.0,9,4,3,2,0.02,4,4,3,75,6,3,5,Low
5748,25,5,1,84,24,5,1,7,6,3,2,7.9,3,4,5,5,0.01,2,4,5,102,8,5,3,Low
5749,42,7,3,69,48,7,6,4,10,5,6,12.7,3,8,5,9,0.26,8,6,5,113,5,4,7,Medium
5750,60,9,3,84,52,6,7,8,18,8,8,12.4,10,10,9,7,0.56,10,9,9,148,1,10,9,High
5751,45,5,1,61,42,6,5,7,11,8,7,12.2,7,5,5,4,0.57,5,8,8,134,4,6,5,Medium
5752,50,8,1,83,45,7,5,8,15,5,7,8.6,6,6,7,10,0.2,5,6,6,159,3,7,6,Medium
5753,31,6,2,80,35,7,6,6,11,7,5,13.6,8,7,5,6,0.04,5,6,5,102,2,6,8,Medium
5754,52,5,1,88,33,7,8,8,14,6,8,8.5,8,9,5,7,-0.4,7,6,4,128,4,7,9,Medium
5755,70,9,4,80,34,8,8,7,14,8,7,16.1,10,7,8,6,0.83,9,6,7,142,1,7,8,High
5756,56,9,6,86,41,7,10,9,24,9,5,13.6,9,6,8,8,0.78,9,10,7,147,3,9,10,High
5757,38,3,0,66,35,4,3,4,6,3,5,8.9,7,5,5,2,-0.29,5,4,9,60,9,10,6,Low
5758,63,9,7,86,48,9,10,10,7,9,9,13.4,9,9,8,10,0.58,8,9,9,154,3,10,8,High
5759,43,4,3,44,55,6,3,5,9,9,6,11.6,7,9,1,7,0.07,4,6,5,115,5,5,7,Medium
5760,58,8,2,74,40,7,6,10,17,9,8,20.5,8,8,6,10,0.52,8,9,9,120,3,8,10,High
5761,29,2,2,100,42,5,4,6,17,7,6,13.5,5,6,6,8,0.36,4,7,6,112,4,5,6,Medium
5762,33,8,3,100,49,5,9,9,17,9,10,24.0,8,6,8,9,0.67,8,6,9,160,4,8,6,High
5763,45,10,2,87,44,8,7,8,14,8,8,15.5,8,9,6,9,0.82,8,8,10,149,3,7,8,High
5764,46,3,1,60,42,6,4,8,13,7,4,10.7,7,4,6,4,0.48,8,8,7,114,3,4,6,Medium
5765,47,7,0,98,42,8,3,6,12,7,7,11.1,8,4,5,7,0.7,8,6,3,133,3,7,5,Medium
5766,47,8,4,93,40,7,9,4,19,9,8,12.4,9,10,7,8,0.5,10,8,8,122,2,9,10,High
5767,52,8,2,100,41,9,8,10,21,9,7,19.6,9,9,9,8,0.6,7,6,9,131,0,6,9,High
5768,46,3,1,60,39,5,5,5,12,7,4,5.6,5,2,2,1,-0.07,7,2,2,88,10,7,3,Low
5769,48,7,5,100,51,9,9,9,19,9,10,12.2,8,9,4,9,0.23,6,5,8,100,1,8,9,High
5770,26,7,4,62,31,6,5,9,12,5,6,13.2,7,7,9,4,0.02,8,5,9,120,3,8,7,Medium
5771,29,6,3,79,40,2,1,3,9,3,4,8.9,6,4,5,1,0.19,3,6,3,72,8,3,2,Low
5772,41,8,1,60,47,9,5,7,12,7,10,12.8,7,6,4,10,0.37,3,4,5,106,2,2,5,Medium
5773,36,5,1,77,40,6,7,5,8,6,6,14.2,6,7,6,5,-0.17,7,7,6,95,6,6,7,Medium
5774,46,7,2,84,49,9,6,7,22,9,7,15.5,10,7,7,9,0.32,9,5,7,136,2,10,9,High
5775,40,6,3,77,45,5,1,7,8,6,8,13.2,8,4,6,9,0.14,5,6,3,111,5,3,3,Medium
5776,51,10,2,94,45,10,9,10,9,8,9,15.9,8,7,7,8,0.89,7,7,9,130,2,10,9,High
5777,24,5,2,64,37,5,3,4,7,7,7,8.6,5,4,5,7,-0.14,3,3,1,127,9,6,6,Low
5778,40,8,2,77,41,7,5,9,13,8,7,14.7,6,5,3,7,0.08,5,7,5,117,1,6,8,Medium
5779,40,7,2,85,36,7,5,6,16,5,9,17.2,4,6,4,4,0.25,3,7,7,112,7,8,6,Medium
5780,42,6,0,85,34,8,8,6,16,6,7,10.3,6,8,5,5,-0.16,7,8,4,94,4,7,7,Medium
5781,26,1,3,63,29,5,5,2,9,2,6,6.7,4,5,4,2,0.1,6,2,2,89,5,2,5,Low
5782,30,2,1,49,30,3,3,5,11,5,4,6.6,6,2,5,1,-0.23,5,3,3,89,2,3,3,Low
5783,38,4,5,85,44,4,6,5,12,8,7,14.8,7,6,6,7,0.29,7,5,7,136,6,5,4,Medium
5784,43,7,3,62,31,6,3,6,16,4,7,15.5,6,6,5,5,0.32,5,5,6,124,2,7,6,Medium
5785,46,6,3,54,39,9,6,8,11,6,8,15.7,8,7,9,6,0.37,7,6,4,120,3,8,8,Medium
5786,41,5,2,81,30,7,4,7,10,5,7,14.9,10,7,5,7,0.12,7,5,5,103,2,2,4,Medium
5787,54,9,4,69,49,9,7,10,18,9,9,19.5,7,9,7,7,0.62,7,7,8,116,2,7,10,High
5788,49,7,2,95,38,10,9,10,19,10,8,18.3,10,9,9,9,0.83,8,7,8,128,1,8,9,High
5789,34,5,1,85,44,6,6,9,12,6,6,13.3,9,4,6,6,0.32,3,4,6,126,4,6,5,Medium
5790,41,4,2,79,32,9,5,5,14,5,7,18.2,5,5,5,7,0.16,6,8,4,110,4,6,7,Medium
5791,27,4,0,62,32,5,4,5,11,7,5,3.5,5,6,2,5,-0.22,6,1,2,99,10,7,2,Low
5792,50,8,2,100,35,9,7,10,20,10,9,20.5,9,7,10,7,0.58,7,10,5,150,0,8,10,High
5793,35,6,3,60,35,6,4,2,7,5,4,13.5,5,5,3,6,-0.26,6,6,6,105,12,5,4,Low
5794,41,6,3,51,41,6,5,7,13,8,9,12.0,7,7,7,6,0.09,6,8,4,123,5,5,9,Medium
5795,44,6,2,90,35,7,7,10,15,5,6,14.1,2,8,8,8,0.39,5,9,6,118,3,4,4,Medium
5796,38,7,3,91,48,5,5,9,17,9,8,12.0,5,6,4,7,-0.05,7,10,4,108,5,5,5,Medium
5797,33,5,0,57,30,2,3,2,2,7,7,9.2,4,3,5,4,0.2,5,2,5,97,7,4,6,Low
5798,56,10,3,73,37,8,9,9,14,10,8,14.8,10,7,6,8,0.8,9,9,9,119,4,9,9,High
5799,37,2,2,62,43,5,2,5,14,2,3,10.2,6,6,4,9,0.38,8,4,1,80,5,5,4,Low
5800,37,6,2,82,51,7,6,5,9,6,8,12.3,5,6,8,5,0.06,9,3,7,125,7,2,8,Medium
5801,23,4,0,52,33,1,3,4,9,5,6,3.2,6,6,6,4,-0.16,4,3,7,90,8,4,4,Low
5802,27,5,1,30,31,2,4,3,7,1,5,10.0,3,4,5,6,-0.08,3,4,2,85,4,5,2,Low
5803,47,9,2,73,37,8,9,8,19,8,7,18.8,9,8,8,9,0.84,8,10,7,161,2,7,10,High
5804,24,7,1,63,40,3,3,4,4,6,7,9.3,6,4,4,4,-0.16,1,7,2,92,5,4,4,Low
5805,41,8,3,67,44,7,7,8,15,10,9,12.9,9,9,7,6,0.72,6,6,7,158,3,8,7,High
5806,42,7,2,58,44,7,5,6,14,6,5,14.1,6,8,4,7,-0.12,8,7,4,100,3,6,6,Medium
5807,23,4,1,56,30,5,3,6,5,8,8,10.4,7,7,1,4,0.2,6,7,3,91,10,3,3,Low
5808,44,9,4,88,51,9,9,7,9,8,8,19.2,9,7,10,9,0.89,10,6,9,125,0,7,10,High
5809,44,6,2,67,40,7,5,6,15,6,6,7.7,4,8,9,6,-0.01,5,6,6,116,5,7,6,Medium
5810,37,7,2,79,42,8,9,10,15,8,8,16.6,8,9,10,8,0.67,8,10,8,168,4,10,7,High
5811,35,5,2,78,32,4,6,5,12,6,6,2.9,4,6,3,2,-0.39,6,1,5,88,10,1,8,Low
5812,40,10,4,99,43,8,8,8,21,8,8,12.4,9,10,9,9,0.75,6,6,9,127,2,8,7,High
5813,24,6,1,48,29,4,1,5,8,5,4,9.2,5,5,5,4,-0.18,9,3,3,80,9,6,10,Low
5814,44,6,1,61,33,7,6,6,12,8,6,7.0,6,5,9,7,-0.17,8,5,5,121,2,7,5,Medium
5815,59,8,3,96,39,9,10,8,20,10,6,18.8,8,9,9,9,0.97,7,9,7,150,3,8,6,High
5816,41,10,2,77,51,8,8,10,14,7,8,18.2,7,10,10,8,0.78,10,8,8,135,3,8,9,High
5817,60,7,5,100,39,8,9,6,15,9,7,16.0,8,8,8,7,0.77,9,7,7,151,1,7,10,High
5818,59,8,5,95,53,8,9,9,10,8,9,20.6,8,7,10,10,0.84,6,9,9,118,0,6,9,High
5819,57,8,4,88,44,7,7,8,17,9,7,12.7,9,8,8,10,0.35,8,7,9,129,4,10,9,High
5820,37,2,1,44,43,4,5,5,5,3,5,5.8,6,4,4,3,-0.5,5,7,1,91,8,3,5,Low
5821,47,6,4,60,37,6,4,5,12,5,5,12.8,6,5,6,8,0.23,8,7,6,94,3,6,9,Medium
5822,36,5,2,73,39,6,6,7,12,5,9,15.7,6,3,5,7,0.15,6,4,8,136,3,5,8,Medium
5823,31,4,1,67,41,8,6,8,13,4,6,13.9,6,7,3,7,0.35,5,6,1,121,4,5,4,Medium
5824,46,5,2,63,40,7,4,5,11,5,6,15.5,3,6,6,5,0.09,8,6,7,141,5,10,5,Medium
5825,47,7,3,79,30,7,6,8,13,6,7,8.8,4,6,4,7,0.25,7,4,6,130,4,5,9,Medium
5826,28,4,0,61,35,1,1,6,4,4,5,7.9,5,2,8,3,-0.29,3,7,6,88,6,2,6,Low
5827,43,6,1,81,41,7,6,8,12,5,6,10.8,8,4,5,6,0.37,8,5,6,115,5,4,7,Medium
5828,34,5,0,65,27,5,1,2,11,6,8,4.2,3,3,4,6,0.21,3,6,7,116,6,4,6,Low
5829,50,8,2,100,47,7,4,6,12,6,4,9.8,10,5,5,7,0.46,5,6,7,95,5,3,5,Medium
5830,36,6,3,85,44,7,7,7,13,4,6,18.1,7,10,5,9,0.09,6,5,6,139,2,5,7,Medium
5831,40,8,4,78,38,9,6,10,21,9,8,21.7,7,9,9,8,0.57,9,9,7,134,0,8,8,High
5832,53,9,2,100,39,10,10,10,17,8,7,17.1,10,10,7,9,0.66,9,8,6,147,0,9,7,High
5833,35,5,1,73,40,9,5,5,7,6,6,16.5,7,9,6,5,-0.19,5,7,7,124,4,8,10,Medium
5834,32,4,0,27,32,2,4,7,13,5,3,11.7,6,6,1,3,-0.37,4,6,1,111,5,8,5,Low
5835,39,6,2,76,44,6,6,6,16,6,4,10.2,9,7,5,6,0.16,4,6,6,113,4,4,6,Medium
5836,37,5,2,76,28,6,3,5,4,4,3,7.6,5,3,5,4,-0.1,2,4,5,84,11,2,7,Low
5837,42,9,1,93,48,4,4,6,14,7,7,13.8,9,6,4,7,0.48,7,4,9,133,5,10,9,Medium
5838,33,5,2,64,43,9,5,9,10,7,10,11.7,5,9,4,7,0.54,3,7,6,102,4,9,7,Medium
5839,32,2,0,42,24,6,5,6,9,6,3,7.2,4,6,3,9,0.25,6,3,6,94,7,3,3,Low
5840,56,9,3,78,35,6,6,4,16,8,8,12.6,7,7,3,6,-0.06,9,8,7,109,5,5,7,Medium
5841,55,8,2,94,40,9,9,8,14,9,7,17.1,7,8,7,7,0.93,6,10,8,147,4,7,8,High
5842,56,7,1,79,35,8,10,9,15,9,9,17.0,8,7,8,8,0.76,9,8,8,139,3,7,9,High
5843,35,6,3,60,32,9,6,7,13,4,7,12.2,5,7,5,8,0.08,8,9,5,122,1,5,7,Medium
5844,15,5,0,62,28,6,4,3,7,2,1,12.9,5,5,5,1,-0.2,5,3,4,100,6,4,7,Low
5845,21,5,1,45,39,8,2,4,8,5,3,7.4,5,6,4,4,-0.5,4,4,7,96,5,5,5,Low
5846,43,6,3,69,42,6,5,7,10,6,8,10.8,7,6,6,4,0.07,7,4,7,88,1,10,6,Medium
5847,55,10,6,84,37,8,5,8,16,8,10,20.3,10,8,9,9,0.66,10,9,9,140,3,10,7,High
5848,25,1,0,76,33,6,5,8,4,2,5,10.2,6,6,4,5,-0.28,1,3,4,78,10,3,7,Low
5849,48,9,3,77,48,7,8,9,19,8,7,14.8,8,7,7,8,0.83,8,9,7,152,2,9,7,High
5850,30,4,2,55,26,3,6,2,3,4,4,10.0,4,4,3,4,-0.13,5,4,5,105,8,5,3,Low
5851,51,8,5,85,47,9,9,8,17,9,8,20.5,9,9,9,8,0.93,9,10,9,137,4,6,8,High
5852,36,6,1,86,44,6,5,9,14,10,5,8.7,9,8,8,5,0.15,6,4,6,104,1,6,7,Medium
5853,46,9,1,61,33,9,7,7,14,8,8,15.7,7,10,8,9,0.51,6,7,4,115,5,9,9,High
5854,42,4,2,57,34,5,5,6,15,6,5,13.2,10,4,6,8,0.1,4,8,4,142,3,5,8,Medium
5855,41,4,3,92,39,8,6,7,9,6,8,10.4,8,8,8,7,0.22,7,6,7,127,2,6,7,Medium
5856,27,5,1,54,30,5,2,2,6,1,4,7.3,2,8,4,3,0.15,4,5,4,73,6,6,5,Low
5857,29,6,1,86,31,8,2,4,11,2,9,8.4,6,9,4,5,-0.22,3,4,3,86,6,3,5,Low
5858,48,8,6,98,43,8,10,10,21,10,9,18.8,9,9,5,7,0.58,7,8,7,178,2,10,7,High
5859,45,9,5,80,42,7,8,7,24,8,9,17.2,7,9,7,8,0.51,9,6,6,156,3,10,7,High
5860,50,6,1,100,27,7,10,9,16,10,8,17.5,10,6,8,9,0.93,10,8,9,129,2,9,7,High
5861,31,6,3,75,40,7,6,7,9,4,5,9.8,5,7,3,3,0.45,7,4,5,112,2,8,5,Medium
5862,50,8,4,73,30,9,9,10,20,7,7,22.5,10,9,6,9,0.46,10,7,9,136,2,7,7,High
5863,45,4,1,22,37,5,4,3,13,4,3,2.5,6,2,2,3,0.06,5,1,3,92,15,4,3,Low
5864,51,2,1,73,38,5,7,7,13,7,8,16.3,7,4,7,3,-0.03,8,6,5,114,4,8,8,Medium
5865,45,4,1,88,38,6,6,8,12,5,5,10.6,3,8,7,5,-0.23,8,5,5,109,4,5,5,Medium
5866,29,4,1,57,44,10,3,8,16,4,5,14.6,9,7,6,7,-0.12,7,7,6,163,2,7,8,Medium
5867,36,7,2,61,39,7,6,7,17,6,10,11.7,6,7,3,8,0.47,6,3,6,132,2,6,3,Medium
5868,26,4,0,44,40,6,4,5,4,2,4,7.3,4,4,3,7,-0.12,4,6,4,102,8,4,4,Low
5869,33,5,1,96,39,7,3,5,16,6,5,13.4,7,7,8,7,0.26,9,6,7,103,7,7,5,Medium
5870,49,8,4,83,49,8,9,10,12,10,10,19.3,8,9,9,8,0.63,8,9,8,168,5,9,10,High
5871,28,5,4,62,43,8,7,5,11,5,5,12.7,8,7,5,7,0.37,7,6,8,97,7,7,6,Medium
5872,37,5,1,53,39,5,4,4,7,5,7,6.3,7,4,3,4,0.28,1,3,2,63,6,3,4,Low
5873,29,7,1,78,36,7,2,4,6,5,6,2.5,5,5,5,4,0.28,4,2,6,77,3,5,1,Low
5874,36,5,2,75,37,4,6,7,14,6,6,14.7,8,6,3,10,0.2,5,4,4,105,5,5,7,Medium
5875,42,9,3,67,35,10,7,4,14,6,6,9.0,10,8,6,6,0.29,5,7,9,106,5,8,8,Medium
5876,40,7,2,70,34,5,4,6,8,8,8,15.1,6,6,7,6,0.18,5,7,4,119,6,5,6,Medium
5877,35,6,3,54,32,8,5,8,11,5,5,11.7,4,8,5,8,0.32,9,5,8,118,5,6,7,Medium
5878,42,5,2,68,54,6,7,8,12,6,6,10.8,6,5,7,7,0.15,8,7,8,127,4,5,6,Medium
5879,53,5,0,66,42,8,7,7,13,6,8,11.8,7,4,4,4,0.29,7,6,5,141,7,5,7,Medium
5880,55,9,0,86,44,9,8,7,12,9,9,19.4,9,7,6,10,0.47,9,5,7,143,0,9,9,High
5881,57,9,0,61,49,5,4,6,6,6,8,9.8,8,9,8,8,0.43,8,4,7,108,6,4,7,Medium
5882,37,4,2,90,42,7,8,8,12,9,7,10.1,6,9,5,6,0.35,6,6,8,96,2,5,6,Medium
5883,55,10,5,84,37,7,6,9,14,6,7,14.1,7,4,6,8,0.85,9,8,7,143,5,7,8,High
5884,24,4,1,72,40,3,3,4,8,2,6,8.6,6,6,1,4,-0.37,3,5,4,95,7,1,6,Low
5885,17,1,2,74,31,5,4,4,14,6,4,11.3,3,7,4,3,-0.26,4,1,6,84,8,6,4,Low
5886,57,8,0,82,38,8,7,10,20,8,8,20.7,9,9,8,8,0.95,8,10,9,167,1,6,9,High
5887,47,3,1,34,39,6,8,7,13,7,3,15.9,4,6,3,5,0.67,5,7,6,131,3,6,7,Medium
5888,46,4,2,63,48,5,5,6,11,6,8,11.8,4,8,5,6,0.82,6,5,7,125,1,3,6,Medium
5889,25,4,2,62,32,1,5,1,4,6,7,8.6,1,7,1,7,0.3,5,4,8,83,10,1,2,Low
5890,49,8,4,80,49,6,6,7,12,5,6,14.7,6,6,5,5,0.31,3,3,6,123,2,6,7,Medium
5891,43,5,3,51,37,6,3,5,15,5,7,13.7,5,7,7,6,0.32,3,6,7,108,5,7,8,Medium
5892,30,7,0,47,32,5,3,6,2,4,4,12.9,5,6,4,4,0.28,5,2,6,113,2,8,2,Low
5893,43,5,5,88,39,6,5,6,10,7,6,4.7,6,7,6,7,0.68,5,4,4,115,0,3,7,Medium
5894,40,6,2,40,36,8,6,8,16,7,6,10.5,8,6,5,3,0.1,9,5,7,142,4,6,5,Medium
5895,48,4,3,96,40,8,6,8,7,5,5,3.1,6,8,8,8,-0.29,7,7,5,102,7,5,6,Medium
5896,23,4,2,80,39,7,2,5,8,5,4,12.2,8,5,3,4,0.09,2,3,4,82,2,1,5,Low
5897,18,7,1,45,32,6,2,5,7,3,8,7.8,5,3,4,3,-0.25,5,4,3,104,9,8,5,Low
5898,43,2,1,83,42,5,6,7,10,6,4,9.2,7,6,9,7,0.27,5,6,4,92,0,5,9,Medium
5899,40,6,1,26,46,3,4,4,6,2,3,5.5,7,5,5,7,-0.28,6,8,1,98,8,6,3,Low
5900,48,9,2,83,44,7,7,10,13,10,10,18.5,7,8,9,8,0.58,7,7,7,147,3,8,7,High
5901,26,3,0,58,43,5,5,5,10,2,4,9.7,4,3,3,1,-0.22,6,1,2,98,2,1,2,Low
5902,39,6,2,74,36,4,6,8,6,7,7,10.8,7,4,8,8,0.14,6,6,7,90,2,10,6,Medium
5903,31,4,0,48,40,6,3,5,8,8,4,2.4,3,4,1,4,-0.45,4,5,2,81,5,4,4,Low
5904,32,8,4,63,37,8,5,8,13,5,5,11.1,6,4,9,5,0.21,7,8,5,128,1,7,4,Medium
5905,55,10,2,61,42,7,6,9,13,8,9,18.9,8,8,9,8,0.92,8,9,10,127,2,7,8,High
5906,33,2,0,40,44,8,2,3,7,6,2,6.9,8,6,5,6,0.18,4,7,6,106,7,8,5,Low
5907,42,10,5,99,49,9,9,9,16,8,8,16.9,9,8,9,9,0.64,7,9,9,156,1,9,8,High
5908,44,4,2,83,43,8,6,6,17,10,7,16.5,6,7,10,7,0.22,6,6,3,98,4,7,7,Medium
5909,46,8,4,85,39,9,8,6,20,8,8,13.1,10,8,8,10,0.58,9,10,8,131,1,10,8,High
5910,39,8,2,76,44,10,7,7,10,7,7,7.4,6,7,8,6,0.37,6,1,6,117,6,6,8,Medium
5911,39,10,4,71,36,10,10,9,21,10,10,20.9,9,7,8,7,0.51,6,7,9,134,0,6,10,High
5912,42,8,0,74,49,8,6,7,8,6,8,11.9,5,7,8,6,0.48,6,7,4,128,8,7,6,Medium
5913,37,7,0,94,37,8,5,7,7,7,6,14.2,6,5,3,4,-0.09,3,7,8,116,3,6,6,Medium
5914,37,5,2,65,34,6,5,1,9,6,6,8.5,7,3,2,8,0.31,5,2,1,86,7,1,1,Low
5915,27,6,1,47,42,2,2,3,5,6,8,5.3,6,3,5,5,-0.09,3,3,5,80,7,3,1,Low
5916,44,8,4,100,46,7,8,8,14,5,10,17.1,8,7,6,9,0.7,7,6,7,131,2,7,8,High
5917,52,6,2,71,44,8,6,10,16,6,7,9.2,6,6,7,6,0.11,6,4,7,117,4,7,8,Medium
5918,41,5,3,50,34,3,8,6,8,6,5,15.5,5,7,5,5,0.22,5,9,6,86,8,8,7,Medium
5919,42,10,3,89,41,8,9,10,16,7,9,20.7,10,10,8,8,0.49,8,7,9,143,1,7,10,High
5920,45,6,1,72,47,7,5,6,10,6,5,10.9,5,6,9,7,0.51,5,4,6,86,4,6,5,Medium
5921,39,7,2,100,39,10,10,8,19,7,8,12.4,9,6,7,10,0.8,6,9,9,147,2,8,7,High
5922,59,8,4,75,42,9,9,9,15,9,7,14.5,9,8,10,9,0.92,9,9,8,144,0,8,7,High
5923,34,4,1,72,34,6,5,9,6,7,4,11.9,8,4,7,5,-0.18,7,6,10,106,3,8,7,Medium
5924,49,7,3,92,48,8,7,9,18,7,7,20.3,10,8,9,9,0.79,8,9,7,144,3,7,10,High
5925,37,5,0,65,36,3,2,2,7,3,3,9.6,4,7,6,4,-0.22,5,3,4,104,8,7,7,Low
5926,33,8,1,79,45,4,5,7,10,5,6,11.9,8,8,5,6,0.1,5,7,8,118,3,6,5,Medium
5927,24,6,1,85,44,6,5,4,13,6,8,21.0,6,5,4,5,0.6,7,7,9,102,0,3,6,Medium
5928,29,6,2,72,37,7,3,6,10,8,6,17.3,4,6,4,9,0.69,7,2,6,111,3,5,5,Medium
5929,47,7,5,100,32,8,9,8,9,6,9,17.1,9,10,6,9,0.53,8,7,8,132,2,9,10,High
5930,65,9,4,100,42,10,7,8,17,9,9,14.7,8,8,8,5,1.0,5,8,8,136,2,8,10,High
5931,40,6,0,77,41,4,5,8,14,10,6,10.0,7,9,6,7,0.08,8,6,6,110,3,5,7,Medium
5932,31,5,0,68,41,5,5,7,13,4,5,11.9,6,6,4,6,-0.25,8,6,8,111,8,8,5,Medium
5933,53,9,1,75,45,10,6,8,20,8,8,15.2,10,8,8,8,0.82,8,10,8,134,3,6,8,High
5934,34,3,1,94,44,4,8,10,14,5,4,11.9,8,8,4,6,0.48,5,6,4,106,6,7,9,Medium
5935,38,7,3,90,41,7,5,8,13,8,6,13.3,7,5,6,8,0.36,6,7,6,123,3,5,8,Medium
5936,45,6,2,100,38,5,5,6,12,5,5,9.9,8,7,6,6,0.58,5,5,9,129,8,5,7,Medium
5937,47,8,5,92,39,9,9,10,15,5,10,17.3,8,9,7,8,1.0,7,7,9,144,5,7,10,High
5938,42,8,1,58,33,5,5,8,20,9,7,9.9,3,8,3,6,0.51,7,6,7,125,6,5,7,Medium
5939,54,8,5,99,48,8,5,6,14,10,9,11.1,7,9,6,8,0.64,8,9,10,133,4,8,8,High
5940,48,7,4,81,31,9,10,9,20,10,10,17.7,10,8,10,10,0.74,6,10,8,152,2,6,10,High
5941,36,7,0,87,50,7,2,5,12,6,7,5.6,8,8,5,9,0.5,7,7,1,125,3,4,6,Medium
5942,43,7,2,75,36,8,9,6,15,6,6,11.9,10,7,7,9,0.0,7,3,6,147,1,6,6,Medium
5943,32,7,2,73,42,9,8,9,16,9,8,14.4,8,8,9,8,1.0,8,6,8,140,3,6,7,High
5944,35,8,0,79,34,2,6,8,6,8,5,15.2,9,5,6,5,-0.33,10,8,8,92,2,4,6,Medium
5945,56,10,3,73,45,9,6,8,20,10,10,15.8,7,10,7,9,0.64,9,8,10,148,0,10,9,High
5946,64,7,5,66,48,8,10,8,20,8,8,16.9,9,10,8,8,0.96,9,9,10,151,3,9,6,High
5947,50,4,1,64,51,6,5,7,12,7,6,12.1,7,7,4,4,0.37,3,8,5,114,5,7,6,Medium
5948,43,8,5,79,36,6,8,10,16,8,8,12.0,8,8,7,9,0.94,7,7,9,138,3,8,9,High
5949,50,7,1,66,34,8,8,10,24,9,9,17.1,7,10,7,6,0.82,6,9,8,145,3,5,7,High
5950,54,9,5,100,46,10,7,9,16,9,8,16.1,7,8,10,9,0.91,6,7,10,158,1,9,9,High
5951,36,5,0,77,39,8,7,6,11,9,3,13.1,4,6,7,7,0.28,9,5,7,126,3,5,5,Medium
5952,40,4,1,64,22,6,4,4,8,4,1,10.4,5,5,6,2,0.46,8,5,2,113,10,4,6,Low
5953,44,7,3,73,49,10,6,9,13,6,6,14.4,5,6,1,9,0.25,7,6,6,100,5,6,7,Medium
5954,46,7,2,46,43,6,6,6,11,6,7,12.1,8,5,3,5,0.21,4,7,6,120,8,5,5,Medium
5955,43,6,1,57,42,9,7,9,10,6,7,16.1,7,7,2,4,-0.21,6,7,9,103,4,6,6,Medium
5956,43,10,1,98,44,10,7,8,18,10,8,15.4,8,10,8,6,0.81,8,8,8,175,4,8,7,High
5957,32,7,4,69,36,6,7,4,11,9,7,5.9,6,2,5,7,0.32,7,7,7,115,1,8,5,Medium
5958,36,6,2,65,37,5,6,8,10,6,9,9.9,5,7,3,7,0.45,5,6,8,132,3,5,5,Medium
5959,32,4,2,82,31,6,4,4,6,6,6,8.8,4,4,3,4,-0.39,2,6,3,101,8,3,4,Low
5960,47,8,4,100,39,9,6,8,18,8,9,15.0,6,8,7,8,0.74,10,8,6,136,3,7,8,High
5961,36,6,4,76,44,7,3,4,13,7,3,11.8,6,4,6,5,0.59,7,8,4,91,7,6,5,Medium
5962,36,5,1,58,41,5,3,7,12,7,7,10.9,10,8,6,7,0.42,7,3,5,120,4,5,3,Medium
5963,42,6,2,83,40,7,1,6,13,7,7,6.3,7,3,6,5,0.06,6,5,10,105,5,6,8,Medium
5964,65,7,4,84,42,7,8,10,21,10,8,16.8,10,9,9,8,0.5,9,7,7,131,1,10,7,High
5965,53,6,2,41,36,4,3,4,8,5,9,12.2,6,7,4,10,0.64,4,7,9,115,10,3,5,Medium
5966,35,6,3,52,49,5,7,5,16,7,9,11.3,6,5,4,7,-0.26,5,7,7,110,6,6,4,Medium
5967,48,9,3,73,44,8,7,9,19,9,8,18.2,9,8,6,10,0.64,7,9,6,133,3,10,8,High
5968,62,8,4,95,37,8,6,9,15,8,9,17.4,9,9,8,10,0.68,10,7,8,147,2,7,7,High
5969,35,7,4,81,41,9,7,10,19,9,6,14.5,10,6,10,9,0.79,10,8,6,167,3,6,10,High
5970,38,7,3,64,36,7,2,9,13,5,6,10.1,10,5,6,7,-0.25,5,9,7,116,4,7,3,Medium
5971,29,7,1,82,41,4,6,7,9,6,7,14.6,7,8,8,5,-0.01,6,6,7,124,6,6,6,Medium
5972,48,8,3,82,36,10,6,9,16,8,10,17.2,8,8,9,8,0.54,8,8,9,134,3,7,9,High
5973,35,3,4,67,45,6,6,4,11,9,6,8.8,5,3,8,6,-0.21,4,8,9,112,5,7,7,Medium
5974,51,7,3,73,44,9,10,10,16,8,10,20.9,8,8,7,9,0.82,7,10,8,152,3,10,7,High
5975,49,6,2,68,35,7,5,6,15,7,5,12.5,5,5,6,7,0.22,3,6,7,113,9,6,3,Medium
5976,49,7,0,64,36,8,4,8,14,7,8,13.6,4,8,6,7,0.54,8,5,7,115,3,5,6,Medium
5977,27,6,1,42,37,7,5,6,5,2,5,6.1,4,6,6,7,0.13,4,4,3,98,9,2,4,Low
5978,42,8,3,82,46,6,1,7,10,10,7,11.2,9,3,7,7,0.41,9,6,9,121,6,4,5,Medium
5979,31,2,0,81,39,3,3,2,8,3,4,7.0,4,1,3,6,-0.16,5,4,6,92,3,7,2,Low
5980,34,3,1,67,33,5,4,6,8,4,4,7.4,5,8,2,3,-0.15,5,4,5,95,6,5,3,Low
5981,51,9,2,98,48,10,10,9,14,10,8,14.6,10,10,4,9,0.29,6,10,8,130,0,7,8,High
5982,52,6,1,72,35,7,6,7,8,6,7,14.3,6,9,3,7,0.47,8,7,3,118,2,6,8,Medium
5983,44,6,0,74,38,6,3,6,13,8,9,9.5,6,5,4,6,-0.01,8,2,10,105,4,6,8,Medium
5984,60,7,5,90,31,9,10,10,15,8,9,18.0,6,7,9,10,0.94,6,5,7,155,0,8,9,High
5985,41,5,4,66,34,7,6,8,14,6,7,11.2,6,6,4,5,0.65,5,8,3,108,3,8,6,Medium
5986,35,3,1,10,30,1,3,3,2,6,5,5.1,7,6,4,7,-0.2,3,7,5,109,4,8,4,Low
5987,39,7,3,100,46,10,8,8,13,10,8,21.4,7,8,7,7,0.64,10,9,6,144,4,6,9,High
5988,41,3,1,99,38,6,6,8,12,7,8,7.9,8,6,4,6,0.35,5,5,9,127,5,8,6,Medium
5989,51,8,3,70,56,10,6,7,21,7,9,20.9,9,9,9,7,0.78,8,9,5,130,1,7,9,High
5990,45,10,5,86,40,9,10,8,18,9,9,15.5,9,9,9,8,1.0,9,10,6,133,1,9,9,High
5991,68,8,4,88,50,8,7,7,20,7,10,16.8,9,9,8,8,0.74,8,8,10,161,3,9,8,High
5992,42,5,2,53,43,8,6,6,17,7,5,4.0,5,5,9,4,0.0,6,5,6,107,6,7,7,Medium
5993,44,6,4,55,40,6,6,4,11,5,9,9.7,7,8,5,6,-0.46,8,5,7,143,4,5,7,Medium
5994,42,6,3,79,40,6,7,8,9,7,8,11.2,7,7,7,8,0.22,7,3,8,124,2,6,7,Medium
5995,22,4,2,0,34,7,4,4,4,7,6,7.9,2,5,3,7,0.08,4,5,4,88,4,3,5,Low
5996,58,10,5,93,46,8,7,9,13,8,7,24.9,7,8,7,9,0.87,7,9,5,124,0,10,6,High
5997,34,3,2,82,36,3,2,5,7,4,6,6.3,5,4,4,1,-0.21,6,7,1,60,7,2,4,Low
5998,50,10,1,70,45,9,7,10,9,6,4,13.9,7,9,6,4,0.35,7,6,9,118,1,7,4,Medium
5999,58,10,4,83,49,9,6,9,13,8,9,15.5,9,8,9,9,0.45,7,7,9,123,1,5,10,High
6000,46,6,2,80,31,5,6,4,9,6,9,7.9,6,6,6,9,0.68,3,8,7,103,2,5,5,Medium
